iata_code,name,latitude_deg,longitude_deg,type,country,country_zh,iso,city,city_alt,kw
UTK,Utirik Airport,11.222219,169.851429,small_airport,Marshall Is.,马绍尔群岛,MH,Utirik Island,,
OCA,Ocean Reef Club Airport,25.325399,-80.274803,medium_airport,United States of America,美国,US,Key Largo,,
NUP,Nunapitchuk Airport,60.905591,-162.440454,small_airport,United States of America,美国,US,Nunapitchuk,,
BYW,Blakely Island Airport,48.579162,-122.823844,small_airport,United States of America,美国,US,Blakely Island,,
ATT,Atmautluak Airport,60.866699,-162.272996,small_airport,United States of America,美国,US,Atmautluak,,08AK
PDB,Pedro Bay Airport,59.796925,-154.129994,small_airport,United States of America,美国,US,Pedro Bay,,AK04
KOZ,Ouzinkie Airport,57.942094,-152.464314,small_airport,United States of America,美国,US,Ouzinkie,,
TNK,Tununak Airport,60.569638,-165.246649,small_airport,United States of America,美国,US,Tununak,,AK45
MNT,Minto Al Wright Airport,65.147991,-149.368658,small_airport,United States of America,美国,US,Minto,,
WKK,Aleknagik / New Airport,59.2826004028,-158.617996216,medium_airport,United States of America,美国,US,Aleknagik,,
CWS,Center Island Airport,48.490046,-122.831612,small_airport,United States of America,美国,US,Center Island,,
TEK,Tatitlek Airport,60.871449,-146.690297,small_airport,United States of America,美国,US,Tatitlek,,AK47
SSW,Stuart Island Airpark,48.673379,-123.175439,small_airport,United States of America,美国,US,Friday Harbor,,
WDN,Waldron Airstrip,48.71141,-123.018208,small_airport,United States of America,美国,US,Eastsound,,Waldronaire
CHU,Chuathbaluk Airport,61.579102,-159.216003,small_airport,United States of America,美国,US,Chuathbaluk,,
WTL,Tuntutuliak Airport,60.351243,-162.654476,small_airport,United States of America,美国,US,Tuntutuliak,,AK61
TWA,Twin Hills Airport,59.074713,-160.274992,small_airport,United States of America,美国,US,Twin Hills,,AK63
KCQ,Chignik Lake Airport,56.255001,-158.774994,small_airport,United States of America,美国,US,Chignik Lake,,AK79
BBQ,Burton-Nibbs International Airport,17.621194,-61.798347,medium_airport,Antigua and Barb.,安提瓜和巴布达,AG,Codrington,,"Barbuda International Airport, New Barbuda Airport"
AKS,Gwaunaru'u Airport,-8.70257,160.682007,small_airport,Solomon Is.,所罗门群岛,SB,Auki,,
BNY,Bellona/Anua Airport,-11.302222222200001,159.798333333,small_airport,Solomon Is.,所罗门群岛,SB,Anua,,
CHY,Choiseul Bay Airport,-6.711944,156.396111,small_airport,Solomon Is.,所罗门群岛,SB,Choiseul Bay,,
BAS,Ballalae Airport,-6.990745,155.886656,small_airport,Solomon Is.,所罗门群岛,SB,Ballalae,,
FRE,Fera/Maringe Airport,-8.1075,159.576996,small_airport,Solomon Is.,所罗门群岛,SB,Fera Island,,Santa Isabel Islands
HIR,Honiara International Airport,-9.428,160.054993,large_airport,Solomon Is.,所罗门群岛,SB,Honiara,,Henderson Field
IRA,Ngorangora Airport,-10.449700355500001,161.897994995,small_airport,Solomon Is.,所罗门群岛,SB,Kirakira,,
SCZ,Santa Cruz/Graciosa Bay/Luova Airport,-10.7203,165.794998,small_airport,Solomon Is.,所罗门群岛,SB,Santa Cruz/Graciosa Bay/Luova,,
MUA,Munda Airport,-8.32797,157.263,medium_airport,Solomon Is.,所罗门群岛,SB,Munda,,
GZO,Nusatupe Airport,-8.09778022766,156.863998413,small_airport,Solomon Is.,所罗门群岛,SB,Gizo,,
MNY,Mono Airport,-7.41694,155.565002,small_airport,Solomon Is.,所罗门群岛,SB,Stirling Island,,
RNL,Rennell/Tingoa Airport,-11.55,160.062778,small_airport,Solomon Is.,所罗门群岛,SB,Rennell Island,,
NNB,Santa Ana Airport,-10.847994,162.454108,small_airport,Solomon Is.,所罗门群岛,SB,Santa Ana Island,,
RUS,Marau Airport,-9.86167,160.824997,small_airport,Solomon Is.,所罗门群岛,SB,Marau,,
VAO,Suavanao Airport,-7.58556,158.731003,small_airport,Solomon Is.,所罗门群岛,SB,Suavanao,,
XYA,Yandina Airport,-9.092816,159.21841,small_airport,Solomon Is.,所罗门群岛,SB,Yandina,,
KGE,Kaghau Airport,-7.3305,157.585,small_airport,Solomon Is.,所罗门群岛,SB,Kagau Island,,Kagau Island
MHM,Manaoba Airport,-8.325008,160.80051,small_airport,Solomon Is.,所罗门群岛,SB,Manaoba,,
GTA,Gatokae Aerodrome,-8.738358,158.202836,small_airport,Solomon Is.,所罗门群岛,SB,Gatokae,,
RBV,Ramata Airport,-8.168060302734375,157.64300537109375,small_airport,Solomon Is.,所罗门群岛,SB,Ramata,,
INU,Nauru International Airport,-0.547893,166.919525,medium_airport,Nauru,瑙鲁,NR,Yaren,,"Nauru, Yaren District, Naero"
GYZ,Gruyere Airport,-28.034548,123.81506,small_airport,Australia,澳大利亚,AU,Cosmo Newbery,,
WSI,Western Sydney International (Nancy-Bird Walton) Airport,-33.883461,150.712981,large_airport,Australia,澳大利亚,AU,Sydney,,Badgerys Creek
AXF,Alxa Left Banner Bayanhot Airport,38.748317,105.58416,medium_airport,China,中华人民共和国,CN,Bayanhot,,
VMU,Baimuru Airport,-7.496955,144.821756,medium_airport,Papua New Guinea,巴布亚新几内亚,PG,Baimuru,,
BUA,Buka Airport,-5.422299,154.672698,medium_airport,Papua New Guinea,巴布亚新几内亚,PG,Buka Island,,
OPU,Balimo Airport,-8.05000019073,142.932998657,medium_airport,Papua New Guinea,巴布亚新几内亚,PG,Balimo,,
CMU,Chimbu Airport,-6.024290084838867,144.9709930419922,medium_airport,Papua New Guinea,巴布亚新几内亚,PG,Kundiawa,,
DAU,Daru Airport,-9.08676,143.207993,medium_airport,Papua New Guinea,巴布亚新几内亚,PG,Daru,,
BOT,Bosset Airport,-7.237257,141.1063222,small_airport,Papua New Guinea,巴布亚新几内亚,PG,Bosset,,Boset
GKA,Goroka Airport,-6.081689834590001,145.391998291,medium_airport,Papua New Guinea,巴布亚新几内亚,PG,Goronka,,
GUR,Gurney Airport,-10.3114995956,150.333999634,medium_airport,Papua New Guinea,巴布亚新几内亚,PG,Gurney,,
PNP,Girua Airport,-8.80453968048,148.309005737,medium_airport,Papua New Guinea,巴布亚新几内亚,PG,Popondetta,,
GMI,Gasmata Island Airport,-6.27111005783,150.330993652,small_airport,Papua New Guinea,巴布亚新几内亚,PG,Gasmata Island,,
HKN,Hoskins Airport,-5.463846,150.407327,medium_airport,Papua New Guinea,巴布亚新几内亚,PG,Kimbe,,
KIE,Aropa Airport,-6.305727,155.728249,small_airport,Papua New Guinea,巴布亚新几内亚,PG,Kieta,,
LSA,Losuia Airport,-8.505820274353027,151.08099365234375,small_airport,Papua New Guinea,巴布亚新几内亚,PG,Losuia,,Formerly Kiriwina Airport
UNG,Kiunga Airport,-6.1257100105285645,141.28199768066406,small_airport,Papua New Guinea,巴布亚新几内亚,PG,Kiunga,,
KRI,Kikori Airport,-7.42438,144.250076,small_airport,Papua New Guinea,巴布亚新几内亚,PG,Kikori,,
KMA,Kerema Airport,-7.96361017227,145.770996094,medium_airport,Papua New Guinea,巴布亚新几内亚,PG,Kerema,,
KVG,Kavieng Airport,-2.57940006256,150.807998657,medium_airport,Papua New Guinea,巴布亚新几内亚,PG,Kavieng,,
LNV,Londolovit Airport,-3.04361009598,152.628997803,small_airport,Papua New Guinea,巴布亚新几内亚,PG,Londolovit,,"Lihir Island, Kunaye"
MAG,Madang Airport,-5.20707988739,145.789001465,medium_airport,Papua New Guinea,巴布亚新几内亚,PG,Madang,,
HGU,Mount Hagen Kagamuga Airport,-5.828212,144.299412,medium_airport,Papua New Guinea,巴布亚新几内亚,PG,Mount Hagen,,
MDU,Mendi Airport,-6.14774,143.656998,medium_airport,Papua New Guinea,巴布亚新几内亚,PG,Mendi,,
MAS,Momote Airport,-2.06189,147.423996,medium_airport,Papua New Guinea,巴布亚新几内亚,PG,Manus Island,,
MXH,Moro Airport,-6.36332988739,143.238006592,small_airport,Papua New Guinea,巴布亚新几内亚,PG,Moro,,
MIS,Misima Island Airport,-10.689200401299999,152.837997437,small_airport,Papua New Guinea,巴布亚新几内亚,PG,Misima Island,,
LAE,Nadzab Tomodachi International Airport,-6.567995,146.726544,large_airport,Papua New Guinea,巴布亚新几内亚,PG,Lae,,MFO
OBX,Obo Airport,-7.590622421369999,141.324262619,small_airport,Papua New Guinea,巴布亚新几内亚,PG,Obo,,
POM,Port Moresby Jacksons International Airport,-9.443380355834961,147.22000122070312,large_airport,Papua New Guinea,巴布亚新几内亚,PG,Port Moresby,,
TDS,Sasereme Airport,-7.6217,142.868,small_airport,Papua New Guinea,巴布亚新几内亚,PG,Sasereme,,
TIZ,Tari Airport,-5.845,142.947998,small_airport,Papua New Guinea,巴布亚新几内亚,PG,Tari,,
TBG,Tabubil Airport,-5.280471,141.227576,small_airport,Papua New Guinea,巴布亚新几内亚,PG,Tabubil,,
TPI,Tapini Airport,-8.35666666667,146.989166667,small_airport,Papua New Guinea,巴布亚新几内亚,PG,Tapini,,
RAB,Tokua Airport,-4.34046,152.380005,medium_airport,Papua New Guinea,巴布亚新几内亚,PG,Kokopo,,
TFI,Tufi Airport,-9.07595443726,149.319839478,small_airport,Papua New Guinea,巴布亚新几内亚,PG,Tufi,,
VAI,Vanimo Airport,-2.6926,141.3028,medium_airport,Papua New Guinea,巴布亚新几内亚,PG,Vanimo,,
WBM,Wapenamanda Airport,-5.635293,143.892231,medium_airport,Papua New Guinea,巴布亚新几内亚,PG,Wapenamanda,,
WWK,Wewak International Airport,-3.58383011818,143.669006348,medium_airport,Papua New Guinea,巴布亚新几内亚,PG,Wewak,,
ZXT,Zabrat Airport,40.494884,49.977065,medium_airport,Azerbaijan,阿塞拜疆,AZ,Zabrat,,
BCW,Benguera Island Airport,-21.8533,35.438301,medium_airport,Mozambique,莫桑比克,MZ,Benguera Island,,
JAM,Bezmer Air Base,42.454899,26.3522,medium_airport,Bulgaria,保加利亚,BG,Bezmer,,LB44
JEG,Aasiaat Airport,68.721802,-52.784698,medium_airport,Greenland,格陵兰,GL,Aasiaat,,"Mittarfik Aasiaat, Aasiaat Lufthavn, Egedesminde"
CNP,Neerlerit Inaat Airport,70.743103,-22.650499,medium_airport,Greenland,格陵兰,GL,Neerlerit Inaat,,"Constable Point, Mittarfik Nerlerit Inaat, Constable Pynt Lufthavn"
GOH,Nuuk International Airport,64.191066,-51.67914,large_airport,Greenland,格陵兰,GL,Nuuk,,"Godthåb, Nuussuaq, Mittarfik Nuuk, Nuuk International"
JAV,Ilulissat Airport,69.243202,-51.057098,medium_airport,Greenland,格陵兰,GL,Ilulissat,,"Mittarfik Ilulissat, Ilulissat Lufthavn, Jakobshavn"
KUS,Kulusuk Airport,65.573601,-37.1236,medium_airport,Greenland,格陵兰,GL,Kulusuk,,"Kap Dan, BGKD"
JSU,Maniitsoq Airport,65.412498,-52.9394,small_airport,Greenland,格陵兰,GL,Maniitsoq,,"Mittarfik Maniitsoq, Sukkertoppen"
JFR,Paamiut Airport,62.014736,-49.670937,small_airport,Greenland,格陵兰,GL,Paamiut,,"Mittarfik Paamiut, Frederikshåb"
NAQ,Qaanaaq Airport,77.488602,-69.388702,medium_airport,Greenland,格陵兰,GL,Qaanaaq,,"Mittarfik Qaanaaq, Thule"
SFJ,Kangerlussuaq International Airport,67.010446,-50.715294,medium_airport,Greenland,格陵兰,GL,Kangerlussuaq,,"Bluie West 8, Sondrestrom Air Base, Sondrestromfjord Air Base"
JHS,Sisimiut Airport,66.951302,-53.729301,medium_airport,Greenland,格陵兰,GL,Sisimiut,,
THU,Pituffik Space Base,76.53063,-68.700541,medium_airport,Greenland,格陵兰,GL,Pituffik,,Thule Air Base
JUV,Upernavik Airport,72.790199,-56.1306,small_airport,Greenland,格陵兰,GL,Upernavik,,Mittarfik Upernavik
JQA,Qaarsut Airport,70.7342,-52.696201,small_airport,Greenland,格陵兰,GL,Uummannaq,,
AEY,Akureyri International Airport,65.656573,-18.072018,large_airport,Iceland,冰岛,IS,Akureyri,,
BIU,Bildudalur Airport,65.641296,-23.5462,medium_airport,Iceland,冰岛,IS,Bildudalur,,
EGS,Egilsstaðir Airport,65.2833023071289,-14.401399612426758,medium_airport,Iceland,冰岛,IS,Egilsstaðir,,
GRY,Grímsey Airport,66.5458,-18.0173,medium_airport,Iceland,冰岛,IS,Grímsey/Sandvík,,Sandvík
HFN,Hornafjörður Airport,64.295601,-15.2272,medium_airport,Iceland,冰岛,IS,Höfn,,
HZK,Húsavík Airport,65.952301,-17.426001,medium_airport,Iceland,冰岛,IS,Húsavík,,
IFJ,Ísafjörður Airport,66.058098,-23.1353,medium_airport,Iceland,冰岛,IS,Ísafjörður,,
KEF,Keflavik International Airport,63.985001,-22.6056,large_airport,Iceland,冰岛,IS,Reykjavík,,"Keflavik Naval Air Station, REK"
RKV,Reykjavík Domestic Airport,64.128732,-21.93759,medium_airport,Iceland,冰岛,IS,Reykjavík,,REK
MVA,Mývatn Airport,65.6558,-16.9181,medium_airport,Iceland,冰岛,IS,Myvatn,,Reykjahlíð
SIJ,Siglufjörður Airport,66.137847,-18.908157,medium_airport,Iceland,冰岛,IS,Siglufjörður,,
THO,Þórshöfn Airport,66.218459,-15.334739,small_airport,Iceland,冰岛,IS,Þórshöfn,,Thorshofn
VEY,Vestmannaeyjar Airport,63.42430114746094,-20.278900146484375,medium_airport,Iceland,冰岛,IS,Vestmannaeyjar,,
VPN,Vopnafjörður Airport,65.720596,-14.8506,medium_airport,Iceland,冰岛,IS,Vopnafjörður,,
PRN,Priština Adem Jashari International Airport,42.5728,21.035801,large_airport,Kosovo,科索沃,XK,Prishtina,,"LYPR, Pristina, Slatina Air Base"
CJZ,Pedro Vieira Moreira Airport,-6.8827,-38.61583,small_airport,Brazil,巴西,BR,Cajazeiras,,
VDC,Glauber de Andrade Rocha Airport,-14.907885,-40.914804,medium_airport,Brazil,巴西,BR,Vitória da Conquista,,SSVC
BTZ,Betong International Airport,5.79,101.15,medium_airport,Thailand,泰国,TH,Betong,,
TXC,Orsha Airport - Balbasovo Air Base,54.439999,30.2967,medium_airport,Belarus,白俄罗斯,BY,Orsha,,"Balbasava, Bolbasovo, Orsha Southwest"
BGK,Big Creek Airport,16.519369,-88.407913,small_airport,Belize,伯利兹,BZ,Big Creek,,
CUK,Caye Caulker Airport,17.735015,-88.032862,medium_airport,Belize,伯利兹,BZ,Caye Caulker,,
CYC,Caye Chapel Airport,17.683792,-88.044985,medium_airport,Belize,伯利兹,BZ,Caye Chapel,,
CZH,Corozal Airport,18.3822,-88.411903,medium_airport,Belize,伯利兹,BZ,Corozal,,Ranchito Airport
DGA,Dangriga Airport,16.98251,-88.230988,medium_airport,Belize,伯利兹,BZ,Dangriga,,Stann Creek Airport
INB,Independence Airport,16.53456,-88.441615,small_airport,Belize,伯利兹,BZ,Independence,,"Savannah, Mango Creek"
ORZ,H.E Alfredo Martinez (Tower Hill) Airstrip,18.046767,-88.583858,small_airport,Belize,伯利兹,BZ,Orange Walk,,Orange Walk Airport
PND,Punta Gorda Airport,16.1024,-88.808296,small_airport,Belize,伯利兹,BZ,Punta Gorda,,
SJX,Sartaneja Airport,18.3561,-88.130798,medium_airport,Belize,伯利兹,BZ,Sartaneja,,
SPR,John Greif II Airport,17.9139,-87.9711,medium_airport,Belize,伯利兹,BZ,San Pedro,,
TZA,Sir Barry Bowen Municipal Airport,17.517239,-88.195775,medium_airport,Belize,伯利兹,BZ,Belize City,,Belize City Municipal
BZB,Bazaruto Island Airport,-21.5411,35.4729,medium_airport,Mozambique,莫桑比克,MZ,Bazaruto Island,,
YZZ,Trail Regional Airport,49.055599,-117.609001,small_airport,Canada,加拿大,CA,Trail,,AD4
YAA,Anahim Lake Airport,52.451501,-125.303776,medium_airport,Canada,加拿大,CA,Anahim Lake,,AJ4
XQU,Qualicum Beach Airport,49.337456,-124.393086,medium_airport,Canada,加拿大,CA,Qualicum Beach,,AT4
YMP,Port McNeill Airport,50.57348,-127.027702,small_airport,Canada,加拿大,CA,Port McNeill,,AT5
YZA,Cache Creek-Ashcroft Regional Airport,50.775258,-121.321314,medium_airport,Canada,加拿大,CA,Cache Creek,,AZ5
ZEL,Bella Bella (Campbell Island) Airport,52.185001,-128.156994,medium_airport,Canada,加拿大,CA,Bella Bella,,BBC
YWM,Williams Harbour Airport,52.567377,-55.784883,small_airport,Canada,加拿大,CA,Williams Harbour,,
YSO,Postville Airport,54.9105,-59.78507,small_airport,Canada,加拿大,CA,Postville,,CD4
YBI,Black Tickle Airport,53.469836,-55.787501,small_airport,Canada,加拿大,CA,Black Tickle,,CE4
YHG,Charlottetown Airport,52.765774,-56.11237,small_airport,Canada,加拿大,CA,Charlottetown,,CH4
YFX,St. Lewis (Fox Harbour) Airport,52.372799,-55.673901,small_airport,Canada,加拿大,CA,St. Lewis,,CK4
YHA,Port Hope Simpson Airport,52.528099060058594,-56.28609848022461,small_airport,Canada,加拿大,CA,Port Hope Simpson,,CP4
YRG,Rigolet Airport,54.1796989440918,-58.45750045776367,small_airport,Canada,加拿大,CA,Rigolet,,CZ2
YLE,Whatì Airport,63.131699,-117.246002,small_airport,Canada,加拿大,CA,Whatì,,"EM3, Lac la Martre, Wha Ti"
SUR,Summer Beaver Airport,52.70859909057617,-88.54190063476562,small_airport,Canada,加拿大,CA,Summer Beaver,,JV7
CKD,Crooked Creek Airport,61.870315,-158.137636,small_airport,United States of America,美国,US,Crooked Creek,,
YAX,Wapekeka Airport,53.84920120239258,-89.57939910888672,small_airport,Canada,加拿大,CA,Angling Lake,,KB6
WNN,Wunnumin Lake Airport,52.893902,-89.2892,small_airport,Canada,加拿大,CA,Wunnumin Lake,,
YNO,North Spirit Lake Airport,52.4900016784668,-92.97109985351562,small_airport,Canada,加拿大,CA,North Spirit Lake,,KQ3
CKX,Chicken Airport,64.066495,-141.951342,small_airport,United States of America,美国,US,Chicken,,
BZX,Bazhong Enyang Airport,31.73842,106.644872,medium_airport,China,中华人民共和国,CN,Bazhong,,
HSC,Shaoguan Danxia Airport,24.9786,113.420998,medium_airport,China,中华人民共和国,CN,Shaoguan,,"Shaoguan Air Base, Shaoguan Guitou Airport"
JGS,Jinggangshan Airport,26.856899,114.737,medium_airport,China,中华人民共和国,CN,Ji'an,,"Tiahe Air Base, Ji'an Airport"
HNG,Hainanzhou Gonghe Airport,36.3367,100.480003,medium_airport,China,中华人民共和国,CN,Hainan,Hainan (Gonghe),Qabqa
JNH,Jiaxing Nanhu Airport,30.698056,120.663056,medium_airport,China,中华人民共和国,CN,"Xiuzhou, Hangzhou",,
WHN,Wuhan Hannan Municipal Airport,30.25521,114.062805,medium_airport,China,中华人民共和国,CN,Wuhan,Wuhan (Hannan),
DDR,Shigatse Tingri Airport,28.604567,86.798,medium_airport,China,中华人民共和国,CN,Xigazê,Xigazê (Dingri),Rikaze Dingri
HQL,Tashikuergan Hongqilafu Airport,37.661333,75.288877,medium_airport,China,中华人民共和国,CN,Tashikuergan,,
LSG,Leshan Airport,29.438627,103.749218,medium_airport,China,中华人民共和国,CN,Leshan,Leshan (Wutongqiao),
JDE,Jiande Qiandaohu General Airport,29.360905,119.180829,medium_airport,China,中华人民共和国,CN,Hangzhou,,
APJ,Ali Pulan Airport,30.397898,81.13317,medium_airport,China,中华人民共和国,CN,Burang Town,,
ZFL,Zhaosu Tianma Airport,43.088477,81.223013,small_airport,China,中华人民共和国,CN,Zhaosu,,
HJB,Hejing Bayinbuluke Airport,42.976395,83.995543,small_airport,China,中华人民共和国,CN,Hejing,,
JBK,Qitai Jiangbulake Airport,44.166086,89.55014,small_airport,China,中华人民共和国,CN,Qitai,,
ZAT,Zhaotong Zhaoyang Airport,27.205843,103.691511,medium_airport,China,中华人民共和国,CN,Zhaotong,,
BFY,Bengbu Tenghu Airport,33.166292,117.058344,medium_airport,China,中华人民共和国,CN,Bengbu,,蚌埠滕湖机场
XBE,Bearskin Lake Airport,53.965599060058594,-91.0271987915039,small_airport,Canada,加拿大,CA,Bearskin Lake,,NE3
YNP,Natuashish Airport,55.913898,-61.184399,small_airport,Canada,加拿大,CA,Natuashish,,NH2
KIF,Kingfisher Lake Airport,53.01250076293945,-89.85530090332031,small_airport,Canada,加拿大,CA,Kingfisher Lake,,NM5
LCR,Virgilio Barco Vargas (La Chorrera) Airport,-1.456361,-72.801086,small_airport,Colombia,哥伦比亚,CO,La Chorrera,,
KEW,Keewaywin Airport,52.9911,-92.836403,small_airport,Canada,加拿大,CA,Keewaywin,,
YKU,Chisasibi Airport,53.805599212646484,-78.91690063476562,small_airport,Canada,加拿大,CA,Chisasibi,,SU2
ZTB,Tête-à-la-Baleine Airport,50.674400329589844,-59.38359832763672,small_airport,Canada,加拿大,CA,Tête-à-la-Baleine,,TB6
ZGS,La Romaine Airport,50.259553,-60.674357,small_airport,Canada,加拿大,CA,Le Golfe-du-Saint-Laurent,,"Gethsemani, La Romaine"
ZLT,La Tabatière Airport,50.8307991027832,-58.97560119628906,small_airport,Canada,加拿大,CA,La Tabatière,,TU5
YAB,Arctic Bay Airport,73.006101,-85.04616,small_airport,Canada,加拿大,CA,Arctic Bay,,CJX7
YAC,Cat Lake Airport,51.7272,-91.824402,small_airport,Canada,加拿大,CA,Cat Lake,,
YAG,Fort Frances Municipal Airport,48.655749,-93.44349,medium_airport,Canada,加拿大,CA,Fort Frances,,
YAH,La Grande-4 Airport,53.754699707,-73.6753005981,medium_airport,Canada,加拿大,CA,La Grande-4,,YAH
YAL,Alert Bay Airport,50.582199,-126.916,small_airport,Canada,加拿大,CA,Alert Bay,,
YAM,Sault Ste Marie Airport,46.483216,-84.508467,medium_airport,Canada,加拿大,CA,Sault Ste Marie,,
XKS,Kasabonika Airport,53.52470016479492,-88.6427993774414,medium_airport,Canada,加拿大,CA,Kasabonika,,YAQ
YKG,Kangirsuk Airport,60.027199,-69.999199,small_airport,Canada,加拿大,CA,Kangirsuk,,YAS
YAT,Attawapiskat Airport,52.927502,-82.4319,small_airport,Canada,加拿大,CA,Attawapiskat,,
YAY,St. Anthony Airport,51.391909,-56.08321,medium_airport,Canada,加拿大,CA,St. Anthony,,
YAZ,Tofino / Long Beach Airport,49.079833,-125.775583,medium_airport,Canada,加拿大,CA,Tofino,,
YBB,Kugaaruk Airport,68.535711,-89.805508,small_airport,Canada,加拿大,CA,Kugaaruk,,"YBB, Pelly Bay Townsite Airport"
YBC,Baie-Comeau Airport,49.1325,-68.204399,medium_airport,Canada,加拿大,CA,Baie-Comeau,,
QBC,Bella Coola Airport,52.387501,-126.596001,medium_airport,Canada,加拿大,CA,Bella Coola,,YBD
YBE,Uranium City Airport,59.561401,-108.481003,small_airport,Canada,加拿大,CA,Uranium City,,
YBY,Bonnyville Airport,54.304199,-110.744003,medium_airport,Canada,加拿大,CA,Bonnyville,,YBF
YBG,Saguenay-Bagotville Airport,48.330123,-70.992012,medium_airport,Canada,加拿大,CA,Saguenay,,Bagotville Airport
YBK,Baker Lake Airport,64.29889678960001,-96.077796936,medium_airport,Canada,加拿大,CA,Baker Lake,,
YBL,Campbell River Airport,49.950802,-125.271004,medium_airport,Canada,加拿大,CA,Campbell River,,
XTL,Tadoule Lake Airport,58.706308,-98.511057,small_airport,Canada,加拿大,CA,Tadoule Lake,,YBQ
YBR,Brandon Municipal Airport,49.91,-99.951897,medium_airport,Canada,加拿大,CA,Brandon,,
YBT,Brochet Airport,57.8894,-101.679001,small_airport,Canada,加拿大,CA,Brochet,,
YBV,Berens River Airport,52.358898,-97.018303,small_airport,Canada,加拿大,CA,Berens River,,
YBX,Lourdes-de-Blanc-Sablon Airport,51.4436,-57.185299,medium_airport,Canada,加拿大,CA,Blanc-Sablon,,
YRF,Cartwright Airport,53.682501,-57.042303,small_airport,Canada,加拿大,CA,Cartwright,,YCA
YCB,Cambridge Bay Airport,69.1081008911,-105.138000488,medium_airport,Canada,加拿大,CA,Cambridge Bay,,
YCC,Cornwall Regional Airport,45.092637,-74.567724,medium_airport,Canada,加拿大,CA,Cornwall,,
YCD,Nanaimo Airport,49.05497,-123.869863,medium_airport,Canada,加拿大,CA,Nanaimo,,
YCE,Centralia / James T. Field Memorial Aerodrome,43.285599,-81.508301,medium_airport,Canada,加拿大,CA,Huron Park,,"RCAF Station Centralia, Huron Airpark"
YCG,Castlegar/West Kootenay Regional Airport,49.296398,-117.632004,medium_airport,Canada,加拿大,CA,Castlegar,,
YCH,Miramichi Airport,47.007801,-65.449203,medium_airport,Canada,加拿大,CA,Miramichi,,"CFB Chatham, RCAF Station Chatham"
YCL,Charlo Airport,47.990799,-66.330299,medium_airport,Canada,加拿大,CA,Charlo,,
YCN,Cochrane Airport,49.10559844970703,-81.01360321044922,medium_airport,Canada,加拿大,CA,Cochrane,,
YCO,Kugluktuk Airport,67.816408,-115.14307,small_airport,Canada,加拿大,CA,Kugluktuk,,Copper Mine Airport
YCQ,Chetwynd Airport,55.687198638916016,-121.62699890136719,medium_airport,Canada,加拿大,CA,Chetwynd,,
YCR,Cross Lake (Charlie Sinclair Memorial) Airport,54.609758,-97.762442,small_airport,Canada,加拿大,CA,Cross Lake,,
YCS,Chesterfield Inlet Airport,63.346901,-90.731102,small_airport,Canada,加拿大,CA,Chesterfield Inlet,,
YCY,Clyde River Airport,70.486099,-68.516701,small_airport,Canada,加拿大,CA,Clyde River,,
YDA,Dawson City Airport,64.04309844970703,-139.1280059814453,medium_airport,Canada,加拿大,CA,Dawson City,,
YDB,Burwash Airport,61.371101,-139.041,medium_airport,Canada,加拿大,CA,Burwash Landing,,
YDF,Deer Lake Airport,49.208159,-57.396147,medium_airport,Canada,加拿大,CA,Deer Lake,,
YDL,Dease Lake Airport,58.422199,-130.031998,small_airport,Canada,加拿大,CA,Dease Lake,,YDL
XRR,Ross River Airport,61.9706001282,-132.42300415,medium_airport,Canada,加拿大,CA,Ross River,,
YDN,Dauphin Barker Airport,51.1008,-100.052002,medium_airport,Canada,加拿大,CA,Dauphin,,
YDO,Dolbeau-Saint-Felicien Airport,48.7785,-72.375,medium_airport,Canada,加拿大,CA,Dolbeau-Saint-Felicien,,Dolbeau St Methode
YDP,Nain Airport,56.550778,-61.682224,small_airport,Canada,加拿大,CA,Nain,,
YDQ,Dawson Creek Airport,55.741245,-120.183263,medium_airport,Canada,加拿大,CA,Dawson Creek,,
YEG,Edmonton International Airport,53.3097,-113.580002,large_airport,Canada,加拿大,CA,Edmonton,,
YEK,Arviat Airport,61.0942,-94.070801,small_airport,Canada,加拿大,CA,Arviat,,
YEL,Elliot Lake Municipal Airport,46.351398468,-82.5614013672,medium_airport,Canada,加拿大,CA,Elliot Lake,,
YEM,Manitoulin East Municipal Airport,45.842435,-81.857595,medium_airport,Canada,加拿大,CA,Sheguiandah,,
YEN,Estevan Airport,49.2103004456,-102.966003418,medium_airport,Canada,加拿大,CA,Estevan,,YEN
YER,Fort Severn Airport,56.018902,-87.676102,small_airport,Canada,加拿大,CA,Fort Severn,,
YET,Edson Airport,53.578899383499994,-116.464996338,medium_airport,Canada,加拿大,CA,Edson,,
YEV,Inuvik Mike Zubko Airport,68.30419921880001,-133.483001709,medium_airport,Canada,加拿大,CA,Inuvik,,
YEY,Amos/Magny Airport,48.563903,-78.249702,medium_airport,Canada,加拿大,CA,Amos,,
YFA,Fort Albany Airport,52.203451,-81.695194,small_airport,Canada,加拿大,CA,Fort Albany,,
YFB,Iqaluit Airport,63.756402,-68.555801,medium_airport,Canada,加拿大,CA,Iqaluit,,Frobisher Bay Air Base
YFC,Fredericton International Airport,45.868697,-66.529891,medium_airport,Canada,加拿大,CA,Fredericton,,
YFE,Forestville Airport,48.74610137939453,-69.09719848632812,medium_airport,Canada,加拿大,CA,Forestville,,
YFH,Fort Hope Airport,51.561901,-87.907799,small_airport,Canada,加拿大,CA,Fort Hope,,
YTM,Mont-Tremblant International Airport,46.409401,-74.779999,medium_airport,Canada,加拿大,CA,La Macaza,,YFJ
YFO,Flin Flon Airport,54.678101,-101.681999,small_airport,Canada,加拿大,CA,Flin Flon,,
YFR,Fort Resolution Airport,61.1808013916,-113.690002441,medium_airport,Canada,加拿大,CA,Fort Resolution,,YFR
YFS,Fort Simpson Airport,61.76020050048828,-121.23699951171875,medium_airport,Canada,加拿大,CA,Fort Simpson,,
YMN,Makkovik Airport,55.077335,-59.187942,small_airport,Canada,加拿大,CA,Makkovik,,YFT
YGH,Fort Good Hope Airport,66.240658,-128.647757,small_airport,Canada,加拿大,CA,Fort Good Hope,,
YGK,Kingston Norman Rogers Airport,44.2253,-76.596901,medium_airport,Canada,加拿大,CA,Kingston,,
YGL,La Grande Rivière Airport,53.625301361083984,-77.7042007446289,medium_airport,Canada,加拿大,CA,La Grande Rivière,,
YGM,Gimli Industrial Park Airport,50.62810134887695,-97.04329681396484,medium_airport,Canada,加拿大,CA,Gimli,,
YGO,Gods Lake Narrows Airport,54.55768,-94.490061,small_airport,Canada,加拿大,CA,Gods Lake Narrows,,
YGP,Michel-Pouliot Gaspé Airport,48.774915,-64.481893,medium_airport,Canada,加拿大,CA,Gaspé,,
YGQ,Geraldton Greenstone Regional Airport,49.77830123901367,-86.93939971923828,medium_airport,Canada,加拿大,CA,Geraldton,,
YGR,Îles-de-la-Madeleine Airport,47.425242,-61.778612,medium_airport,Canada,加拿大,CA,Les Îles-de-la-Madeleine,,
YGT,Igloolik Airport,69.3647,-81.816101,small_airport,Canada,加拿大,CA,Igloolik,,
YGV,Havre-Saint-Pierre Airport,50.281898,-63.611401,medium_airport,Canada,加拿大,CA,Havre-Saint-Pierre,,
YGW,Kuujjuarapik Airport,55.281898498535156,-77.76529693603516,medium_airport,Canada,加拿大,CA,Kuujjuarapik,,
YGX,Gillam Airport,56.35712,-94.711504,small_airport,Canada,加拿大,CA,Gillam,,
YGZ,Grise Fiord Airport,76.425823,-82.908583,small_airport,Canada,加拿大,CA,Grise Fiord,,
YQC,Quaqtaq Airport,61.046398,-69.617798,small_airport,Canada,加拿大,CA,Quaqtaq,,YHA
YHD,Dryden Regional Airport,49.831699,-92.744202,medium_airport,Canada,加拿大,CA,Dryden,,
YHF,Hearst René Fontaine Municipal Airport,49.71419906616211,-83.68609619140625,medium_airport,Canada,加拿大,CA,Hearst,,
YNS,Nemiscau Airport,51.691101,-76.135597,small_airport,Canada,加拿大,CA,Nemiscau,,YHH
YHI,Ulukhaktok Holman Airport,70.762802,-117.806,small_airport,Canada,加拿大,CA,Ulukhaktok,,
YHK,Gjoa Haven Airport,68.635597,-95.849701,small_airport,Canada,加拿大,CA,Gjoa Haven,,
YHM,John C. Munro Hamilton International Airport,43.171308,-79.929416,large_airport,Canada,加拿大,CA,Hamilton,,Mount Hope Airport
YHN,Hornepayne Municipal Airport,49.19309997558594,-84.75890350341797,medium_airport,Canada,加拿大,CA,Hornepayne,,
YHO,Hopedale Airport,55.448757,-60.228124,small_airport,Canada,加拿大,CA,Hopedale,,CC5
YHP,Poplar Hill Airport,52.1133,-94.2556,small_airport,Canada,加拿大,CA,Poplar Hill,,
YHR,Chevery Airport,50.468322,-59.637823,small_airport,Canada,加拿大,CA,Chevery,,
YHT,Haines Junction Airport,60.7892,-137.546005,medium_airport,Canada,加拿大,CA,Haines Junction,,
YHU,Montréal / Saint-Hubert Metropolitan Airport,45.517502,-73.416901,medium_airport,Canada,加拿大,CA,Montréal,,
YHY,Hay River / Merlyn Carter Airport,60.8396987915,-115.782997131,medium_airport,Canada,加拿大,CA,Hay River,,
YHZ,Halifax / Stanfield International Airport,44.8807983398,-63.5085983276,large_airport,Canada,加拿大,CA,Halifax,,Robert L. Stanfield International Airport
YIB,Atikokan Municipal Airport,48.773899,-91.638603,medium_airport,Canada,加拿大,CA,Atikokan,,
YDG,Digby / Annapolis Regional Airport,44.5458450365,-65.7854247093,medium_airport,Canada,加拿大,CA,Digby,,YID
YIF,St Augustin Airport,51.2117,-58.658298,medium_airport,Canada,加拿大,CA,St-Augustin,,Pakuashipi Airport
YIK,Ivujivik Airport,62.417301,-77.925301,small_airport,Canada,加拿大,CA,Ivujivik,,
YIO,Pond Inlet Airport,72.689494,-77.968941,small_airport,Canada,加拿大,CA,Pond Inlet,,
YIV,Island Lake Airport,53.857200622558594,-94.65360260009766,medium_airport,Canada,加拿大,CA,Island Lake,,
YJF,Fort Liard Airport,60.235801696799996,-123.46900177,medium_airport,Canada,加拿大,CA,Fort Liard,,YJF
YJN,St Jean Airport,45.29439926147461,-73.28109741210938,medium_airport,Canada,加拿大,CA,St Jean,,
YKA,Kamloops John Moose Fulton Field Regional Airport,50.703038,-120.448641,medium_airport,Canada,加拿大,CA,Kamloops,,Fulton
LAK,Aklavik/Freddie Carmichael Airport,68.223297,-135.00599,small_airport,Canada,加拿大,CA,Aklavik,,YKD
YKF,Region of Waterloo International Airport,43.4608,-80.378601,medium_airport,Canada,加拿大,CA,Breslau,,"Breslau, Kitchener, Waterloo, Cambridge, YKF"
YWB,Kangiqsujuaq (Wakeham Bay) Airport,61.5886,-71.929398,small_airport,Canada,加拿大,CA,Kangiqsujuaq,,
YKJ,Key Lake Airport,57.256099700927734,-105.61799621582031,medium_airport,Canada,加拿大,CA,Key Lake,,
YKL,Schefferville Airport,54.805301666259766,-66.8052978515625,medium_airport,Canada,加拿大,CA,Schefferville,,
YKD,Kincardine Municipal Airport,44.201401,-81.606697,medium_airport,Canada,加拿大,CA,Kincardine,,"NS7, CNS7"
AKV,Akulivik Airport,60.8186,-78.148598,small_airport,Canada,加拿大,CA,Akulivik,,YKO
YOG,Ogoki Post Airport,51.6585998535,-85.9017028809,small_airport,Canada,加拿大,CA,Ogoki Post,,NT3
YKQ,Waskaganish Airport,51.473301,-78.758301,small_airport,Canada,加拿大,CA,Waskaganish,,
YKX,Kirkland Lake Airport,48.21030044555664,-79.98139953613281,medium_airport,Canada,加拿大,CA,Kirkland Lake,,
YKY,Kindersley Airport,51.5175018311,-109.180999756,medium_airport,Canada,加拿大,CA,Kindersley,,YKY
YPJ,Aupaluk Airport,59.2967,-69.599701,small_airport,Canada,加拿大,CA,Aupaluk,,YLA
YLC,Kimmirut Airport,62.848253,-69.877853,small_airport,Canada,加拿大,CA,Kimmirut,,Lake Harbour
YLD,Chapleau Airport,47.81999969482422,-83.3467025756836,medium_airport,Canada,加拿大,CA,Chapleau,,
YLH,Lansdowne House Airport,52.195599,-87.934196,small_airport,Canada,加拿大,CA,Lansdowne House,,
YLJ,Meadow Lake Airport,54.125301361083984,-108.52300262451172,medium_airport,Canada,加拿大,CA,Meadow Lake,,
YSG,Lutselk'e Airport,62.417823,-110.682793,small_airport,Canada,加拿大,CA,Lutselk'e,,"YLK, EL3, Snowdrift Airport"
YLL,Lloydminster Airport,53.3092,-110.072998,medium_airport,Canada,加拿大,CA,Lloydminster,,
YLR,Leaf Rapids Airport,56.513301849365234,-99.98529815673828,medium_airport,Canada,加拿大,CA,Leaf Rapids,,
YLK,Barrie-Lake Simcoe Regional Airport,44.485056,-79.554663,medium_airport,Canada,加拿大,CA,Barrie,,"NB9, CNB9, Oro Station"
YLT,Alert Airport,82.517263,-62.283037,medium_airport,Canada,加拿大,CA,Alert,,YLT
XGR,Kangiqsualujjuaq (Georges River) Airport,58.711399,-65.992798,small_airport,Canada,加拿大,CA,Kangiqsualujjuaq,,YLU
YLW,Kelowna International Airport,49.9561,-119.377998,large_airport,Canada,加拿大,CA,Kelowna,,"Kelowna, Okanagan"
YMA,Mayo Airport,63.61640167236328,-135.8679962158203,medium_airport,Canada,加拿大,CA,Mayo,,
YME,Matane Airport,48.85689926147461,-67.45330047607422,medium_airport,Canada,加拿大,CA,Matane,,
YMG,Manitouwadge Airport,49.083900451660156,-85.86060333251953,medium_airport,Canada,加拿大,CA,Manitouwadge,,
YMH,Mary's Harbour Airport,52.302837,-55.847433,small_airport,Canada,加拿大,CA,Mary's Harbour,,
YMJ,Moose Jaw Air Vice Marshal C. M. McEwen Airport,50.330299377441406,-105.55899810791016,medium_airport,Canada,加拿大,CA,Moose Jaw,,CFB Moose Jaw
YML,Charlevoix Airport,47.59749984741211,-70.2238998413086,medium_airport,Canada,加拿大,CA,Charlevoix,,
YMM,Fort McMurray International Airport,56.653301,-111.222,medium_airport,Canada,加拿大,CA,Fort McMurray,,
YMO,Moosonee Airport,51.291099548339844,-80.60780334472656,medium_airport,Canada,加拿大,CA,Moosonee,,
YMT,Chapais Airport,49.77190017700195,-74.5280990600586,medium_airport,Canada,加拿大,CA,Chibougamau,,
YUD,Umiujaq Airport,56.536098,-76.518303,small_airport,Canada,加拿大,CA,Umiujaq,,YMU
YMX,Montreal Mirabel International Airport,45.679501,-74.038696,medium_airport,Canada,加拿大,CA,Montréal,,YMQ
YNA,Natashquan Airport,50.190114,-61.78898,medium_airport,Canada,加拿大,CA,Natashquan,,
YNC,Wemindji Airport,53.010601,-78.8311,small_airport,Canada,加拿大,CA,Wemindji,,
YND,Ottawa / Gatineau Airport,45.521702,-75.563599,medium_airport,Canada,加拿大,CA,Gatineau,,YND
YNE,Norway House Airport,53.958302,-97.8442,small_airport,Canada,加拿大,CA,Norway House,,
YLY,Langley Airport,49.1008,-122.630997,medium_airport,Canada,加拿大,CA,Langley,,YNJ
YNL,Points North Landing Airport,58.27669906616211,-104.08200073242188,medium_airport,Canada,加拿大,CA,Points North Landing,,
YNM,Matagami Airport,49.76169967651367,-77.80280303955078,medium_airport,Canada,加拿大,CA,Matagami,,
YOA,Ekati Airport,64.6988983154,-110.614997864,medium_airport,Canada,加拿大,CA,Ekati,,YOA
YOC,Old Crow Airport,67.570602,-139.839005,small_airport,Canada,加拿大,CA,Old Crow,,
YOD,CFB Cold Lake,54.404998779296875,-110.27899932861328,medium_airport,Canada,加拿大,CA,Cold Lake,,
YOH,Oxford House Airport,54.9333,-95.2789,small_airport,Canada,加拿大,CA,Oxford House,,
YOJ,High Level Airport,58.62139892578125,-117.16500091552734,medium_airport,Canada,加拿大,CA,High Level,,
YOO,Oshawa Executive Airport,43.922798,-78.894997,medium_airport,Canada,加拿大,CA,Oshawa,,
YOP,Rainbow Lake Airport,58.491402,-119.407997,medium_airport,Canada,加拿大,CA,Rainbow Lake,,
YOS,Owen Sound / Billy Bishop Regional Airport,44.5903015137,-80.8375015259,medium_airport,Canada,加拿大,CA,Owen Sound,,YOS
YOW,Ottawa Macdonald-Cartier International Airport,45.322498,-75.669197,large_airport,Canada,加拿大,CA,Ottawa,,"Uplands, UUP, CUUP"
YPA,Prince Albert Glass Field,53.214199066199996,-105.672996521,medium_airport,Canada,加拿大,CA,Prince Albert,,
YPC,Paulatuk (Nora Aliqatchialuk Ruben) Airport,69.360838,-124.07547,small_airport,Canada,加拿大,CA,Paulatuk,,
YPS,Port Hawkesbury Airport,45.6567001343,-61.3680992126,medium_airport,Canada,加拿大,CA,Port Hawkesbury,,YPD
YPE,Peace River Airport,56.226898,-117.446999,medium_airport,Canada,加拿大,CA,Peace River,,
YPG,Portage-la-Prairie / Southport Airport,49.903099,-98.273817,medium_airport,Canada,加拿大,CA,Portage la Prairie,,
YPH,Inukjuak Airport,58.471901,-78.076897,small_airport,Canada,加拿大,CA,Inukjuak,,
YPL,Pickle Lake Airport,51.4463996887207,-90.21420288085938,medium_airport,Canada,加拿大,CA,Pickle Lake,,
YPM,Pikangikum Airport,51.819698,-93.973297,small_airport,Canada,加拿大,CA,Pikangikum,,
YPN,Port-Menier Airport,49.836399,-64.288597,medium_airport,Canada,加拿大,CA,Port-Menier,,Anticosti
YPO,Peawanuck Airport,54.987932,-85.442648,small_airport,Canada,加拿大,CA,Peawanuck,,
YPQ,Peterborough Regional Airport,44.232251,-78.362053,medium_airport,Canada,加拿大,CA,Peterborough,,
YPR,Prince Rupert Airport,54.286098480199996,-130.445007324,medium_airport,Canada,加拿大,CA,Prince Rupert,,
YPW,Powell River Airport,49.83420181274414,-124.5,medium_airport,Canada,加拿大,CA,Powell River,,
YPX,Puvirnituq Airport,60.050598,-77.286903,medium_airport,Canada,加拿大,CA,Puvirnituq,,
YPY,Fort Chipewyan Airport,58.7672004699707,-111.11699676513672,medium_airport,Canada,加拿大,CA,Fort Chipewyan,,
YPZ,Burns Lake Airport,54.3764,-125.950996,medium_airport,Canada,加拿大,CA,Burns Lake,,YPZ
YQA,Muskoka Airport,44.975376,-79.306546,medium_airport,Canada,加拿大,CA,Gravenhurst,,
YQB,Quebec Jean Lesage International Airport,46.7911,-71.393303,large_airport,Canada,加拿大,CA,Quebec,,Quebec City
YQD,The Pas Airport,53.97140121459961,-101.09100341796875,medium_airport,Canada,加拿大,CA,The Pas,,
YQF,Red Deer Regional Airport,52.182201,-113.893997,medium_airport,Canada,加拿大,CA,Springbrook,,
YQG,Windsor International Airport,42.2756,-82.955597,large_airport,Canada,加拿大,CA,Windsor,,
YQH,Watson Lake Airport,60.116839,-128.821993,medium_airport,Canada,加拿大,CA,Watson Lake,,
YQI,Yarmouth Airport,43.826900482177734,-66.08809661865234,medium_airport,Canada,加拿大,CA,Yarmouth,,
YQK,Kenora Airport,49.788299560546875,-94.36309814453125,medium_airport,Canada,加拿大,CA,Kenora,,
YQL,Lethbridge County Airport,49.6302986145,-112.800003052,medium_airport,Canada,加拿大,CA,Lethbridge,,Kenyon Field
YQM,Greater Moncton Roméo LeBlanc International Airport,46.113189,-64.67719,medium_airport,Canada,加拿大,CA,Moncton,,"CYQM, YQM, Moncton"
YQN,Nakina Airport,50.18280029296875,-86.69640350341797,medium_airport,Canada,加拿大,CA,Nakina,,
YQQ,Comox Valley International Airport / CFB Comox,49.7108,-124.887001,medium_airport,Canada,加拿大,CA,Comox,,CFB Comox
YQR,Regina International Airport,50.431938,-104.660906,medium_airport,Canada,加拿大,CA,Regina,,"YQR, Roland J. Groome International"
YQS,St Thomas Municipal Airport,42.77000045776367,-81.11080169677734,medium_airport,Canada,加拿大,CA,St Thomas,,
YQT,Thunder Bay International Airport,48.371899,-89.323898,medium_airport,Canada,加拿大,CA,Thunder Bay,,
YQU,Grande Prairie Airport,55.1796989441,-118.885002136,medium_airport,Canada,加拿大,CA,Grande Prairie,,
YQV,Yorkton Municipal Airport,51.264702,-102.461998,medium_airport,Canada,加拿大,CA,Yorkton,,RCAF Station Yorkton
YQW,North Battleford Airport,52.769409,-108.243742,medium_airport,Canada,加拿大,CA,North Battleford,,
YQX,Gander International Airport,48.936258,-54.567719,medium_airport,Canada,加拿大,CA,Gander,,CFB Gander
YQY,Sydney / J.A. Douglas McCurdy Airport,46.161072,-60.049759,medium_airport,Canada,加拿大,CA,Sydney,,
YQZ,Quesnel Airport,53.026100158691406,-122.51000213623047,medium_airport,Canada,加拿大,CA,Quesnel,,
YRA,Rae Lakes Airport,64.116096,-117.309998,small_airport,Canada,加拿大,CA,Gamètì,,
YRB,Resolute Bay Airport,74.7169036865,-94.9693984985,medium_airport,Canada,加拿大,CA,Resolute Bay,,
YRI,Rivière-du-Loup Airport,47.764400482177734,-69.58470153808594,medium_airport,Canada,加拿大,CA,Rivière-du-Loup,,
YRJ,Roberval Airport,48.519665,-72.265735,medium_airport,Canada,加拿大,CA,Roberval,,
YRL,Red Lake Airport,51.066898345947266,-93.79309844970703,medium_airport,Canada,加拿大,CA,Red Lake,,
YRO,Ottawa / Rockcliffe Airport,45.460496,-75.644001,medium_airport,Canada,加拿大,CA,Ottawa,,YRO
YRQ,Trois-Rivières Airport,46.35279846191406,-72.67939758300781,medium_airport,Canada,加拿大,CA,Trois-Rivières,,
YRS,Red Sucker Lake Airport,54.167198,-93.557198,small_airport,Canada,加拿大,CA,Red Sucker Lake,,
YRT,Rankin Inlet Airport,62.8114013672,-92.1157989502,medium_airport,Canada,加拿大,CA,Rankin Inlet,,
YRV,Revelstoke Airport,50.962245,-118.184258,medium_airport,Canada,加拿大,CA,Revelstoke,,YRV
YSB,Sudbury Airport,46.625,-80.79889678955078,medium_airport,Canada,加拿大,CA,Sudbury,,
YSC,Sherbrooke Airport,45.438599,-71.691399,medium_airport,Canada,加拿大,CA,Sherbrooke,,
YSF,Stony Rapids Airport,59.250301361083984,-105.84100341796875,medium_airport,Canada,加拿大,CA,Stony Rapids,,
YSH,Smiths Falls-Montague (Russ Beach) Airport,44.945801,-75.940598,medium_airport,Canada,加拿大,CA,Smiths Falls,,Smith Falls
YSJ,Saint John Airport,45.31610107421875,-65.89029693603516,medium_airport,Canada,加拿大,CA,Saint John,,
YSK,Sanikiluaq Airport,56.536891,-79.250221,small_airport,Canada,加拿大,CA,Sanikiluaq,,
YSL,Saint-Léonard Airport,47.157097,-67.836242,medium_airport,Canada,加拿大,CA,Saint-Léonard,,"St. Leonard, St Leonard"
YSM,Fort Smith Airport,60.020302,-111.961998,medium_airport,Canada,加拿大,CA,Fort Smith,,
YCM,Niagara District Airport,43.191598,-79.171686,medium_airport,Canada,加拿大,CA,Niagara-on-the-Lake,,"YSN, Saint Catharines"
YSP,Marathon Airport,48.75529861450195,-86.34439849853516,medium_airport,Canada,加拿大,CA,Marathon,,
YST,St. Theresa Point Airport,53.845261,-94.851966,small_airport,Canada,加拿大,CA,St. Theresa Point,,
YSU,Summerside Airport,46.440601,-63.833599,medium_airport,Canada,加拿大,CA,Slemon Park,,PEI
YSY,Sachs Harbour (David Nasogaluak Jr. Saaryuaq) Airport,71.993896,-125.242996,small_airport,Canada,加拿大,CA,Sachs Harbour,,
YTA,Pembroke Airport,45.86439895629883,-77.25170135498047,medium_airport,Canada,加拿大,CA,Pembroke,,
YTE,Cape Dorset Airport,64.230003,-76.526703,small_airport,Canada,加拿大,CA,Kinngait,,
YTF,Alma Airport,48.5089,-71.641899,medium_airport,Canada,加拿大,CA,Alma,,
YTH,Thompson Airport,55.80110168457031,-97.86419677734375,medium_airport,Canada,加拿大,CA,Thompson,,
YTL,Big Trout Lake Airport,53.817799,-89.896896,small_airport,Canada,加拿大,CA,Big Trout Lake,,
YTQ,Tasiujaq Airport,58.667801,-69.955803,small_airport,Canada,加拿大,CA,Tasiujaq,,
YTR,CFB Trenton,44.118900299072266,-77.5280990600586,medium_airport,Canada,加拿大,CA,Trenton,,
YTS,Timmins/Victor M. Power,48.569698333699996,-81.376701355,medium_airport,Canada,加拿大,CA,Timmins,,Timmins Victor M. Power Airport
YTZ,Billy Bishop Toronto City Airport,43.627852,-79.39553,medium_airport,Canada,加拿大,CA,Toronto,,"YTO, Toronto Island Airport"
YUL,Montreal / Pierre Elliott Trudeau International Airport,45.467837,-73.742294,large_airport,Canada,加拿大,CA,Montréal,,"YMQ, Dorval Airport"
YUT,Naujaat Airport,66.521024,-86.225166,small_airport,Canada,加拿大,CA,Repulse Bay,,Repulse Bay Airport
YUX,Hall Beach Airport,68.7761,-81.2425,medium_airport,Canada,加拿大,CA,Sanirajak,,
YUY,Rouyn Noranda Airport,48.20610046386719,-78.83560180664062,medium_airport,Canada,加拿大,CA,Rouyn-Noranda,,
YVB,Bonaventure Airport,48.071098,-65.460297,medium_airport,Canada,加拿大,CA,Bonaventure,,
YVC,La Ronge Airport,55.151401519800004,-105.262001038,medium_airport,Canada,加拿大,CA,La Ronge,,
YVE,Vernon Regional Airport,50.246163,-119.330963,medium_airport,Canada,加拿大,CA,Vernon,,YVK
YCK,Tommy Kochon Airport,67.02015,-126.128364,small_airport,Canada,加拿大,CA,Colville Lake,,
YVM,Qikiqtarjuaq Airport,67.54656,-64.03141,small_airport,Canada,加拿大,CA,Qikiqtarjuaq,,Broughton Island
YVO,Val-d'Or Airport,48.0532989502,-77.7827987671,medium_airport,Canada,加拿大,CA,Val-d'Or,,
YVP,Kuujjuaq Airport,58.096099853515625,-68.4269027709961,medium_airport,Canada,加拿大,CA,Kuujjuaq,,
YVQ,Norman Wells Airport,65.28160095214844,-126.7979965209961,medium_airport,Canada,加拿大,CA,Norman Wells,,
YVR,Vancouver International Airport,49.193901,-123.183998,large_airport,Canada,加拿大,CA,Vancouver,,
YVV,Wiarton Airport,44.7458,-81.107201,medium_airport,Canada,加拿大,CA,Wiarton,,
YVZ,Deer Lake Airport,52.655613,-94.061208,small_airport,Canada,加拿大,CA,Deer Lake,,
YFJ,Wekweètì Airport,64.190804,-114.077002,small_airport,Canada,加拿大,CA,Wekweètì,,"Wekweti, Snare Lake"
YWG,Winnipeg / James Armstrong Richardson International Airport,49.909999847399995,-97.2398986816,large_airport,Canada,加拿大,CA,Winnipeg,,CFB Winnipeg
YWJ,Déline Airport,65.211098,-123.435997,small_airport,Canada,加拿大,CA,Déline,,"Délı̨nę, Fort Franklin"
YWK,Wabush Airport,52.92190170288086,-66.8644027709961,medium_airport,Canada,加拿大,CA,Wabush,,
YWL,Williams Lake Airport,52.1831016541,-122.054000854,medium_airport,Canada,加拿大,CA,Williams Lake,,
YWP,Webequie Airport,52.959393,-87.374868,small_airport,Canada,加拿大,CA,Webequie,,
YWY,Wrigley Airport,63.20940017700195,-123.43699645996094,medium_airport,Canada,加拿大,CA,Wrigley,,
YXC,Cranbrook/Canadian Rockies International Airport,49.610802,-115.781998,medium_airport,Canada,加拿大,CA,Cranbrook,,
YXE,Saskatoon John G. Diefenbaker International Airport,52.170723,-106.700793,large_airport,Canada,加拿大,CA,Saskatoon,,
YXH,Medicine Hat Regional Airport,50.018902,-110.721001,medium_airport,Canada,加拿大,CA,Medicine Hat,,
YXJ,Fort St John / North Peace Regional Airport,56.238098,-120.739998,medium_airport,Canada,加拿大,CA,Fort Saint John,,BZ3
YXK,Rimouski Airport,48.477644,-68.496323,medium_airport,Canada,加拿大,CA,Rimouski,,
YXL,Sioux Lookout Airport,50.11389923095703,-91.9052963256836,medium_airport,Canada,加拿大,CA,Sioux Lookout,,
YXN,Whale Cove Airport,62.240002,-92.598099,small_airport,Canada,加拿大,CA,Whale Cove,,
YXP,Pangnirtung Airport,66.144878,-65.713606,small_airport,Canada,加拿大,CA,Pangnirtung,,
YXQ,Beaver Creek Airport,62.410301208496094,-140.86700439453125,medium_airport,Canada,加拿大,CA,Beaver Creek,,
YXR,Earlton (Timiskaming Regional) Airport,47.697400654599996,-79.8473453522,medium_airport,Canada,加拿大,CA,Earlton,,yxr
YXS,Prince George (International) Airport,53.884311,-122.666554,medium_airport,Canada,加拿大,CA,Prince George,,Prince George International
YXT,Northwest Regional Airport Terrace-Kitimat,54.468498,-128.576009,medium_airport,Canada,加拿大,CA,Terrace,,
YXU,London International Airport,43.032845,-81.149003,medium_airport,Canada,加拿大,CA,London,,
YXX,Abbotsford International Airport,49.025299,-122.361,medium_airport,Canada,加拿大,CA,Abbotsford,,
YXY,Whitehorse / Erik Nielsen International Airport,60.708533,-135.065705,medium_airport,Canada,加拿大,CA,Whitehorse,,
YXZ,Wawa Airport,47.96670150756836,-84.78669738769531,medium_airport,Canada,加拿大,CA,Wawa,,
YYB,North Bay Jack Garland Airport,46.363602,-79.422798,medium_airport,Canada,加拿大,CA,North Bay,,"Jack Garland Airport, CFB North Bay"
YYC,Calgary International Airport,51.118822,-114.009933,large_airport,Canada,加拿大,CA,Calgary,,McCall Field
YYD,Smithers Airport,54.82469940185547,-127.18299865722656,medium_airport,Canada,加拿大,CA,Smithers,,
YYE,Fort Nelson Airport,58.8363990784,-122.597000122,medium_airport,Canada,加拿大,CA,Fort Nelson,,
YYF,Penticton Airport,49.46310043334961,-119.60199737548828,medium_airport,Canada,加拿大,CA,Penticton,,
YYG,Charlottetown Airport,46.288911,-63.125174,medium_airport,Canada,加拿大,CA,Charlottetown,,PEI
YYH,Taloyoak Airport,69.5467,-93.576698,small_airport,Canada,加拿大,CA,Taloyoak,,Spence Bay
YYJ,Victoria International Airport,48.647201,-123.427792,large_airport,Canada,加拿大,CA,Victoria,,
YYL,Lynn Lake Airport,56.86389923095703,-101.07599639892578,medium_airport,Canada,加拿大,CA,Lynn Lake,,
YYN,Swift Current Airport,50.291900634799994,-107.691001892,medium_airport,Canada,加拿大,CA,Swift Current,,YYN
YYQ,Churchill Airport,58.739200592041016,-94.06500244140625,medium_airport,Canada,加拿大,CA,Churchill,,
YYR,Goose Bay Airport,53.3191986084,-60.4258003235,medium_airport,Canada,加拿大,CA,Goose Bay,,CFB Goose Bay
YYT,St. John's International Airport,47.618599,-52.7519,large_airport,Canada,加拿大,CA,St. John's,,
YYU,Kapuskasing Airport,49.411587,-82.469645,medium_airport,Canada,加拿大,CA,Kapuskasing,,
YYW,Armstrong Airport,50.29029846191406,-88.90969848632812,medium_airport,Canada,加拿大,CA,Armstrong,,
YYY,Mont Joli Airport,48.60860061645508,-68.20809936523438,medium_airport,Canada,加拿大,CA,Mont-Joli,,
YYZ,Toronto Pearson International Airport,43.675935,-79.629421,large_airport,Canada,加拿大,CA,Toronto,,"YTO, Toronto International Airport, Malton"
YZE,Gore Bay Manitoulin Airport,45.8853,-82.567802,medium_airport,Canada,加拿大,CA,Gore Bay,,
YZF,Yellowknife International Airport,62.462799,-114.440002,medium_airport,Canada,加拿大,CA,Yellowknife,,
YZG,Salluit Airport,62.179401,-75.667198,small_airport,Canada,加拿大,CA,Salluit,,
YZH,Slave Lake Airport,55.292945,-114.777276,medium_airport,Canada,加拿大,CA,Slave Lake,,YZH
YZP,Sandspit Airport,53.25429916379999,-131.813995361,medium_airport,Canada,加拿大,CA,Sandspit,,"Queen Charlotte Islands, Haida Gwaii"
YZR,Chris Hadfield Airport,42.999401,-82.308899,medium_airport,Canada,加拿大,CA,Sarnia,,
YZS,Coral Harbour Airport,64.1932983398,-83.3593978882,medium_airport,Canada,加拿大,CA,Coral Harbour,,
YZT,Port Hardy Airport,50.680599212646484,-127.36699676513672,medium_airport,Canada,加拿大,CA,Port Hardy,,
YZU,Whitecourt Airport,54.143902,-115.787003,medium_airport,Canada,加拿大,CA,Whitecourt,,
YZV,Sept-Îles Airport,50.22330093383789,-66.2656021118164,medium_airport,Canada,加拿大,CA,Sept-Îles,,
YZW,Teslin Airport,60.17279815673828,-132.7429962158203,medium_airport,Canada,加拿大,CA,Teslin,,
YZX,CFB Greenwood,44.98440170288086,-64.91690063476562,medium_airport,Canada,加拿大,CA,Greenwood,,Greenwood Airport
YSN,Shuswap Regional Airport,50.682802,-119.228996,medium_airport,Canada,加拿大,CA,Salmon Arm,,"AM4, Shuswap Regional Airport, Salmon Arm Airport"
YDT,Boundary Bay Airport,49.074338,-123.006877,medium_airport,Canada,加拿大,CA,Delta,,ZBB
ILF,Ilford Airport,56.051622,-95.61882,small_airport,Canada,加拿大,CA,Ilford,,ZBD
ZBF,Bathurst Airport,47.6297,-65.738899,medium_airport,Canada,加拿大,CA,South Tetagouche,,ZBF
ZBM,Bromont (Roland Désourdy) Airport,45.290798,-72.741402,medium_airport,Canada,加拿大,CA,Bromont,,
KES,Kelsey Airport,56.0374984741,-96.50969696039999,medium_airport,Canada,加拿大,CA,Kelsey,,
ZEM,Eastmain River Airport,52.226398,-78.522499,small_airport,Canada,加拿大,CA,Eastmain River,,
ZFA,Faro Airport,62.20750045776367,-133.37600708007812,medium_airport,Canada,加拿大,CA,Faro,,
ZFD,Fond-du-Lac Airport,59.3344,-107.181999,small_airport,Canada,加拿大,CA,Fond-du-Lac,,
XPK,Pukatawagan Airport,55.749199,-101.265999,small_airport,Canada,加拿大,CA,Pukatawagan,,
ZFM,Fort Mcpherson Airport,67.406993,-134.860182,small_airport,Canada,加拿大,CA,Fort Mcpherson,,
ZFN,Tulita Airport,64.909496,-125.570297,small_airport,Canada,加拿大,CA,Tulita,,Fort Norman
ZGF,Grand Forks Airport,49.015598,-118.431,medium_airport,Canada,加拿大,CA,Grand Forks,,
ZGI,Gods River Airport,54.839699,-94.078598,small_airport,Canada,加拿大,CA,Gods River,,
ZJG,Jenpeg Airport,54.51890182495117,-98.04609680175781,medium_airport,Canada,加拿大,CA,Jenpeg,,
ZJN,Swan River Airport,52.120602,-101.236,medium_airport,Canada,加拿大,CA,Swan River,,
ZKE,Kashechewan Airport,52.282501,-81.677803,small_airport,Canada,加拿大,CA,Kashechewan,,
YTD,Thicket Portage Airport,55.31890106201172,-97.70780181884766,medium_airport,Canada,加拿大,CA,Thicket Portage,,ZLQ
MSA,Muskrat Dam Airport,53.441399,-91.762802,small_airport,Canada,加拿大,CA,Muskrat Dam,,ZMD
PIW,Pikwitonei Airport,55.58890151977539,-97.16419982910156,medium_airport,Canada,加拿大,CA,Pikwitonei,,ZMN
ZMT,Masset Airport,54.0275,-132.125,medium_airport,Canada,加拿大,CA,Masset,,
ZPB,Sachigo Lake Airport,53.890885,-92.195935,small_airport,Canada,加拿大,CA,Sachigo Lake,,
WPC,Pincher Creek Airport,49.520429,-113.997002,medium_airport,Canada,加拿大,CA,Pincher Creek,,ZPC
ZRJ,Round Lake (Weagamow Lake) Airport,52.9436,-91.312798,small_airport,Canada,加拿大,CA,Round Lake,,
ZSJ,Sandy Lake Airport,53.06420135498047,-93.34439849853516,medium_airport,Canada,加拿大,CA,Sandy Lake,,
XSI,South Indian Lake Airport,56.792801,-98.907204,small_airport,Canada,加拿大,CA,South Indian Lake,,
ZST,Stewart Airport,55.935410448,-129.982434511,medium_airport,Canada,加拿大,CA,Stewart,,
YDV,Bloodvein River Airport,51.784568,-96.692305,small_airport,Canada,加拿大,CA,Bloodvein River,,ZTA
ZTM,Shamattawa Airport,55.86356,-92.081137,small_airport,Canada,加拿大,CA,Shamattawa,,
ZUC,Ignace Municipal Airport,49.428204,-91.720418,medium_airport,Canada,加拿大,CA,Ignace,,
ZUM,Churchill Falls Airport,53.5619010925293,-64.10639953613281,small_airport,Canada,加拿大,CA,Churchill Falls,,ZUM
XLB,Lac Brochet Airport,58.614279,-101.468954,small_airport,Canada,加拿大,CA,Lac Brochet,,
ZWL,Wollaston Lake Airport,58.106899,-103.171997,small_airport,Canada,加拿大,CA,Wollaston Lake,,
BUJ,Bou Saada Airport,35.3325,4.20639,medium_airport,Algeria,阿尔及利亚,DZ,Ouled Sidi Brahim,,
BJA,Soummam–Abane Ramdane Airport,36.712547,5.069909,large_airport,Algeria,阿尔及利亚,DZ,Béjaïa,,"Béjaïa, Soummam"
ALG,Houari Boumediene Airport,36.693886,3.214531,large_airport,Algeria,阿尔及利亚,DZ,Algiers,,"Algiers, Maison Blanche"
DJG,Tiska Djanet Airport,24.285448,9.463652,large_airport,Algeria,阿尔及利亚,DZ,Djanet,,"Cheikh Amoud Ben el Mokhtar, Djanet Inedbirene Airport"
VVZ,Illizi Takhamalt Airport,26.723499,8.62265,medium_airport,Algeria,阿尔及利亚,DZ,Illizi,,
QSF,Ain Arnat Airport,36.178488,5.329909,medium_airport,Algeria,阿尔及利亚,DZ,Sétif,,"Sétif International Airport, 8 Mai 45 Airport"
TMR,Aguenar – Hadj Bey Akhamok Airport,22.810992,5.450832,large_airport,Algeria,阿尔及利亚,DZ,Tamanrasset,,
GJL,Jijel Ferhat Abbas Airport,36.794125,5.873652,large_airport,Algeria,阿尔及利亚,DZ,Tahir,,
MZW,Mecheria Airport,33.5359,-0.242353,medium_airport,Algeria,阿尔及利亚,DZ,Mecheria,,
AAE,Annaba Rabah Bitat Airport,36.826781,7.81334,large_airport,Algeria,阿尔及利亚,DZ,Annaba,,"Les Salines Airport, El Mellah Airport, Annabah"
CZL,Mohamed Boudiaf International Airport,36.276001,6.62039,large_airport,Algeria,阿尔及利亚,DZ,Constantine,,
TEE,Cheikh Larbi Tébessi Airport,35.4315986633,8.12071990967,medium_airport,Algeria,阿尔及利亚,DZ,Tébessi,,
BLJ,Batna Mostefa Ben Boulaid Airport,35.752102,6.30859,large_airport,Algeria,阿尔及利亚,DZ,Batna,,
HRM,Hassi R'Mel Airport,32.930401,3.31154,medium_airport,Algeria,阿尔及利亚,DZ,Hassi R'Mel,,
TID,Abdelhafid Boussouf Bou Chekif Airport,35.341099,1.46315,medium_airport,Algeria,阿尔及利亚,DZ,Tiaret,,
TIN,Tindouf Airport,27.7003993988,-8.167099952700001,medium_airport,Algeria,阿尔及利亚,DZ,Tindouf,,
CFK,Chlef Aboubakr Belkaid International Airport,36.216614,1.341114,large_airport,Algeria,阿尔及利亚,DZ,Chlef,,Ech Cheliff Airport
TAF,Oran Tafraoui Airport,35.5424,-0.532278,medium_airport,Algeria,阿尔及利亚,DZ,Tafraoui,,
TLM,Zenata – Messali El Hadj Airport,35.012732,-1.457117,large_airport,Algeria,阿尔及利亚,DZ,Zenata,,Tlemcen
ORN,Oran Es-Sénia (Ahmed Ben Bella) International Airport,35.620648,-0.622486,large_airport,Algeria,阿尔及利亚,DZ,Es-Sénia,,Es Senia
CBH,Béchar Boudghene Ben Ali Lotfi Airport,31.645700454711914,-2.269860029220581,medium_airport,Algeria,阿尔及利亚,DZ,Béchar,,Béchar Ouakda Airport
MUW,Ghriss Airport,35.207699,0.147142,medium_airport,Algeria,阿尔及利亚,DZ,Ghriss,,
EBH,El Bayadh Airport,33.721667,1.0925,small_airport,Algeria,阿尔及利亚,DZ,El Bayadh,,
BMW,Bordj Badji Mokhtar Airport,21.3778,0.92698,medium_airport,Algeria,阿尔及利亚,DZ,Bordj Badji Mokhtar,,
AZR,Touat-Cheikh Sidi Mohamed Belkebir Airport,27.837601,-0.186414,medium_airport,Algeria,阿尔及利亚,DZ,Adrar,,لكبير  مطار أدرار – توات الشيخ سيدي محمد بن
BSK,Biskra - Mohamed Khider Airport,34.79318,5.738899,large_airport,Algeria,阿尔及利亚,DZ,Biskra,,
ELG,El Golea Airport,30.580732,2.861595,medium_airport,Algeria,阿尔及利亚,DZ,El Menia,,
GHA,Noumérat - Moufdi Zakaria Airport,32.384102,3.79411,medium_airport,Algeria,阿尔及利亚,DZ,El Atteuf,,Ghardaïa
HME,Hassi Messaoud-Oued Irara Krim Belkacem Airport,31.673,6.14044,medium_airport,Algeria,阿尔及利亚,DZ,Hassi Messaoud,,
INZ,In Salah Airport,27.250999,2.51202,medium_airport,Algeria,阿尔及利亚,DZ,In Salah,,
TGR,Touggourt Sidi Madhi Airport,33.067799,6.08867,medium_airport,Algeria,阿尔及利亚,DZ,Touggourt,,
LOO,Laghouat - Molay Ahmed Medeghri Airport,33.7644,2.92834,medium_airport,Algeria,阿尔及利亚,DZ,Laghouat,,
ELU,Guemar Airport - مطار قمار بالوادي,33.511398,6.77679,medium_airport,Algeria,阿尔及利亚,DZ,Guemar,,
TMX,Timimoun Airport,29.237101,0.276033,medium_airport,Algeria,阿尔及利亚,DZ,Timimoun,,
OGX,Ain Beida Airport,31.9172,5.41278,medium_airport,Algeria,阿尔及利亚,DZ,Ouargla,,"Ain el Beida, Sedrata Airfield"
IAM,Zarzaitine - In Aménas Airport,28.0515,9.64291,medium_airport,Algeria,阿尔及利亚,DZ,In Aménas,,
COO,Cotonou Cadjehoun International Airport,6.35723,2.38435,large_airport,Benin,贝宁,BJ,Cotonou,,
DEX,Nop Goliat Dekai Airport,-4.8557,139.482006,small_airport,Indonesia,印度尼西亚,ID,Dekai,,Nop Goliath
OUA,Ouagadougou Thomas Sankara International Airport,12.3532,-1.51242,large_airport,Burkina Faso,布基纳法索,BF,Ouagadougou,,
BOY,Bobo Dioulasso Airport,11.1601,-4.33097,large_airport,Burkina Faso,布基纳法索,BF,Bobo Dioulasso,,
ACC,Kotoka International Airport,5.605189800262451,-0.16678600013256073,large_airport,Ghana,加纳,GH,Accra,,
TML,Yakubu Tali International Airport,9.553909,-0.86606,large_airport,Ghana,加纳,GH,Tamale,,Tamale International Airport
KMS,Prempeh I International Airport,6.71456,-1.59082,large_airport,Ghana,加纳,GH,Kumasi,,
NYI,Sunyani Airport,7.36183,-2.32876,medium_airport,Ghana,加纳,GH,Sunyani,,Bono Airport
TKD,Takoradi Airport,4.896059989929199,-1.7747600078582764,medium_airport,Ghana,加纳,GH,Sekondi-Takoradi,,
ABJ,Félix-Houphouët-Boigny International Airport,5.26139,-3.92629,large_airport,Côte d'Ivoire,科特迪瓦,CI,Abidjan,,Port Bouët
BYK,Bouaké Airport,7.7388,-5.07367,medium_airport,Côte d'Ivoire,科特迪瓦,CI,Bouaké,,
DJO,Daloa Airport,6.79281,-6.47319,medium_airport,Côte d'Ivoire,科特迪瓦,CI,,,
HGO,Korhogo Airport,9.38718,-5.55666,medium_airport,Côte d'Ivoire,科特迪瓦,CI,Korhogo,,
MJC,Man Airport,7.27207,-7.58736,medium_airport,Côte d'Ivoire,科特迪瓦,CI,,,
SPY,San Pedro Airport,4.74672,-6.66082,medium_airport,Côte d'Ivoire,科特迪瓦,CI,,,
ASK,Yamoussoukro International Airport,6.90317,-5.36558,large_airport,Côte d'Ivoire,科特迪瓦,CI,Yamoussoukro,,
DLR,Dalnerechensk Airport,45.879857,133.737629,small_airport,Russia,俄罗斯,RU,Dalnerechensk,,"УХХД, Дальнереченск"
DKA,Umaru Musa Yar'adua Airport,13.0078,7.66045,medium_airport,Nigeria,尼日利亚,NG,Katsina,,"DN57, Katsina Airport"
ABV,Nnamdi Azikiwe International Airport,9.00679,7.26317,large_airport,Nigeria,尼日利亚,NG,Abuja,,
QUO,Akwa Ibom International Airport,4.8725,8.093,medium_airport,Nigeria,尼日利亚,NG,Uyo,,
AKR,Akure Airport,7.246739864349365,5.3010101318359375,medium_airport,Nigeria,尼日利亚,NG,Akure,,
ABB,Asaba International Airport,6.204167,6.665278,large_airport,Nigeria,尼日利亚,NG,Asaba,,Onitsha
BCU,Sir Abubakar Tafawa Balewa Bauchi State International Airport,10.482833,9.744,large_airport,Nigeria,尼日利亚,NG,Bauchi,,Bauchi State Airport
BNI,Benin Airport,6.316979885101318,5.5995001792907715,medium_airport,Nigeria,尼日利亚,NG,Benin,,
CBQ,Margaret Ekpo International Airport,4.976019859313965,8.347200393676758,medium_airport,Nigeria,尼日利亚,NG,Calabar,,
ENU,Akanu Ibiam International Airport,6.473718,7.560463,large_airport,Nigeria,尼日利亚,NG,Enegu,,Enegu Airport
GMO,Gombe Lawanti International Airport,10.298889,10.9,medium_airport,Nigeria,尼日利亚,NG,Gombe,,
IBA,Ibadan Airport,7.362460136413574,3.97832989692688,medium_airport,Nigeria,尼日利亚,NG,Ibadan,,
ILR,General Tunde Idiagbon International Airport,8.44021,4.49392,large_airport,Nigeria,尼日利亚,NG,Ilorin/Ogbomosho,,Ilorin International Airport
QOW,Sam Mbakwe International Cargo Airport,5.42706,7.20603,medium_airport,Nigeria,尼日利亚,NG,Owerri,,"Imo Airport, Imo State Airport"
JOS,Yakubu Gowon Airport,9.639829635620117,8.869050025939941,medium_airport,Nigeria,尼日利亚,NG,Jos,,
KAD,Kaduna International Airport,10.696,7.32011,large_airport,Nigeria,尼日利亚,NG,Kaduna,,
KAN,Mallam Aminu Kano International Airport,12.045613,8.523566,large_airport,Nigeria,尼日利亚,NG,Kano,,
MIU,Maiduguri International Airport,11.854163,13.080702,large_airport,Nigeria,尼日利亚,NG,Maiduguri,,
MDI,Makurdi Airport,7.70388,8.61394,medium_airport,Nigeria,尼日利亚,NG,Makurdi,,
LOS,Murtala Muhammed International Airport,6.57737,3.32116,large_airport,Nigeria,尼日利亚,NG,Lagos,,
MXJ,Minna Airport,9.652170181274414,6.462259769439697,medium_airport,Nigeria,尼日利亚,NG,Minna,,
PHC,Port Harcourt International Airport,5.01549,6.94959,large_airport,Nigeria,尼日利亚,NG,Port Harcourt,,
SKO,Sadiq Abubakar III International Airport,12.915729,5.207547,large_airport,Nigeria,尼日利亚,NG,Sokoto,,Sultan Saddik Abubakar Airport
QRW,Warri Airport,5.59821,5.8187,medium_airport,Nigeria,尼日利亚,NG,Okpe,,"Osubi Airport, Shell"
YOL,Yola Airport,9.257550239562988,12.430399894714355,medium_airport,Nigeria,尼日利亚,NG,Yola,,
ZAR,Zaria Airport,11.1302,7.68581,medium_airport,Nigeria,尼日利亚,NG,Zaria,,
DPT,Deputatskiy Airport,69.392503,139.890012,small_airport,Russia,俄罗斯,RU,Deputatskiy,,"УЕБД, Deputatsky Airport, Аэропорт Депутатский, Deputy Airport"
MFQ,Maradi Airport,13.5025,7.12675,medium_airport,Niger,尼日尔,NE,Maradi,,
NIM,Diori Hamani International Airport,13.4815,2.18361,large_airport,Niger,尼日尔,NE,Niamey,,
THZ,Tahoua Airport,14.8757,5.26536,medium_airport,Niger,尼日尔,NE,Tahoua,,
AJY,Mano Dayak International Airport,16.966,8.00011,medium_airport,Niger,尼日尔,NE,Agadez,,
ZND,Zinder Airport,13.779000282287598,8.983759880065918,medium_airport,Niger,尼日尔,NE,Zinder,,
TBJ,Tabarka-Aïn Draham International Airport,36.98,8.87694,medium_airport,Tunisia,突尼斯,TN,Tabarka,,Tabarka 7 Novembre Airport
MIR,Monastir Habib Bourguiba International Airport,35.75809860229492,10.75469970703125,medium_airport,Tunisia,突尼斯,TN,Monastir,,
NBE,Enfidha - Hammamet International Airport,36.075833,10.438611,medium_airport,Tunisia,突尼斯,TN,Enfidha,,DTNH
TUN,Tunis Carthage International Airport,36.851002,10.2272,large_airport,Tunisia,突尼斯,TN,Tunis,,"Aéroport international de Tunis-Carthage, مطار تونس قرطاج الدولي"
GAF,Gafsa Ksar International Airport,34.422001,8.8225,medium_airport,Tunisia,突尼斯,TN,Gafsa,,
GAE,Gabès Matmata International Airport,33.733691,9.91941,medium_airport,Tunisia,突尼斯,TN,Gabès,,
DJE,Djerba Zarzis International Airport,33.873719,10.7773,large_airport,Tunisia,突尼斯,TN,Mellita,,
EBM,El Borma Airport,31.7043,9.25462,medium_airport,Tunisia,突尼斯,TN,El Borma,,
SFA,Sfax Thyna International Airport,34.717999,10.691,medium_airport,Tunisia,突尼斯,TN,Sfax,,
TOE,Tozeur Nefta International Airport,33.939701080322266,8.110560417175293,medium_airport,Tunisia,突尼斯,TN,Tozeur,,
LRL,Niamtougou International Airport,9.766675,1.090944,large_airport,Togo,多哥,TG,Niamtougou,,
LFW,Lomé–Tokoin International Airport,6.16561,1.25451,large_airport,Togo,多哥,TG,Lomé,,Gnassingbe Eyadema International Airport
ANR,Antwerp International Airport (Deurne),51.190667,4.463153,medium_airport,Belgium,比利时,BE,Antwerp,,
BRU,Brussels Airport,50.901402,4.48444,large_airport,Belgium,比利时,BE,Zaventem,,"Brussels National, Zaventem, EBMB"
CRL,Brussels South Charleroi Airport,50.461963,4.459562,large_airport,Belgium,比利时,BE,Charleroi,,Gosselies Airport
KJK,Kortrijk-Wevelgem International Airport,50.818878,3.209551,medium_airport,Belgium,比利时,BE,Wevelgem,,"Kortrijk, Courtrai"
LGG,Liège Airport,50.638574,5.443897,medium_airport,Belgium,比利时,BE,Grâce-Hollogne,,Bierset
OST,Ostend-Bruges International Airport,51.1998,2.874673,large_airport,Belgium,比利时,BE,Oostende,,Ostend-Bruges International Airport
AOC,Leipzig–Altenburg Airport,50.981945,12.506389,medium_airport,Germany,德国,DE,Nobitz,,Altenburg-Nobitz
HDF,Heringsdorf Airport,53.8787,14.1523,medium_airport,Germany,德国,DE,Zirchow,,
FNB,Neubrandenburg Trollenhagen Airport,53.6022,13.306,medium_airport,Germany,德国,DE,Trollenhagen,,ETNU
BER,Berlin Brandenburg Airport,52.361738,13.502341,large_airport,Germany,德国,DE,Berlin,,Willy Brandt
DRS,Dresden Airport,51.134123,13.767831,large_airport,Germany,德国,DE,Dresden,,ETDN
ERF,Erfurt-Weimar Airport,50.978281,10.960713,large_airport,Germany,德国,DE,Erfurt,,Flughafen Erfurt-Weimar
FRA,Frankfurt Main Airport,50.026706,8.55835,large_airport,Germany,德国,DE,Frankfurt am Main,,"EDAF, Frankfurt am Main, Frankfurt Main, Rhein-Main Air Base, Zeppelinheim"
FMO,Münster Osnabrück Airport,52.133816,7.688482,large_airport,Germany,德国,DE,Greven,,
HAM,Hamburg Helmut Schmidt Airport,53.630402,9.98823,large_airport,Germany,德国,DE,Hamburg,,Hamburg-Fuhlsbüttel Airport
CGN,Cologne Bonn Airport,50.865898,7.14274,large_airport,Germany,德国,DE,Köln,Köln (Cologne),Köln
DUS,Düsseldorf Airport,51.289501,6.76678,large_airport,Germany,德国,DE,Düsseldorf,,
MUC,Munich Airport,48.353802,11.7861,large_airport,Germany,德国,DE,Munich,,"Franz Josef Strauss Airport, Flughafen München Franz Josef Strauß"
NUE,Nuremberg Airport,49.498699,11.078056,large_airport,Germany,德国,DE,Nuremberg,,Nürnberg
LEJ,Leipzig/Halle Airport,51.420657,12.232705,large_airport,Germany,德国,DE,Schkeuditz,,Schkeuditz Airport
SCN,Saarbrücken Airport,49.214545,7.109735,medium_airport,Germany,德国,DE,Saarbrücken,,
STR,Stuttgart Airport,48.689899,9.22196,large_airport,Germany,德国,DE,Stuttgart,,
HAJ,Hannover Airport,52.461102,9.68508,large_airport,Germany,德国,DE,Hannover,,
BRE,Bremen Airport,53.046786,8.78932,large_airport,Germany,德国,DE,Bremen,,
HHN,Frankfurt-Hahn Airport,49.946353,7.261734,large_airport,Germany,德国,DE,Frankfurt am Main,Frankfurt am Main (Lautzenhausen),
MHG,Mannheim-City Airport,49.473057,8.514167,medium_airport,Germany,德国,DE,Mannheim,,Mannheim
EIB,Eisenach-Kindel Airport,50.991604,10.47973,medium_airport,Germany,德国,DE,Hörselberg-Hainich,,Flugplatz Eisenach-Kindel
SGE,Siegerland Airport,50.707699,8.08297,medium_airport,Germany,德国,DE,Burbach,,EDKS
XFW,Hamburg-Finkenwerder Airport,53.535278,9.835556,medium_airport,Germany,德国,DE,Hamburg,,Airbus
KEL,Kiel-Holtenau Airport,54.37957,10.145266,medium_airport,Germany,德国,DE,Kiel,,
LBC,Lübeck Blankensee Airport,53.805401,10.7192,medium_airport,Germany,德国,DE,Lübeck,,
FMM,Memmingen Allgau Airport,47.988092,10.238248,large_airport,Germany,德国,DE,Memmingen,,ETSM
BFE,Bielefeld Airport,51.964722,8.544444,medium_airport,Germany,德国,DE,Bielefeld,,Flugplatz-Windelsbleiche
MGL,Mönchengladbach Airport,51.230278,6.504444,medium_airport,Germany,德国,DE,Mönchengladbach,,
PAD,Paderborn Lippstadt Airport,51.612527,8.617459,large_airport,Germany,德国,DE,Büren,,
NRN,Weeze (Niederrhein) Airport,51.601362,6.141228,large_airport,Germany,德国,DE,Weeze,,"LRC, ETUL, Niederrhein Airport, RAF Laarbruch, Düsseldorf Regional, Weeze"
DTM,Dortmund Airport,51.518299,7.61224,large_airport,Germany,德国,DE,Dortmund,,
AGB,Augsburg Airport,48.425278,10.931667,medium_airport,Germany,德国,DE,Augsburg,,
OBF,Oberpfaffenhofen Airport,48.081402,11.2831,medium_airport,Germany,德国,DE,Weßling,,Weßling
FDH,Bodensee Airport Friedrichshafen,47.671299,9.51149,large_airport,Germany,德国,DE,Friedrichshafen,,Bodensee Airport Friedrichshafen
BYU,Bayreuth Airport,49.985001,11.64,medium_airport,Germany,德国,DE,Bindlach,,Bindlacher Berg Airport
HOQ,Hof-Plauen Airport,50.288544,11.852876,medium_airport,Germany,德国,DE,Hof,,
FKB,Karlsruhe Baden-Baden Airport,48.7794,8.0805,large_airport,Germany,德国,DE,Rheinmünster,,Baden Airpark
LHA,Lahr Airport,48.369301,7.82772,medium_airport,Germany,德国,DE,Lahr/Schwarzwald,,Black Forest Airport
BWE,Braunschweig-Wolfsburg Airport,52.319199,10.5561,medium_airport,Germany,德国,DE,Braunschweig,,
KSF,Kassel Airport,51.418395,9.391638,large_airport,Germany,德国,DE,Calden,,Kassel-Calden
EME,Emden Airport,53.391109,7.2275,small_airport,Germany,德国,DE,Emden,,
AGE,Wangerooge Airport,53.782544,7.919584,small_airport,Germany,德国,DE,Wangerooge,,
JUI,Juist Airport,53.681421,7.056398,small_airport,Germany,德国,DE,Juist,,
BMK,Borkum Airport,53.59639,6.709167,small_airport,Germany,德国,DE,Borkum,,Borkum
NOD,Norden-Norddeich Airport,53.633057,7.190278,small_airport,Germany,德国,DE,Norddeich,,
NRD,Norderney Airport,53.706944,7.23,small_airport,Germany,德国,DE,Norderney,,
BMR,Baltrum Airport,53.72485,7.373257,small_airport,Germany,德国,DE,Baltrum,,
HEI,Heide-Büsum Airport,54.153332,8.901667,small_airport,Germany,德国,DE,Oesterdeichstrich,,
HGL,Helgoland-Düne Airport,54.18528,7.915833,small_airport,Germany,德国,DE,Helgoland,,
GWT,Westerland Sylt Airport,54.9132,8.34047,medium_airport,Germany,德国,DE,Sylt,,
KDL,Kärdla Airport,58.99079895019531,22.830699920654297,medium_airport,Estonia,爱沙尼亚,EE,Kärdla,,
URE,Kuressaare Airport,58.22990036010742,22.50950050354004,medium_airport,Estonia,爱沙尼亚,EE,Kuressaare,,
EPU,Pärnu Airport,58.41899871826172,24.47279930114746,medium_airport,Estonia,爱沙尼亚,EE,Pärnu,,
EES,Berenice International Airport / Banas Cape Air Base,23.980437,35.460277,large_airport,Egypt,埃及,EG,Berenice Troglodytica,,
TLL,Lennart Meri Tallinn Airport,59.413246,24.83264,large_airport,Estonia,爱沙尼亚,EE,Tallinn,,Tallinna Lennujaam
TAY,Tartu Airport,58.307438,26.686473,medium_airport,Estonia,爱沙尼亚,EE,Tartu,,"Reola, Ülenurme Airport"
ENF,Enontekio Airport,68.362602233887,23.424299240112,medium_airport,Finland,芬兰,FI,Enontekio,,
KEV,Halli Airport,61.856039,24.786686,medium_airport,Finland,芬兰,FI,Jämsä,,Halli Air Base
HEL,Helsinki Vantaa Airport,60.318363,24.963341,large_airport,Finland,芬兰,FI,Helsinki,Helsinki (Vantaa),
KTQ,Kitee Airport,62.1661,30.073601,medium_airport,Finland,芬兰,FI,Kitee,,
IVL,Ivalo Airport,68.6073,27.4053,large_airport,Finland,芬兰,FI,Ivalo,,
JOE,Joensuu Airport,62.658815,29.619398,medium_airport,Finland,芬兰,FI,Joensuu,,
JYV,Jyväskylä Airport,62.399502,25.678301,medium_airport,Finland,芬兰,FI,Jyväskylän Maalaiskunta,,
KAU,Kauhava Airfield,63.127102,23.051399,medium_airport,Finland,芬兰,FI,Kauhava,,Kauhava Air Base
KEM,Kemi-Tornio Airport,65.778701782227,24.582099914551,medium_airport,Finland,芬兰,FI,Kemi / Tornio,,
KAJ,Kajaani Airport,64.2855,27.6924,medium_airport,Finland,芬兰,FI,Kajaani,,
KHJ,Kauhajoki Airfield,62.463212,22.390817,medium_airport,Finland,芬兰,FI,Kauhajoki,,
KOK,Kokkola-Pietarsaari Airport,63.721199,23.143101,medium_airport,Finland,芬兰,FI,Kokkola / Kruunupyy,,Kronoby Airport
KAO,Kuusamo Airport,65.987602,29.239401,medium_airport,Finland,芬兰,FI,Kuusamo,,
KTT,Kittilä International Airport,67.700996,24.8468,large_airport,Finland,芬兰,FI,Kittilä,,
KUO,Kuopio Airport,63.007099,27.7978,large_airport,Finland,芬兰,FI,Kuopio / Siilinjärvi,,
LPP,Lappeenranta Airport,61.044601,28.144743,large_airport,Finland,芬兰,FI,Lappeenranta,,
MHQ,Mariehamn Airport,60.1222,19.898199,medium_airport,Finland,芬兰,FI,Mariehamn,,
MIK,Mikkeli Airport,61.6866,27.201799,medium_airport,Finland,芬兰,FI,Mikkeli,,
OUL,Oulu Airport,64.930099,25.354601,large_airport,Finland,芬兰,FI,Oulu / Oulunsalo,,
POR,Pori Airport,61.4617,21.799999,medium_airport,Finland,芬兰,FI,Pori,,
RVN,Rovaniemi Airport,66.563327,25.829751,large_airport,Finland,芬兰,FI,Rovaniemi,,
SVL,Savonlinna Airport,61.9431,28.945101,medium_airport,Finland,芬兰,FI,Savonlinna,,
SJY,Seinäjoki Airport,62.692101,22.8323,medium_airport,Finland,芬兰,FI,Seinäjoki / Ilmajoki,,
SOT,Sodankyla Airport,67.3949966431,26.6191005707,medium_airport,Finland,芬兰,FI,Sodankyla,,
TMP,Tampere-Pirkkala Airport,61.414101,23.604401,large_airport,Finland,芬兰,FI,Tampere / Pirkkala,,
TKU,Turku Airport,60.514099,22.2628,large_airport,Finland,芬兰,FI,Turku,,
UTI,Utti Air Base,60.8964,26.9384,medium_airport,Finland,芬兰,FI,Utti / Valkeala,,
VAA,Vaasa Airport,63.05023,21.762543,large_airport,Finland,芬兰,FI,Vaasa,,
VRK,Varkaus Airport,62.171101,27.868601,medium_airport,Finland,芬兰,FI,Varkaus / Joroinen,,
YLI,Ylivieska Airfield,64.054722,24.725278,medium_airport,Finland,芬兰,FI,Ylivieska,,
BFS,Belfast International Airport,54.6575012207,-6.2158298492399995,large_airport,United Kingdom,英国,GB,Belfast,,"Aldergrove, RAF Aldergrove"
ENK,Enniskillen/St Angelo Airport,54.398274,-7.651179,medium_airport,United Kingdom,英国,GB,"Enniskillen, Fermanagh and Omagh",,
BHD,George Best Belfast City Airport,54.618099,-5.8725,medium_airport,United Kingdom,英国,GB,Belfast,,
LDY,City of Derry Airport,55.042801,-7.16111,medium_airport,United Kingdom,英国,GB,"Derry, Derry and Strabane",,Londonderry Eglinton Airport
BHX,Birmingham Airport,52.453899,-1.74803,large_airport,United Kingdom,英国,GB,"Birmingham, West Midlands",,Birmingham International Airport
GLO,Gloucestershire Airport,51.894199,-2.16722,medium_airport,United Kingdom,英国,GB,"Staverton, Gloucestershire",,Gloucester/Cheltenham
NQT,Nottingham City Airport,52.919998,-1.07917,medium_airport,United Kingdom,英国,GB,"Nottingham, Nottinghamshire",,
MAN,Manchester Airport,53.349375,-2.279521,large_airport,United Kingdom,英国,GB,"Manchester, Greater Manchester",,"Ringway Airport, RAF Ringway"
YEO,RNAS Yeovilton,51.009399,-2.63882,medium_airport,United Kingdom,英国,GB,"Yeovil, Somerset",,
CAL,Campbeltown Airport,55.437199,-5.68639,medium_airport,United Kingdom,英国,GB,Campbeltown,,"Kintyre, RAF Machrihanish, Kinlochkilkerran"
EOI,Eday Airport,59.19060134887695,-2.7722198963165283,medium_airport,United Kingdom,英国,GB,Eday,,London Airport
FIE,Fair Isle Airport,59.534721,-1.628509,small_airport,United Kingdom,英国,GB,Fair Isle,,
COL,Coll Airport,56.601898,-6.61778,small_airport,United Kingdom,英国,GB,Coll Island,,
NRL,North Ronaldsay Airport,59.3675003052,-2.43443989754,small_airport,United Kingdom,英国,GB,North Ronaldsay,,
OBN,Oban Airport,56.463501,-5.39967,small_airport,United Kingdom,英国,GB,North Connel,,
PPW,Papa Westray Airport,59.351012,-2.900353,small_airport,United Kingdom,英国,GB,"Papa Westray, Orkney Islands",,Papay
SOY,Stronsay Airport,59.1553,-2.64139,small_airport,United Kingdom,英国,GB,Stronsay,,
NDY,Sanday Airport,59.250301,-2.57667,small_airport,United Kingdom,英国,GB,Sanday,,
LWK,Lerwick / Tingwall Airport,60.1922,-1.24361,small_airport,United Kingdom,英国,GB,"Lerwick, Shetland Islands",,Lerwick
WRY,Westray Airport,59.350475,-2.950062,small_airport,United Kingdom,英国,GB,"Westray, Orkney Islands",,
CSA,Colonsay Airstrip,56.057499,-6.24306,small_airport,United Kingdom,英国,GB,Colonsay,,Machrins
HAW,Haverfordwest Airport,51.833099365234375,-4.9611101150512695,medium_airport,United Kingdom,英国,GB,Haverfordwest,,
CWL,Cardiff International Airport,51.396702,-3.34333,large_airport,United Kingdom,英国,GB,Cardiff,,"Caerdydd, Cardiff International Airport, Maes Awyr Caerdydd, Rhoose, Y Rhws"
SWS,Swansea Airport,51.601366,-4.071006,medium_airport,United Kingdom,英国,GB,Swansea,,"Abertawe, Fairwood Common, RAF Fairwood Common, Maes Awyr Abertawe"
BRS,Bristol Airport,51.382326,-2.716453,large_airport,United Kingdom,英国,GB,Bristol,,Lulsgate Bottom
LPL,Liverpool John Lennon Airport,53.334863,-2.849637,large_airport,United Kingdom,英国,GB,Liverpool,,
LTN,London Luton Airport,51.874699,-0.368333,large_airport,United Kingdom,英国,GB,"Luton, Luton",,LON
LEQ,Land's End Airport,50.102798,-5.67056,small_airport,United Kingdom,英国,GB,"Land's End, Cornwall",,St. Just Airport
ISC,St. Mary's Airport,49.913375,-6.291894,small_airport,United Kingdom,英国,GB,"St. Mary's, Isles of Scilly",,
BOH,Bournemouth Airport,50.780483,-1.839576,medium_airport,United Kingdom,英国,GB,Bournemouth,,RAF Hurn
SOU,Southampton Airport,50.950298,-1.3568,medium_airport,United Kingdom,英国,GB,Southampton,,"RAF Eastleigh, RAF Southampton"
NQY,Cornwall Airport Newquay,50.440601,-4.99541,medium_airport,United Kingdom,英国,GB,Newquay,,"St Mawgan, EGDG"
ACI,Alderney Airport,49.706104,-2.21472,medium_airport,Guernsey,根西,GG,Saint Anne,,"The Blaye, Channel Islands"
GCI,Guernsey Airport,49.435001,-2.60197,medium_airport,Guernsey,根西,GG,Saint Peter Port,,Channel Islands
JER,Jersey Airport,49.207901,-2.19551,medium_airport,Jersey,泽西,JE,St. Peter,,Channel Islands
ESH,Brighton City Airport,50.835602,-0.297222,medium_airport,United Kingdom,英国,GB,"Brighton, East Sussex",,Shoreham Airport
BQH,London Biggin Hill Airport,51.33079910279999,0.0324999988079,medium_airport,United Kingdom,英国,GB,London,,"LON, RAF Biggin Hill"
LGW,London Gatwick Airport,51.148744,-0.185739,large_airport,United Kingdom,英国,GB,London,,"LON, Crawley, Charlwood"
LCY,London City Airport,51.505299,0.055278,medium_airport,United Kingdom,英国,GB,London,,LON
FAB,Farnborough Airport,51.275799,-0.776333,medium_airport,United Kingdom,英国,GB,"Farnborough, Hampshire",,"TAG London Farnborough Airport, RAE Farnborough, EGUF"
BBS,Blackbushe Airport,51.323898,-0.8475,medium_airport,United Kingdom,英国,GB,"Camberley, Surrey",,RAF Hartford Bridge
LHR,London Heathrow Airport,51.470748,-0.459909,large_airport,United Kingdom,英国,GB,London,,"LON, Londres"
SEN,London Southend Airport,51.570562,0.693627,medium_airport,United Kingdom,英国,GB,"Southend-on-Sea, Essex",,RAF Rochford
LYX,Lydd London Ashford Airport,50.956246,0.939074,medium_airport,United Kingdom,英国,GB,"Romney Marsh, Kent",,London Ashford
CAX,Carlisle Lake District Airport,54.9375,-2.80917,medium_airport,United Kingdom,英国,GB,"Carlisle, Cumbria",,
BLK,Blackpool Airport,53.771702,-3.02861,medium_airport,United Kingdom,英国,GB,Blackpool,,
HUY,Humberside Airport,53.576152,-0.34954,medium_airport,United Kingdom,英国,GB,"Grimsby, Lincolnshire",,RAF Kirmington
BWF,Barrow Walney Island Airport,54.1286111,-3.2675,medium_airport,United Kingdom,英国,GB,Barrow-in-Furness,,
LBA,Leeds Bradford Airport,53.865898,-1.66057,large_airport,United Kingdom,英国,GB,"Leeds, West Yorkshire",,
WRT,Warton Aerodrome,53.745098,-2.88306,medium_airport,United Kingdom,英国,GB,Warton,,
CEG,Hawarden Airport,53.178101,-2.97778,medium_airport,United Kingdom,英国,GB,Broughton,,Chester
IOM,Isle of Man Airport,54.083081,-4.623871,large_airport,Isle of Man,马恩岛,IM,Castletown,,"Ronaldsway, Douglas"
NCL,Newcastle International Airport,55.037958,-1.689577,large_airport,United Kingdom,英国,GB,"Newcastle upon Tyne, Tyne and Wear",,
MME,Teesside International Airport,54.509201,-1.42941,medium_airport,United Kingdom,英国,GB,"Darlington, Durham",,"Durham Tees Valley Airport, RAF Middleton St George, Tees-Side"
EMA,East Midlands Airport,52.8311,-1.32806,large_airport,United Kingdom,英国,GB,"Nottingham, Leicestershire",,RAF Castle Donington
VLY,Anglesey Airport,53.2481,-4.53534,medium_airport,United Kingdom,英国,GB,Angelsey,,"Maes Awyr Môn, RAF Valley"
KOI,Kirkwall Airport,58.957903,-2.905077,medium_airport,United Kingdom,英国,GB,"Kirkwall, Orkney Islands",,"RNAS Grimsetter, HMS Robin"
LSI,Sumburgh Airport,59.878899,-1.29556,medium_airport,United Kingdom,英国,GB,"Lerwick, Shetland",,Shetlands
WIC,Wick John O'Groats Airport,58.4589,-3.09306,medium_airport,United Kingdom,英国,GB,Wick,,
ABZ,Aberdeen International Airport,57.2019,-2.19778,large_airport,United Kingdom,英国,GB,Aberdeen,,Dyce
INV,Inverness Airport,57.5425,-4.0475,medium_airport,United Kingdom,英国,GB,Inverness,,
GLA,Glasgow Airport,55.871899,-4.43306,large_airport,United Kingdom,英国,GB,Glasgow,,"Port-adhair Eadar-nàiseanta Ghlaschu, RAF Abbotsinch, RAF Ayr"
EDI,Edinburgh Airport,55.950145,-3.372288,large_airport,United Kingdom,英国,GB,"Ingliston, Edinburgh",,
ILY,Islay Airport,55.682708,-6.257525,medium_airport,United Kingdom,英国,GB,"Isle of Islay, Argyll and Bute",,"Glenegedale, Islay, Port Ellen"
PIK,Glasgow Prestwick Airport,55.501499,-4.577182,large_airport,United Kingdom,英国,GB,"Prestwick, South Ayrshire",,
BEB,Benbecula Airport,57.481098,-7.36278,medium_airport,United Kingdom,英国,GB,Balivanich,,
DND,Dundee Airport,56.452499,-3.02583,medium_airport,United Kingdom,英国,GB,Dundee,,
SYY,Stornoway Airport,58.215599,-6.33111,medium_airport,United Kingdom,英国,GB,"Stornoway, Western Isles",,Lewis
BRR,Barra Airport,57.0228,-7.44306,medium_airport,United Kingdom,英国,GB,Eoligarry,,"Barra Eoligarry Airport, Barra Island"
TRE,Tiree Airport,56.499199,-6.86917,medium_airport,United Kingdom,英国,GB,"Balemartine, Argyll and Bute",,Inner Hebrides
ADX,Leuchars Station Airfield,56.37398,-2.868862,medium_airport,United Kingdom,英国,GB,"Leuchars, Fife",,
LMO,RAF Lossiemouth,57.7052,-3.33917,medium_airport,United Kingdom,英国,GB,"Lossiemouth, Moray",,
CBG,Cambridge City Airport,52.205002,0.175,medium_airport,United Kingdom,英国,GB,"Cambridge, Cambridgeshire",,"Marshall, RAF Cambridge"
NWI,Norwich Airport,52.6758,1.28278,medium_airport,United Kingdom,英国,GB,"Norwich, Norfolk",,RAF Horsham St Faith
STN,London Stansted Airport,51.884998,0.235,large_airport,United Kingdom,英国,GB,"London, Essex",,LON
EXT,Exeter International Airport,50.734261,-3.413984,medium_airport,United Kingdom,英国,GB,"Exeter, Devon",,
OXF,London Oxford Airport,51.836899,-1.32,medium_airport,United Kingdom,英国,GB,"Kidlington, Oxfordshire",,RAF Kidlington
BEX,RAF Benson,51.614366,-1.095991,medium_airport,United Kingdom,英国,GB,"Wallingford, Oxfordshire",,Benson
LKZ,RAF Lakenheath,52.40954,0.561161,medium_airport,United Kingdom,英国,GB,"Brandon, Suffolk",,
MHZ,RAF Mildenhall,52.3619,0.486406,medium_airport,United Kingdom,英国,GB,"Bury Saint Edmunds, Suffolk",,
FFD,RAF Fairford,51.683568,-1.789172,medium_airport,United Kingdom,英国,GB,"Fairford, Gloucestershire",,
BZZ,RAF Brize Norton,51.75,-1.58362,medium_airport,United Kingdom,英国,GB,"Carterton, Oxfordshire",,Royal Air Force
ODH,RAF Odiham,51.2341,-0.942825,medium_airport,United Kingdom,英国,GB,"Hook, Hampshire",,Odiham
NHT,RAF Northolt,51.553001,-0.418167,medium_airport,United Kingdom,英国,GB,"Northolt, Greater London",,
QCY,RAF Coningsby,53.092999,-0.166014,medium_airport,United Kingdom,英国,GB,"Lincoln, Lincolnshire",,Coningsby
BEQ,RAF Honington,52.342602,0.772939,medium_airport,United Kingdom,英国,GB,"Bury Saint Edmunds, Suffolk",,
WTN,RAF Waddington,53.166199,-0.523811,medium_airport,United Kingdom,英国,GB,"Lincoln, Lincolnshire",,Waddington
KNF,RAF Marham,52.648395,0.550692,medium_airport,United Kingdom,英国,GB,"King's Lynn, Norfolk",,King's Lynn
MPN,Mount Pleasant Airport / RAF Mount Pleasant,-51.822642,-58.445777,medium_airport,Falkland Is.,福克兰群岛,FK,Mount Pleasant,,RAF Mount Pleasant
AMS,Amsterdam Airport Schiphol,52.308601,4.76389,large_airport,Netherlands,荷兰,NL,Amsterdam,,
MST,Maastricht Aachen Airport,50.911087,5.769401,large_airport,Netherlands,荷兰,NL,Maastricht,,
EIN,Eindhoven Airport,51.4500999451,5.37452983856,large_airport,Netherlands,荷兰,NL,Eindhoven,,Welschap Airport
GRQ,Groningen Airport Eelde,53.119107,6.577652,large_airport,Netherlands,荷兰,NL,Groningen,,
GLZ,Gilze Rijen Air Base,51.567402,4.93183,medium_airport,Netherlands,荷兰,NL,Rijen,,
DHR,De Kooy Airfield / Den Helder Naval Air Station,52.923401,4.78062,medium_airport,Netherlands,荷兰,NL,Den Helder,,
LEY,Lelystad Airport,52.453188,5.514622,medium_airport,Netherlands,荷兰,NL,Lelystad,,
LWR,Leeuwarden Air Base,53.228599548339844,5.760560035705566,medium_airport,Netherlands,荷兰,NL,Leeuwarden,,
RTM,Rotterdam The Hague Airport,51.956902,4.43722,large_airport,Netherlands,荷兰,NL,Rotterdam,,Vliegveld Zestienhoven
ENS,Twente Airport,52.275833,6.889167,medium_airport,Netherlands,荷兰,NL,Enschede,,
UDE,Volkel Air Base,51.657222,5.707778,medium_airport,Netherlands,荷兰,NL,Uden,,The Hague
WOE,Woensdrecht Air Base,51.4491,4.34203,medium_airport,Netherlands,荷兰,NL,Hoogerheide,,"BZM, Vliegbasis Woensdrecht"
NNR,Connemara Regional Airport,53.23030090332031,-9.467780113220215,small_airport,Ireland,爱尔兰,IE,Inverin,,"Aerfort na Minna, Indreabhán"
ORK,Cork International Airport,51.841301,-8.49111,large_airport,Ireland,爱尔兰,IE,Cork,,Aerfort Chorcaí
CFN,Donegal Airport,55.0442008972168,-8.340999603271484,medium_airport,Ireland,爱尔兰,IE,Donegal,,Gweedore
DUB,Dublin Airport,53.428713,-6.262121,large_airport,Ireland,爱尔兰,IE,Dublin,,Aerfort Bhaile Átha Cliath
IOR,Inishmore Aerodrome,53.1067008972168,-9.653610229492188,small_airport,Ireland,爱尔兰,IE,Inis Mór,,Aran Islands
INQ,Inisheer Aerodrome,53.064701,-9.5109,small_airport,Ireland,爱尔兰,IE,Inis Oírr,,Aran Islands
NOC,Ireland West Airport Knock,53.910439,-8.817002,large_airport,Ireland,爱尔兰,IE,Charlestown,,"Connaught, Horan International Airport"
KIR,Kerry Airport,52.180901,-9.52378,medium_airport,Ireland,爱尔兰,IE,Farranfore,,
IIA,Inishmaan Aerodrome,53.092999,-9.56806,small_airport,Ireland,爱尔兰,IE,Inis Meáin,,Aran Islands
SNN,Shannon Airport,52.702,-8.92482,large_airport,Ireland,爱尔兰,IE,Shannon,,
SXL,Sligo Airport,54.280200958252,-8.5992097854614,medium_airport,Ireland,爱尔兰,IE,Sligo,,
WAT,Waterford Airport,52.187199,-7.08696,medium_airport,Ireland,爱尔兰,IE,Waterford,,
EJT,Enejit Airport,6.0404,171.9846,small_airport,Marshall Is.,马绍尔群岛,MH,Enejit Island,,Enajet
AAR,Aarhus Airport,56.303331,10.618286,large_airport,Denmark,丹麦,DK,Aarhus,,Tirstrup
BLL,Billund Airport,55.740335,9.157019,large_airport,Denmark,丹麦,DK,Billund,,
CPH,Copenhagen Kastrup Airport,55.617900848389,12.656000137329,large_airport,Denmark,丹麦,DK,Copenhagen,,"København, Malmö"
EBJ,Esbjerg Airport,55.525902,8.5534,medium_airport,Denmark,丹麦,DK,Esbjerg,,"offshore, North Sea"
KRP,Midtjyllands Airport / Air Base Karup,56.297139,9.104311,medium_airport,Denmark,丹麦,DK,Karup,,Karup Airport
BYR,Læsø Airport,57.277199,11.0001,small_airport,Denmark,丹麦,DK,Læsø,,"Laeso, Laesoe"
MRW,Lolland Falster Maribo Airport,54.699447,11.438163,medium_airport,Denmark,丹麦,DK,Rødby,,
ODE,Odense Hans Christian Andersen Airport,55.475307,10.327206,large_airport,Denmark,丹麦,DK,Odense,,Beldringe
RKE,Copenhagen Roskilde Airport,55.585602,12.1314,medium_airport,Denmark,丹麦,DK,Roskilde,,"København, Copenhagen"
RNN,Bornholm Airport,55.063301,14.7596,medium_airport,Denmark,丹麦,DK,Rønne,,Roenne
SGD,Sønderborg Airport,54.96440124511719,9.791729927062988,medium_airport,Denmark,丹麦,DK,Sønderborg,,"Sonderborg, Soenderborg"
CNL,Sindal Airport,57.503502,10.2294,medium_airport,Denmark,丹麦,DK,Sindal,,
SKS,Skrydstrup Air Base,55.221048,9.26702,medium_airport,Denmark,丹麦,DK,Vojens,,
SQW,Skive Airport,56.550201,9.17298,medium_airport,Denmark,丹麦,DK,Skive,,
TED,Thisted Airport,57.068802,8.70522,medium_airport,Denmark,丹麦,DK,Thisted,,
FAE,Vágar Airport,62.063256,-7.275782,large_airport,Faeroe Is.,法罗群岛,FO,Vágar,,"Faroes, RAF Vágar"
STA,Stauning Vestjylland  Airport,55.990101,8.35391,medium_airport,Denmark,丹麦,DK,Skjern,,Ringkøbing
AAL,Aalborg Airport,57.094763,9.84993,large_airport,Denmark,丹麦,DK,Aalborg,,
LUX,Luxembourg-Findel International Airport,49.626845,6.212134,large_airport,Luxembourg,卢森堡,LU,Luxembourg,,
AES,Ålesund Airport,62.560443,6.110845,large_airport,Norway,挪威,NO,Ålesund,,"Vigra, Ålesund Vigra Airport"
ANX,"Andøya Airport, Andenes",69.295193,16.139379,medium_airport,Norway,挪威,NO,Andenes,,
ALF,Alta Airport,69.976097,23.3717,medium_airport,Norway,挪威,NO,Alta,,
FDE,"Førde Airport, Bringeland",61.391102,5.75694,small_airport,Norway,挪威,NO,Førde,,bringeland
BNN,"Brønnøysund Airport, Brønnøy",65.461098,12.2175,medium_airport,Norway,挪威,NO,Brønnøy,,Bronnoy
BOO,Bodø Airport,67.269203,14.3653,large_airport,Norway,挪威,NO,Bodø,,"Bodø Air Force Base, Bodø Main Air Station"
BGO,"Bergen Airport, Flesland",60.2934,5.21814,large_airport,Norway,挪威,NO,Bergen,,
BJF,Båtsfjord Airport,70.60025,29.692612,medium_airport,Norway,挪威,NO,Båtsfjord,,
BVG,Berlevåg Airport,70.871517,29.034097,medium_airport,Norway,挪威,NO,Berlevåg,,
KRS,Kristiansand Airport,58.204201,8.08537,large_airport,Norway,挪威,NO,Kristiansand,Kristiansand(Kjevik),Kjevik Airport
BDU,Bardufoss Airport,69.055801,18.5404,medium_airport,Norway,挪威,NO,Målselv,,
EVE,Harstad/Narvik Airport,68.491302,16.678101,large_airport,Norway,挪威,NO,Evenes,,"Harstad/Narvik lufthavn, Evenes, Evenes Airport"
FRO,Florø Airport,61.583599090576,5.0247201919556,medium_airport,Norway,挪威,NO,Florø,,Floro
OSL,Oslo-Gardermoen International Airport,60.193901,11.1004,large_airport,Norway,挪威,NO,Oslo,Oslo (Gardermoen),
HAU,"Haugesund Airport, Karmøy",59.345299,5.20836,medium_airport,Norway,挪威,NO,Karmøy,,Karmoy
HFT,Hammerfest Airport,70.679703,23.6686,medium_airport,Norway,挪威,NO,Hammerfest,,
HAA,Hasvik Airport,70.486702,22.1397,small_airport,Norway,挪威,NO,Hasvik,,
HVG,"Honningsvåg Airport, Valan",71.009697,25.983601,medium_airport,Norway,挪威,NO,Honningsvåg,,North Cape Airport
KSU,"Kristiansund Airport, Kvernberget",63.111801,7.82452,medium_airport,Norway,挪威,NO,Kvernberget,,"Kristiansund lufthavn, Kvernberget"
KKN,"Kirkenes Airport, Høybuktmoen",69.7258,29.8913,medium_airport,Norway,挪威,NO,Kirkenes,,
LKN,Leknes Airport,68.152496337891,13.609399795532,medium_airport,Norway,挪威,NO,Leknes,,Leknes lufthavn
MEH,Mehamn Airport,71.029701,27.8267,medium_airport,Norway,挪威,NO,Mehamn,,
MOL,"Molde Airport, Årø",62.744701,7.2625,medium_airport,Norway,挪威,NO,Årø,,Aro
MJF,"Mosjøen Airport, Kjærstad",65.783997,13.2149,medium_airport,Norway,挪威,NO,Mosjøen,,
LKL,"Lakselv Airport, Banak",70.068802,24.973499,medium_airport,Norway,挪威,NO,Lakselv,,North Cape Airport
OSY,Namsos Airport,64.472198,11.5786,small_airport,Norway,挪威,NO,Namsos,,"Namsos lufthavn, Høknesøra"
NTB,Notodden Airport,59.565071,9.213152,medium_airport,Norway,挪威,NO,Notodden,,
OLA,Ørland Airport,63.69889831542969,9.604000091552734,medium_airport,Norway,挪威,NO,Ørland,,Orland
HOV,"Ørsta-Volda Airport, Hovden",62.180000305176,6.0741000175476,medium_airport,Norway,挪威,NO,Ørsta,,
MQN,"Mo i Rana Airport, Røssvoll",66.363899230957,14.301400184631,medium_airport,Norway,挪威,NO,Mo i Rana,,
RVK,"Rørvik Airport, Ryum",64.838302612305,11.14610004425,medium_airport,Norway,挪威,NO,Rørvik,,
RRS,Røros Airport,62.578399658203,11.342300415039,medium_airport,Norway,挪威,NO,Røros,,Roros
RET,Røst Airport,67.526482,12.101575,small_airport,Norway,挪威,NO,Røst,,Rost Airport
LYR,"Svalbard Airport, Longyear",78.246101,15.4656,medium_airport,Norway,挪威,NO,Longyearbyen,,
SDN,"Sandane Airport, Anda",61.830002,6.10583,small_airport,Norway,挪威,NO,Sandane,,
SOG,"Sogndal Airport, Haukåsen",61.156101,7.13778,small_airport,Norway,挪威,NO,Sogndal,,Haukåsen
SVJ,"Svolvær Airport, Helle",68.243301,14.6692,medium_airport,Norway,挪威,NO,Svolvær,,"Svolvær lufthavn, Helle"
SKN,"Stokmarknes Airport, Skagen",68.578827,15.033417,medium_airport,Norway,挪威,NO,Hadsel,,"Stokmarknes lufthavn, Skagen"
SRP,"Stord Airport, Sørstokken",59.791901,5.34085,medium_airport,Norway,挪威,NO,Leirvik,,"Sorstokken, Sørstokken"
SOJ,Sørkjosen Airport,69.786797,20.9594,medium_airport,Norway,挪威,NO,Sørkjosen,,
VAW,"Vardø Airport, Svartnes",70.3554,31.044901,medium_airport,Norway,挪威,NO,Vardø,,
SSJ,"Sandnessjøen Airport, Stokka",65.956802,12.4689,medium_airport,Norway,挪威,NO,Alstahaug,,
TOS,Tromsø Airport,69.683296,18.9189,large_airport,Norway,挪威,NO,Tromsø,,"Langnes, Tromsøya, Tromso"
TRF,"Sandefjord Airport, Torp",59.186699,10.2586,large_airport,Norway,挪威,NO,Sandefjord,Sandefjord(Torp),Torp
TRD,"Trondheim Airport, Værnes",63.457802,10.924,large_airport,Norway,挪威,NO,Trondheim,,
VDS,Vadsø Airport,70.0653,29.8447,medium_airport,Norway,挪威,NO,Vadsø,,
SVG,"Stavanger Airport, Sola",58.876701,5.63778,large_airport,Norway,挪威,NO,Stavanger,,"Sola Air Station, Stavanger lufthavn, Sola"
BZG,Ignacy Jan Paderewski Bydgoszcz Airport,53.096802,17.977699,medium_airport,Poland,波兰,PL,Bydgoszcz,,"Szwederowo, Bromberg"
GDN,Gdańsk Lech Wałęsa Airport,54.377602,18.4662,large_airport,Poland,波兰,PL,Gdańsk,,Gdańsk-Rębiechowo
KRK,Kraków John Paul II International Airport,50.077702,19.7848,large_airport,Poland,波兰,PL,Balice,,Krakov
KTW,Katowice Wojciech Korfanty International Airport,50.476015,19.080705,large_airport,Poland,波兰,PL,Katowice,,"Pyrzowice, Dąbrowa Górnicza, Katowice, Silesia, GOP, Silesia Metropolis, Gliwice, Piekary Śląskie, Bytom, Zabrze, Sosnowiec"
LUZ,Lublin Airport,51.240157,22.713461,large_airport,Poland,波兰,PL,Lublin,,
LCJ,Łódź Władysław Reymont Airport,51.721901,19.3981,large_airport,Poland,波兰,PL,Łódź,,Lublinek
WMI,Warsaw Modlin Airport,52.451099,20.6518,large_airport,Poland,波兰,PL,Nowy Dwór Mazowiecki,,"Warsaw, Warszawa"
POZ,Poznań-Ławica Airport,52.421598,16.823359,large_airport,Poland,波兰,PL,Poznań,,Poznań–Ławica Henryk Wieniawski Airport
RDO,Warsaw Radom Airport,51.38937,21.214742,medium_airport,Poland,波兰,PL,Radom,,"Radom Military Air Base, Radom-Sadków Airport, Warszawa-Radom, Lotnisko Warszawa-Radom im. Bohaterów Radomskiego Czerwca 1976 Roku, Heroes of Radom June 1976 Warsaw Radom"
RZE,Rzeszów-Jasionka Airport,50.109791,22.024155,large_airport,Poland,波兰,PL,Jasionka,,
SZZ,Solidarity Szczecin–Goleniów Airport,53.584702,14.9022,large_airport,Poland,波兰,PL,Szczecin,Szczecin(Glewice),"Solidarność, Glewice, Port Lotniczy Szczecin–Goleniów im. NSZZ Solidarność"
SZY,Olsztyn-Mazury Airport,53.481899,20.9377,medium_airport,Poland,波兰,PL,Szymany,,
WAW,Warsaw Chopin Airport,52.165699,20.9671,large_airport,Poland,波兰,PL,Warsaw,,"Okęcie, Warszawa"
WRO,Copernicus Wrocław Airport,51.103719,16.882096,large_airport,Poland,波兰,PL,Wrocław,,"Strachowice, Breslau, Wroclaw"
IEG,Zielona Góra-Babimost Airport,52.1385,15.7986,medium_airport,Poland,波兰,PL,Nowe Kramsko,,
RNB,Ronneby Airport,56.266701,15.265,medium_airport,Sweden,瑞典,SE,Ronneby,,
GOT,Göteborg Landvetter Airport,57.6628,12.2798,large_airport,Sweden,瑞典,SE,Göteborg,,"Göteborg-Landvetter, Gothenburg"
JKG,Jönköping Airport,57.757598876953125,14.068699836730957,medium_airport,Sweden,瑞典,SE,Jönköping,,
GSE,Säve Airport,57.7747,11.8704,medium_airport,Sweden,瑞典,SE,Göteborg,,"Göteborg City Airport, Gothenburg City Airport"
KVB,Skövde Airport,58.456402,13.9727,medium_airport,Sweden,瑞典,SE,Skövde,,
THN,Trollhättan-Vänersborg Airport,58.31809997558594,12.345000267028809,medium_airport,Sweden,瑞典,SE,Trollhättan,,
KSK,Karlskoga Airport,59.345901,14.4959,medium_airport,Sweden,瑞典,SE,Karlskoga,,
MXX,Mora Airport,60.957901,14.5114,medium_airport,Sweden,瑞典,SE,Mora,,
NYO,Stockholm Skavsta Airport,58.789656,16.911479,large_airport,Sweden,瑞典,SE,Nyköping,,
SCR,Scandinavian Mountains Airport,61.16508,12.83352,large_airport,Sweden,瑞典,SE,Malung-Sälen,,"Sälens Flygplats, Trysil, Sälen Trysil Airport, Sälen/Scandinavian Mountains Airport"
KID,Kristianstad Airport,55.9217,14.0855,medium_airport,Sweden,瑞典,SE,Kristianstad,,
KLR,Kalmar Airport,56.685501,16.2876,medium_airport,Sweden,瑞典,SE,Kalmar,,
MMX,Malmö Sturup Airport,55.535564,13.376327,large_airport,Sweden,瑞典,SE,Malmö,,
HAD,Halmstad Airport,56.69110107421875,12.820199966430664,medium_airport,Sweden,瑞典,SE,Halmstad,,
VXO,Växjö Kronoberg Airport,56.929100036621094,14.727999687194824,medium_airport,Sweden,瑞典,SE,Växjö,,
EVG,Sveg Airport,62.047798,14.4229,small_airport,Sweden,瑞典,SE,Sveg,,
GEV,Gällivare Airport,67.13240051269531,20.814599990844727,medium_airport,Sweden,瑞典,SE,Gällivare,,
KRF,Kramfors-Sollefteå Höga Kusten Airport,63.048599,17.7689,medium_airport,Sweden,瑞典,SE,Nyland,,
LYC,Lycksele Airport,64.548302,18.7162,medium_airport,Sweden,瑞典,SE,Lycksele,,
SDL,Sundsvall-Härnösand Airport,62.528099060058594,17.443899154663086,medium_airport,Sweden,瑞典,SE,Sundsvall/ Härnösand,,
OER,Örnsköldsvik Airport,63.40829849243164,18.989999771118164,medium_airport,Sweden,瑞典,SE,Örnsköldsvik,,
KRN,Kiruna Airport,67.821999,20.3368,large_airport,Sweden,瑞典,SE,Kiruna,,
SFT,Skellefteå Airport,64.62480163574219,21.076900482177734,medium_airport,Sweden,瑞典,SE,Skellefteå,,
UME,Umeå Airport,63.791801,20.282801,large_airport,Sweden,瑞典,SE,Umeå,,
VHM,Vilhelmina South Lapland Airport,64.579102,16.833599,medium_airport,Sweden,瑞典,SE,Vilhelmina,,
AJR,Arvidsjaur Airport,65.59030151367188,19.28190040588379,medium_airport,Sweden,瑞典,SE,Arvidsjaur,,
SOO,Söderhamn Airport,61.261501,17.0991,medium_airport,Sweden,瑞典,SE,Söderhamn,,
OSD,Åre Östersund Airport,63.193546,14.504168,medium_airport,Sweden,瑞典,SE,Östersund,,"F4 Frösön Air Base, ESPC, Östersund–Frösön Airport"
ORB,Örebro Airport,59.22370147705078,15.038000106811523,medium_airport,Sweden,瑞典,SE,Örebro,,
HFS,Hagfors Airport,60.0201,13.5789,small_airport,Sweden,瑞典,SE,Råda,,
KSD,Karlstad Airport,59.444698,13.3374,medium_airport,Sweden,瑞典,SE,Karlstad,,
VST,Stockholm Västerås Airport,59.589401,16.6336,large_airport,Sweden,瑞典,SE,Stockholm / Västerås,,
LLA,Luleå Airport,65.5438,22.122,large_airport,Sweden,瑞典,SE,Luleå,,Kallax Air Base
ARN,Stockholm-Arlanda Airport,59.64849,17.928829,large_airport,Sweden,瑞典,SE,Stockholm,,
BMA,Stockholm-Bromma Airport,59.354401,17.9417,medium_airport,Sweden,瑞典,SE,Stockholm,,
BLE,Dala Airport,60.422001,15.5152,medium_airport,Sweden,瑞典,SE,Borlange,,
LPI,Linköping City Airport,58.404909,15.684499,large_airport,Sweden,瑞典,SE,Linköping,,
NRK,Norrköping Airport,58.586299896240234,16.250600814819336,medium_airport,Sweden,瑞典,SE,Norrköping,,Kungsangen
TYF,Torsby Airport,60.1576,12.9913,medium_airport,Sweden,瑞典,SE,Torsby,,
EKT,Eskilstuna Airport,59.351101,16.708401,medium_airport,Sweden,瑞典,SE,Eskilstuna,,
VBY,Visby Airport,57.6628,18.346201,large_airport,Sweden,瑞典,SE,Visby,,
AGH,Ängelholm-Helsingborg Airport,56.29610061645508,12.847100257873535,medium_airport,Sweden,瑞典,SE,Ängelholm,,"ESDB, Ängelholm Air Base"
SQO,Storuman Airport,64.960899,17.6966,medium_airport,Sweden,瑞典,SE,Storuman,,
PJA,Pajala Airport,67.244569,23.074894,small_airport,Sweden,瑞典,SE,Pajala,,
HMV,Hemavan Airport,65.806099,15.0828,small_airport,Sweden,瑞典,SE,Hemavan,,
SHC,Shire Inda Selassie Airport,14.075699,38.273592,small_airport,Ethiopia,埃塞俄比亚,ET,Shire Inda Selassie,,"Indaselassie, Indasilase"
SPM,Spangdahlem Air Base,49.976507,6.698413,medium_airport,Germany,德国,DE,Trier,,
RMS,Ramstein Air Base,49.436901,7.60028,medium_airport,Germany,德国,DE,Ramstein-Miesenbach,,Landstuhl Air Base
FRZ,Fritzlar Army Airfield,51.1146,9.286,medium_airport,Germany,德国,DE,Fritzlar,,Heeresflugplatz Fritzlar
FCN,Sea-Airport Cuxhaven/Nordholz / Nordholz Naval Airbase,53.767689,8.659201,medium_airport,Germany,德国,DE,Wurster Nordseeküste,,"Cuxhaven, Fliegerhorst Nordholz, Flughafen Cuxhaven/Nordholz"
GKE,Geilenkirchen Air Base,50.9608,6.04242,medium_airport,Germany,德国,DE,Geilenkirchen,,
RLG,Rostock-Laage Airport,53.918201,12.2783,medium_airport,Germany,德国,DE,Laage,,
WBG,Schleswig Air Base,54.459301,9.51633,medium_airport,Germany,德国,DE,Jagel,,
WIE,Wiesbaden Army Airfield,50.049800872802734,8.325400352478027,medium_airport,Germany,德国,DE,Wiesbaden,,
IGS,Ingolstadt Manching Airport,48.7156982421875,11.534000396728516,medium_airport,Germany,德国,DE,Manching,,
LPX,Liepāja International Airport,56.517502,21.096901,large_airport,Latvia,拉脱维亚,LV,Liepāja,,
RIX,Riga International Airport,56.920752,23.970711,large_airport,Latvia,拉脱维亚,LV,Riga,,
KUN,Kaunas International Airport,54.963965,24.08582,large_airport,Lithuania,立陶宛,LT,Kaunas,,Kauno tarptautinis Oro Uostas
PLQ,Palanga International Airport,55.973202,21.093901,large_airport,Lithuania,立陶宛,LT,Palanga,,
PNV,Panevėžys Air Base,55.729400634765625,24.460800170898438,medium_airport,Lithuania,立陶宛,LT,Panevėžys,,"Pajuostis, Tulpė"
SQQ,Šiauliai International Airport,55.89390182495117,23.395000457763672,medium_airport,Lithuania,立陶宛,LT,Šiauliai,,"Zokniai Airport, Zoknių oro uostas"
VNO,Vilnius International Airport,54.634102,25.285801,large_airport,Lithuania,立陶宛,LT,Vilnius,,
ALJ,Alexander Bay Airport,-28.575001,16.5333,medium_airport,South Africa,南非,ZA,Alexander Bay,,Kortdoorn
AGZ,Aggeneys Airport,-29.281799,18.8139,medium_airport,South Africa,南非,ZA,Aggeneys,,
BIY,Bisho Airport,-32.897099,27.2791,medium_airport,South Africa,南非,ZA,Bisho,,
BFN,Bram Fischer International Airport,-29.092699,26.302401,large_airport,South Africa,南非,ZA,Bloemfontein,,"AFB Bloemspruit, Bloemspruit"
CPT,Cape Town International Airport,-33.97403,18.604333,large_airport,South Africa,南非,ZA,Cape Town,,"Kaapstad Internasionale Lughawe, CTIA, DF Malan Airport"
ELS,King Phalo Airport,-33.035599,27.825899,large_airport,South Africa,南非,ZA,East London,,
FCB,Ficksburg Sentraoes Airport,-28.82309913635254,27.908899307250977,medium_airport,South Africa,南非,ZA,Ficksburg,,
GCJ,Grand Central Airport,-25.986299514799995,28.1401004791,medium_airport,South Africa,南非,ZA,Midrand,,
GRJ,George Airport,-34.0056,22.378902,large_airport,South Africa,南非,ZA,George,,P.W. Botha Airport
QRA,Rand Airport,-26.2425,28.151199,medium_airport,South Africa,南非,ZA,Johannesburg,,
HRS,Harrismith Airport,-28.2351,29.106199,medium_airport,South Africa,南非,ZA,Harrismith,,
HDS,Eastgate Airport / Air Force Base Hoedspruit,-24.361864,31.052921,medium_airport,South Africa,南非,ZA,Hoedspruit,,"Hoedspruit Airport, Hoedspruit Air Force Base"
KXE,P C Pelser Airport,-26.871099,26.718,medium_airport,South Africa,南非,ZA,Klerksdorp,,
KIM,Kimberley Airport,-28.805401,24.764872,large_airport,South Africa,南非,ZA,Kimberley,,
MQP,Kruger Mpumalanga International Airport,-25.383327,31.105325,large_airport,South Africa,南非,ZA,Mbombela,,
KMH,Johan Pienaar Airport,-27.456596,23.411946,medium_airport,South Africa,南非,ZA,Kuruman,,
KLZ,Kleinsee Airport,-29.6884002686,17.093999862700002,medium_airport,South Africa,南非,ZA,Kleinsee,,
HLA,Lanseria International Airport,-25.938964,27.926642,large_airport,South Africa,南非,ZA,Johannesburg,,
LMR,Lime Acres Finsch Mine Airport,-28.36009979248047,23.43910026550293,medium_airport,South Africa,南非,ZA,Lime Acres,,
DUR,King Shaka International Airport,-29.6144444444,31.1197222222,large_airport,South Africa,南非,ZA,Durban,,La Mercy Airport
SDB,Langebaanweg Airport,-32.968898773199996,18.1602993011,medium_airport,South Africa,南非,ZA,Langebaanweg,,
LAY,Ladysmith Airport,-28.5816993713,29.749700546299998,medium_airport,South Africa,南非,ZA,Ladysmith,,
AAM,Malamala Airport,-24.816866,31.544085,medium_airport,South Africa,南非,ZA,Malamala,,
MGH,Margate Airport,-30.8574008942,30.343000412,medium_airport,South Africa,南非,ZA,Margate,,
MBD,Mmabatho International Airport,-25.798400878900004,25.548000335699996,medium_airport,South Africa,南非,ZA,Mafeking,,Mafikeng
MZQ,Mkuze Airport,-27.626101,32.0443,medium_airport,South Africa,南非,ZA,Mkuze,,"Mkuzi Airport, eMkhuze, uMkhuze, Mkhuze"
NCS,Newcastle Airport,-27.7705993652,29.976900100699996,medium_airport,South Africa,南非,ZA,Newcastle,,
OUH,Oudtshoorn Airport,-33.6069984436,22.188999176,medium_airport,South Africa,南非,ZA,Oudtshoorn,,
JNB,O.R. Tambo International Airport,-26.140081,28.246801,large_airport,South Africa,南非,ZA,Johannesburg,,"Johannesburg International Airport, FAJS"
PLZ,Chief Dawid Stuurman International Airport,-33.989715,25.617353,large_airport,South Africa,南非,ZA,Gqeberha,Gqeberha (Port Elizabeth),"H. F. Verwoerd Airport, Port Elizabeth International Airport, Walmer Airport"
PBZ,Plettenberg Bay Airport,-34.08816,23.328723,medium_airport,South Africa,南非,ZA,Plettenberg Bay,,
PHW,Hendrik Van Eck Airport,-23.937200546299998,31.1553993225,medium_airport,South Africa,南非,ZA,Phalaborwa,,
JOH,Port St Johns Airport,-31.60612,29.52175,medium_airport,South Africa,南非,ZA,Port St Johns,,
PZB,Pietermaritzburg Airport,-29.649000167799997,30.3987007141,medium_airport,South Africa,南非,ZA,Pietermaritzburg,,
NTY,Pilanesberg International Airport,-25.333799,27.173401,medium_airport,South Africa,南非,ZA,Pilanesberg,,
PTG,Polokwane International Airport,-23.845269,29.458615,large_airport,South Africa,南非,ZA,Polokwane,,"FAPB, AFB Pietersburg, Pietersburg International Airport, Gateway International Airport"
PCF,Potchefstroom Airport,-26.670999527,27.0818996429,medium_airport,South Africa,南非,ZA,Potchefstroom,,
UTW,Queenstown Airport,-31.92020034790039,26.882200241088867,medium_airport,South Africa,南非,ZA,Queenstown,,
RCB,Richards Bay Airport,-28.740999221800003,32.0920982361,medium_airport,South Africa,南非,ZA,Richards Bay,,
ROD,Robertson Airport,-33.812199,19.9028,medium_airport,South Africa,南非,ZA,Robertson,,
SBU,Springbok Airport,-29.689300537109375,17.939599990844727,medium_airport,South Africa,南非,ZA,Springbok,,
ZEC,Secunda Airport,-26.52409935,29.170099258399997,medium_airport,South Africa,南非,ZA,Secunda,,
SIS,Sishen Airport,-27.6486,22.9993,medium_airport,South Africa,南非,ZA,Sishen,,
SZK,Skukuza Airport,-24.96085,31.588587,medium_airport,South Africa,南非,ZA,Skukuza,,
LTA,Tzaneen Airport,-23.8244,30.3293,medium_airport,South Africa,南非,ZA,Tzaneen,,
ULD,Prince Mangosuthu Buthelezi Airport,-28.3206005096,31.4165000916,medium_airport,South Africa,南非,ZA,Ulundi,,
UTN,Upington Airport,-28.400246,21.263592,medium_airport,South Africa,南非,ZA,Upington,,Pierre van Ryneveld
UTT,K. D. Matanzima Airport,-31.546363184900002,28.6733551025,medium_airport,South Africa,南非,ZA,Mthatha,,Umtata
VRU,Vryburg Airport,-26.982401,24.7288,medium_airport,South Africa,南非,ZA,Vryburg,,
VIR,Virginia Airport,-29.770599,31.058399,medium_airport,South Africa,南非,ZA,Durban,,
VRE,Vredendal Airport,-31.641000747680664,18.5447998046875,medium_airport,South Africa,南非,ZA,Vredendal,,
PRY,Wonderboom Airport,-25.6539,28.224199,medium_airport,South Africa,南非,ZA,Pretoria,,
WKF,Waterkloof Air Force Base,-25.829999923699997,28.222499847399998,medium_airport,South Africa,南非,ZA,Pretoria,,AFB
FRW,Phillip Gaonwe Matante International Airport,-21.159183,27.468826,large_airport,Botswana,博茨瓦纳,BW,Francistown,,FBFT
JWA,Jwaneng Airport,-24.602301,24.691,medium_airport,Botswana,博茨瓦纳,BW,Jwaneng,,
BBK,Kasane International Airport,-17.831653,25.166195,large_airport,Botswana,博茨瓦纳,BW,Kasane,,
MUB,Maun International Airport,-19.970491,23.431409,large_airport,Botswana,博茨瓦纳,BW,Maun,,
GBE,Sir Seretse Khama International Airport,-24.555201,25.9182,large_airport,Botswana,博茨瓦纳,BW,Gaborone,,
SXN,Sua Pan Airport,-20.5534,26.115801,medium_airport,Botswana,博茨瓦纳,BW,Sowa,,
PKW,Selebi Phikwe Airport,-22.0583,27.8288,medium_airport,Botswana,博茨瓦纳,BW,Selebi Phikwe,,
SWX,Shakawe Airport,-18.373899459838867,21.832599639892578,small_airport,Botswana,博茨瓦纳,BW,Shakawe,,
BZV,Maya-Maya International Airport,-4.2517,15.253,large_airport,Congo,刚果共和国,CG,Brazzaville,,
OLL,Oyo Ollombo Airport,-1.226666,15.91,medium_airport,Congo,刚果共和国,CG,Oyo,,Denis Sassou Nguesso Airport
FTX,Owando Airport,-0.524566,15.93782,medium_airport,Congo,刚果共和国,CG,Owando,,
OUE,Ouesso Airport,1.61599,16.037901,medium_airport,Congo,刚果共和国,CG,,,
DIS,Ngot Nzoungou Airport,-4.20635,12.6599,medium_airport,Congo,刚果共和国,CG,Dolisie,,Dolisie
PNR,Antonio Agostinho-Neto International Airport,-4.81603,11.8866,large_airport,Congo,刚果共和国,CG,Pointe Noire,,Pointe Noire
MTS,Matsapha International Airport,-26.528919,31.307577,medium_airport,eSwatini,斯威士兰,SZ,Manzini,,
SHO,King Mswati III International Airport,-26.358611,31.716944,large_airport,eSwatini,斯威士兰,SZ,Mpaka,,Sikhuphe International Airport
BGF,Bangui M'Poko International Airport,4.39848,18.518801,large_airport,Central African Rep.,中非共和国,CF,Bangui,,
BBT,Berbérati Airport,4.2215800285339355,15.786399841308594,medium_airport,Central African Rep.,中非共和国,CF,Berbérati,,
NBN,Annobón Airport,-1.408615,5.624163,small_airport,Eq. Guinea,赤道几内亚,GQ,San Antonio de Palé,,"FG01, FGAB ?"
BSG,Bata International Airport,1.90547,9.80568,large_airport,Eq. Guinea,赤道几内亚,GQ,Bata,,
GEM,President Obiang Nguema International Airport,1.676437,11.024904,medium_airport,Eq. Guinea,赤道几内亚,GQ,Mengomeyén,,
SSG,Malabo International Airport,3.75527,8.70872,large_airport,Eq. Guinea,赤道几内亚,GQ,Malabo,,Fernando Poo
ASI,RAF Ascension Island,-7.970179,-14.392744,medium_airport,Saint Helena,圣赫勒拿,SH,Cat Hill,,"Wideawake Airfield, Ascension Island Auxiliary Field"
HLE,Saint Helena International Airport,-15.958898,-5.646066,medium_airport,Saint Helena,圣赫勒拿,SH,Jamestown,,
MRU,Sir Seewoosagur Ramgoolam International Airport,-20.430201,57.683601,large_airport,Mauritius,毛里求斯,MU,Plaine Magnien,,Plaisance International Airport
RRG,Sir Charles Gaetan Duval Airport,-19.756696,63.359326,medium_airport,Mauritius,毛里求斯,MU,Port Mathurin,,Plaine Corail
NKW,Naval Support Facility Diego Garcia,-7.31327,72.411102,medium_airport,Br. Indian Ocean Ter.,英属印度洋领地,IO,Diego Garcia,,"Chagos, NSF Diego Garcia"
TKC,Tiko Airport,4.08919000626,9.360529899600001,medium_airport,Cameroon,喀麦隆,CM,Tiko,,
DLA,Douala International Airport,4.00608,9.71948,large_airport,Cameroon,喀麦隆,CM,Douala,,
MVR,Salak Airport,10.451399803161621,14.257399559020996,medium_airport,Cameroon,喀麦隆,CM,Maroua,,
FOM,Foumban Nkounja Airport,5.63692,10.7508,medium_airport,Cameroon,喀麦隆,CM,Foumban,,
NGE,N'Gaoundéré Airport,7.3570098876953125,13.559200286865234,medium_airport,Cameroon,喀麦隆,CM,N'Gaoundéré,,Ngaoundere
GOU,Garoua International Airport,9.334785,13.372129,large_airport,Cameroon,喀麦隆,CM,Garoua,,
BFX,Bafoussam Airport,5.536920070650001,10.354599952700001,medium_airport,Cameroon,喀麦隆,CM,Bafoussam,,
BPC,Bamenda Airport,6.03924,10.1226,medium_airport,Cameroon,喀麦隆,CM,Bamenda,,
YAO,Yaoundé Ville Airport,3.83604,11.5235,medium_airport,Cameroon,喀麦隆,CM,Yaoundé,,Yaoundé Ville Airport
NSI,Yaoundé Nsimalen International Airport,3.72256,11.5533,large_airport,Cameroon,喀麦隆,CM,Yaoundé,,
CGJ,Kasompe Airport,-12.5728,27.8939,medium_airport,Zambia,赞比亚,ZM,Chingola,,
KAA,Kasama Airport,-10.210169,31.123045,small_airport,Zambia,赞比亚,ZM,Kasama,,
LVI,Harry Mwanga Nkumbula International Airport,-17.821524,25.819642,large_airport,Zambia,赞比亚,ZM,Livingstone,,FLLI
LUN,Kenneth Kaunda International Airport,-15.330833,28.452722,large_airport,Zambia,赞比亚,ZM,Lusaka,,
MFU,Mfuwe International Airport,-13.2589,31.9366,large_airport,Zambia,赞比亚,ZM,Mfuwe,,
MNR,Mongu Airport,-15.2545,23.1623,medium_airport,Zambia,赞比亚,ZM,Mongu,,
NLA,Simon Mwansa Kapwepwe International Airport,-12.96513,28.515624,large_airport,Zambia,赞比亚,ZM,Ndola,,
KIW,Southdowns Airport,-12.9005,28.1499,medium_airport,Zambia,赞比亚,ZM,Kitwe,,
SLI,Solwesi Airport,-12.173700332641602,26.365100860595703,small_airport,Zambia,赞比亚,ZM,Solwesi,,Solwezi Airport
HAH,Prince Said Ibrahim International Airport,-11.5337,43.2719,large_airport,Comoros,科摩罗,KM,Moroni,,Hahaia
NWA,Mohéli Bandar Es Eslam Airport,-12.298096,43.766496,medium_airport,Comoros,科摩罗,KM,Fomboni,,"Mwali, Bandaressalam"
AJN,Ouani Airport,-12.131047,44.430044,medium_airport,Comoros,科摩罗,KM,Ouani,,
DZA,Dzaoudzi Pamandzi International Airport,-12.809319,45.281815,large_airport,Mayotte,马约特,YT,Dzaoudzi,,
RUN,Roland Garros Airport,-20.890087,55.518894,large_airport,Réunion,留尼汪,RE,Sainte-Marie,,Gillot Airport
ZSE,Saint-Pierre Pierrefonds Airport,-21.319362,55.422506,large_airport,Réunion,留尼汪,RE,Saint-Pierre,,Aéroport de Saint-Pierre - Pierrefonds
TNR,Ivato International Airport,-18.7969,47.478802,large_airport,Madagascar,马达加斯加,MG,Antananarivo,,
ZVA,Miandrivazo Airport,-19.562799,45.450802,medium_airport,Madagascar,马达加斯加,MG,Miandrivazo,,
SMS,Sainte Marie Airport,-17.093901,49.8158,medium_airport,Madagascar,马达加斯加,MG,Vohilava,,
TMM,Toamasina Ambalamanasy Airport,-18.113537,49.392262,large_airport,Madagascar,马达加斯加,MG,Toamasina,,
WTA,Tambohorano Airport,-17.476101,43.972801,small_airport,Madagascar,马达加斯加,MG,Tambohorano,,
MOQ,Morondava Airport,-20.2847,44.3176,medium_airport,Madagascar,马达加斯加,MG,Morondava,,
DIE,Arrachart Airport,-12.3494,49.291698,medium_airport,Madagascar,马达加斯加,MG,Antisiranana,,Diego-Suárez
WMR,Mananara Nord Airport,-16.1639,49.7738,medium_airport,Madagascar,马达加斯加,MG,Mananara Nord,,Avaratra Airport
ZWA,Andapa Airport,-14.651700019836426,49.620601654052734,medium_airport,Madagascar,马达加斯加,MG,,,
ANM,Antsirabe Airport,-14.9994,50.320202,medium_airport,Madagascar,马达加斯加,MG,Antsirabe,,
HVA,Analalava Airport,-14.629514,47.763555,medium_airport,Madagascar,马达加斯加,MG,Analalava,,
MJN,Amborovy Airport,-15.666842,46.351233,large_airport,Madagascar,马达加斯加,MG,Mahajanga,,"Philibert Tsiranana Airport, Mahajanga"
NOS,Nosy Be International Airport,-13.3121,48.3148,large_airport,Madagascar,马达加斯加,MG,Nosy Be,,Fascene Airport
DWB,Soalala Airport,-16.10169,45.358837,small_airport,Madagascar,马达加斯加,MG,Soalala,,
BPY,Besalampy Airport,-16.74453,44.482484,medium_airport,Madagascar,马达加斯加,MG,Besalampy,,
WMN,Maroantsetra Airport,-15.437742,49.689081,medium_airport,Madagascar,马达加斯加,MG,Maroantsetra,,
SVB,Sambava Airport,-14.2786,50.174702,medium_airport,Madagascar,马达加斯加,MG,Sambava,,
TTS,Tsaratanana Airport,-16.751064,47.619016,small_airport,Madagascar,马达加斯加,MG,Tsaratanana,,
VOH,Vohemar Airport,-13.3758,50.0028,medium_airport,Madagascar,马达加斯加,MG,Vohemar,,
WAI,Ambalabe Airport,-14.8988,47.9939,medium_airport,Madagascar,马达加斯加,MG,Antsohihy,,
FTU,Tôlanaro Airport,-25.038099,46.9561,medium_airport,Madagascar,马达加斯加,MG,Tôlanaro,,"Tolagnaro Airport, Marillac Airport, Fort-Dauphin"
WFI,Fianarantsoa Airport,-21.441601,47.111698,medium_airport,Madagascar,马达加斯加,MG,Fianarantsoa,,
WVK,Manakara Airport,-22.119699,48.021702,medium_airport,Madagascar,马达加斯加,MG,Manakara,,
MNJ,Mananjary Airport,-21.201799,48.358299,medium_airport,Madagascar,马达加斯加,MG,Mananjary,,
MXM,Morombe Airport,-21.753837,43.374753,medium_airport,Madagascar,马达加斯加,MG,Morombe,,
TLE,Toliara Airport,-23.3834,43.7285,medium_airport,Madagascar,马达加斯加,MG,Toliara,,
SSY,Mbanza Congo Airport,-6.269899845123291,14.246999740600586,medium_airport,Angola,安哥拉,AO,Mbanza Congo,,
BUG,Benguela Airport,-12.609,13.4037,medium_airport,Angola,安哥拉,AO,Benguela,,"Aeroporto 17 de Setembro, Gen. V. Deslandes Airport"
NBJ,Dr. Antonio Agostinho Neto International Airport,-9.050734,13.499078,large_airport,Angola,安哥拉,AO,Luanda,Luanda (Ícolo e Bengo),Novo Aeroporto Internacional de Luanda
CAB,Cabinda Airport,-5.59839,12.188145,medium_airport,Angola,安哥拉,AO,Cabinda,,Maria Mambo Café
CBT,Catumbela Airport,-12.4792,13.4869,medium_airport,Angola,安哥拉,AO,Catumbela,,
FND,Funadhoo Airport,6.162443,73.28752,small_airport,Maldives,马尔代夫,MV,Funadhoo,,
DUE,Dundo Airport,-7.400889873504639,20.818500518798828,medium_airport,Angola,安哥拉,AO,Chitato,,
VPE,Ngjiva Pereira Airport,-17.0435009003,15.683799743700002,medium_airport,Angola,安哥拉,AO,Ngiva,,"Ngiva Airport, NGV, Ondjiva, 11 de Novembro"
NOV,Albano Machado Airport,-12.8089,15.7605,medium_airport,Angola,安哥拉,AO,Huambo,,Nova Lisboa Airport
SVP,Kuito Airport,-12.404600143433,16.947399139404,medium_airport,Angola,安哥拉,AO,Kuito,,
LAD,Quatro de Fevereiro International Airport,-8.85837,13.2312,large_airport,Angola,安哥拉,AO,Luanda,,4 de Fevereiro
MEG,Malanje Airport,-9.525090217590332,16.312400817871094,medium_airport,Angola,安哥拉,AO,Malanje,,
SPP,Menongue Airport,-14.657600402832031,17.71980094909668,medium_airport,Angola,安哥拉,AO,Menongue,,
MSZ,Welwitschia Mirabilis International Airport,-15.2612,12.1468,medium_airport,Angola,安哥拉,AO,Moçâmedes,,"Moçâmedes, Namibe, Yuri Gagarin"
GXG,Negage Airport,-7.754509925842285,15.287699699401855,medium_airport,Angola,安哥拉,AO,Negage,,
PBN,Porto Amboim Airport,-10.722,13.7655,medium_airport,Angola,安哥拉,AO,Port Amboim,,
VHC,Saurimo Airport,-9.68907,20.4319,medium_airport,Angola,安哥拉,AO,Saurimo,,
SZA,Soyo Airport,-6.141089916229248,12.371800422668457,medium_airport,Angola,安哥拉,AO,Soyo,,
NDD,Sumbe Airport,-11.1679,13.8475,medium_airport,Angola,安哥拉,AO,Sumbe,,
SDD,Lubango Mukanka International Airport,-14.924839,13.576653,medium_airport,Angola,安哥拉,AO,Lubango,,
LUO,Luena Airport,-11.7681,19.897699,medium_airport,Angola,安哥拉,AO,Luena,,
UGO,Uige Airport,-7.60307,15.0278,medium_airport,Angola,安哥拉,AO,Uige,,
XGN,Xangongo Airport,-16.755399703979492,14.965299606323242,medium_airport,Angola,安哥拉,AO,Xangongo,,
KOU,Koulamoutou Mabimbi Airport,-1.18461,12.4413,medium_airport,Gabon,加蓬,GA,Koulamoutou,,"Koula Moutou, FO23, Koulamouton/Mabimbi"
MJL,Mouilla Ville Airport,-1.84514,11.0567,medium_airport,Gabon,加蓬,GA,Mouila,,
OYE,Oyem Airport,1.5431100130081177,11.581399917602539,medium_airport,Gabon,加蓬,GA,Oyem,,
OKN,Okondja Airport,-0.665214,13.6731,medium_airport,Gabon,加蓬,GA,Okondja,,
LBQ,Lambarene Airport,-0.704389,10.2457,medium_airport,Gabon,加蓬,GA,Lambarene,,
BMM,Bitam Airport,2.07564,11.4932,medium_airport,Gabon,加蓬,GA,Bitam,,
POG,Port Gentil International Airport,-0.711739,8.75438,large_airport,Gabon,加蓬,GA,Port Gentil,,
OMB,Omboue Hospital Airport,-1.57473,9.26269,medium_airport,Gabon,加蓬,GA,Omboue,,
MKU,Makokou Airport,0.5792109966278076,12.890899658203125,medium_airport,Gabon,加蓬,GA,Makokou,,
LBV,Libreville Leon M'ba International Airport,0.458951,9.41214,large_airport,Gabon,加蓬,GA,Libreville,,
MVB,M'Vengue El Hadj Omar Bongo Ondimba International Airport,-1.65616,13.438,medium_airport,Gabon,加蓬,GA,Franceville,,
PCP,Principe Airport,1.661155,7.411081,medium_airport,São Tomé and Principe,圣多美和普林西比,ST,São Tomé & Príncipe,,
TMS,São Tomé International Airport,0.378175,6.71215,large_airport,São Tomé and Principe,圣多美和普林西比,ST,São Tomé,,
BEW,Beira International Airport,-19.7964,34.9076,large_airport,Mozambique,莫桑比克,MZ,Beira,,
VPY,Chimoio Airport,-19.15130043029785,33.42900085449219,medium_airport,Mozambique,莫桑比克,MZ,Chimoio,,
INH,Inhambane Airport,-23.8764,35.408501,medium_airport,Mozambique,莫桑比克,MZ,Inhambane,,
VXC,Lichinga Airport,-13.274,35.2663,medium_airport,Mozambique,莫桑比克,MZ,Lichinga,,
MPM,Maputo Airport,-25.920799,32.572601,large_airport,Mozambique,莫桑比克,MZ,Maputo,,
MUD,Mueda Airport,-11.6729,39.563099,medium_airport,Mozambique,莫桑比克,MZ,Mueda,,
MZB,Mocímboa da Praia Airport,-11.3618,40.3549,medium_airport,Mozambique,莫桑比克,MZ,Mocímboa da Praia,,
MNC,Nacala International Airport,-14.4882,40.7122,medium_airport,Mozambique,莫桑比克,MZ,Nacala,,
APL,Nampula Airport,-15.1056,39.281799,large_airport,Mozambique,莫桑比克,MZ,Nampula,,
POL,Pemba Airport,-12.993302,40.524867,medium_airport,Mozambique,莫桑比克,MZ,Pemba,,Porto Amelia
UEL,Quelimane Airport,-17.855499267578125,36.86909866333008,medium_airport,Mozambique,莫桑比克,MZ,Quelimane,,
TET,Tete Airport,-16.104799,33.640202,large_airport,Mozambique,莫桑比克,MZ,Tete,,"Chingozi Airport, Matundo Airport"
VNX,Vilankulo Airport,-22.018400192260742,35.31330108642578,medium_airport,Mozambique,莫桑比克,MZ,Vilanculo,,Vilanculos Airport
VJB,Xai-Xai Chongoene Airport,-24.892909,33.753024,small_airport,Mozambique,莫桑比克,MZ,Xai-Xai,,
SEZ,Seychelles International Airport,-4.67434,55.521801,large_airport,Seychelles,塞舌尔,SC,Victoria,,"Aéroport de la Pointe Larue, Point La Rue, Point Larue, Mahé Island"
PRI,Praslin Island Airport,-4.319256,55.691561,medium_airport,Seychelles,塞舌尔,SC,Praslin Island,,
AEH,Abeche Airport,13.847,20.844299,medium_airport,Chad,乍得,TD,Abeche,,
MQQ,Moundou Airport,8.628503,16.074241,medium_airport,Chad,乍得,TD,Moundou,,
NDJ,N'Djamena International Airport,12.1337,15.034,large_airport,Chad,乍得,TD,N'Djamena,,Ndjamena Hassan Djamous
FYT,Faya-Largeau Airport,17.917101,19.111099,medium_airport,Chad,乍得,TD,Faya-Largeau,,
BUQ,Joshua Mqabuko Nkomo International Airport,-20.016284,28.622897,large_airport,Zimbabwe,津巴布韦,ZW,Bulawayo,,FVBU
BFO,Buffalo Range Airport,-21.008101,31.5786,medium_airport,Zimbabwe,津巴布韦,ZW,Chiredzi,,
VFA,Victoria Falls International Airport,-18.097437,25.836867,large_airport,Zimbabwe,津巴布韦,ZW,Victoria Falls,,
HRE,Robert Gabriel Mugabe International Airport,-17.931801,31.0928,large_airport,Zimbabwe,津巴布韦,ZW,Harare,,"FVHA, Harare"
KAB,Kariba Airport,-16.5198,28.885,medium_airport,Zimbabwe,津巴布韦,ZW,Kariba,,
MVZ,Masvingo International Airport,-20.0553,30.8591,medium_airport,Zimbabwe,津巴布韦,ZW,Masvingo,,
GWE,Josiah Tungamirai Air Force Base,-19.436718,29.861945,medium_airport,Zimbabwe,津巴布韦,ZW,Gweru,,Thornhill
HWN,Hwange National Park Airport,-18.6299,27.021,medium_airport,Zimbabwe,津巴布韦,ZW,Gwayi River Farms,,
BLZ,Chileka International Airport,-15.677189,34.972319,large_airport,Malawi,马拉维,MW,Blantyre,,
DWA,Dwangwa Airport,-12.517527,34.131877,medium_airport,Malawi,马拉维,MW,Dwangwa,,
KGJ,Karonga Airport,-9.953571,33.893264,medium_airport,Malawi,马拉维,MW,Karonga,,
LLW,Kamuzu International Airport,-13.7894,33.780998,large_airport,Malawi,马拉维,MW,Lumbadzi,,"FWLI, Lilongwe International"
ZZU,Mzuzu Airport,-11.4447,34.011799,medium_airport,Malawi,马拉维,MW,Mzuzu,,
MSU,Moshoeshoe I International Airport,-29.456277,27.554456,large_airport,Lesotho,莱索托,LS,Maseru,Maseru(Mazenod),Mazenod
ADI,Arandis Airport,-22.461875,14.979322,medium_airport,Namibia,纳米比亚,NA,Arandis,,
GFY,Grootfontein Airport,-19.6022,18.1227,medium_airport,Namibia,纳米比亚,NA,Grootfontein,,
HAL,Halali Airport,-19.0285,16.4585,small_airport,Namibia,纳米比亚,NA,Halali,,
MPA,Katima Mulilo Airport,-17.634258,24.176688,medium_airport,Namibia,纳米比亚,NA,Mpacha,,FYMP
KMP,Keetmanshoop Airport,-26.539801,18.111401,medium_airport,Namibia,纳米比亚,NA,Keetmanshoop,,
LUD,Luderitz Airport,-26.687400817871094,15.242899894714355,medium_airport,Namibia,纳米比亚,NA,Luderitz,,
OND,Ondangwa Airport,-17.878201,15.9526,medium_airport,Namibia,纳米比亚,NA,Ondangwa,,
OMD,Oranjemund Airport,-28.585318,16.44638,medium_airport,Namibia,纳米比亚,NA,Oranjemund,,
NDU,Rundu Airport,-17.956499,19.7194,medium_airport,Namibia,纳米比亚,NA,Rundu,,
TSB,Tsumeb Airport,-19.262079,17.732509,medium_airport,Namibia,纳米比亚,NA,Tsumeb,,
WVB,Walvis Bay International Airport,-22.979332,14.647102,large_airport,Namibia,纳米比亚,NA,Walvis Bay,Walvis Bay(Rooikop),SAAFB Rooikop
ERS,Eros Airport,-22.60492,17.079002,medium_airport,Namibia,纳米比亚,NA,Windhoek,,
WDH,Hosea Kutako International Airport,-22.4799,17.4709,large_airport,Namibia,纳米比亚,NA,Windhoek,,J.G. Strijdom Airport
FIH,Ndjili International Airport,-4.38575,15.4446,large_airport,Dem. Rep. Congo,刚果民主共和国,CD,Kinshasa,,
NLO,Ndolo Airport,-4.32666015625,15.327500343323,medium_airport,Dem. Rep. Congo,刚果民主共和国,CD,N'dolo,,N'Dolo Airport
INO,Inongo Airport,-1.94722,18.285801,small_airport,Dem. Rep. Congo,刚果民主共和国,CD,Inongo,,
FDU,Bandundu Airport,-3.31132,17.381701,medium_airport,Dem. Rep. Congo,刚果民主共和国,CD,Bandundu,,
KKW,Kikwit Airport,-5.03577,18.785601,medium_airport,Dem. Rep. Congo,刚果民主共和国,CD,Kikwit,,
MDK,Mbandaka Airport,0.0226000007242,18.2887001038,medium_airport,Dem. Rep. Congo,刚果民主共和国,CD,Mbandaka,,
BDT,Gbadolite Airport,4.252745,20.975271,medium_airport,Dem. Rep. Congo,刚果民主共和国,CD,Gbadolite,,Moanda
GMA,Gemena Airport,3.23537,19.771299,medium_airport,Dem. Rep. Congo,刚果民主共和国,CD,Gemena,,
LIQ,Lisala Airport,2.17066,21.496901,medium_airport,Dem. Rep. Congo,刚果民主共和国,CD,Lisala,,
BNB,Boende Airport,-0.286652,20.883551,small_airport,Dem. Rep. Congo,刚果民主共和国,CD,Boende,,
FKI,Bangoka International Airport,0.481639,25.337999,large_airport,Dem. Rep. Congo,刚果民主共和国,CD,Kisangani,,
IRP,Matari Airport,2.82761,27.588301,medium_airport,Dem. Rep. Congo,刚果民主共和国,CD,Isiro,,
BUX,Bunia Airport,1.565743,30.220685,medium_airport,Dem. Rep. Congo,刚果民主共和国,CD,Bunia,,
BZU,Buta Zega Airport,2.818058,24.793997,medium_airport,Dem. Rep. Congo,刚果民主共和国,CD,Buta,,
BKY,Bukavu Kavumu Airport,-2.30898,28.8088,medium_airport,Dem. Rep. Congo,刚果民主共和国,CD,Kamakombe,,
GOM,Goma International Airport,-1.666758,29.238037,large_airport,Dem. Rep. Congo,刚果民主共和国,CD,Goma,,
KND,Kindu Airport,-2.91917991638,25.915399551399997,medium_airport,Dem. Rep. Congo,刚果民主共和国,CD,Kindu,,
FBM,Lubumbashi International Airport,-11.591494,27.530753,large_airport,Dem. Rep. Congo,刚果民主共和国,CD,Lubumbashi,,Luano Airport
KWZ,Kolwezi Airport,-10.7659,25.505699,medium_airport,Dem. Rep. Congo,刚果民主共和国,CD,Kolwezi,,
FMI,Kalemie Airport,-5.87556,29.25,medium_airport,Dem. Rep. Congo,刚果民主共和国,CD,Kalemie,,
KMN,Kamina City Airport,-8.728878,24.991407,small_airport,Dem. Rep. Congo,刚果民主共和国,CD,Kamina,,Kamina Ville Airport
KGA,Kananga Airport,-5.90005,22.4692,medium_airport,Dem. Rep. Congo,刚果民主共和国,CD,Kananga,,
PFR,Ilebo Airport,-4.329919,20.590124,small_airport,Dem. Rep. Congo,刚果民主共和国,CD,Ilebo,,
MJM,Mbuji Mayi Airport,-6.121240139010001,23.569000244099996,medium_airport,Dem. Rep. Congo,刚果民主共和国,CD,Mbuji Mayi,,
GAX,Gamba Airport,-2.785278,10.047222,small_airport,Gabon,加蓬,GA,Gamba,,
BKO,Modibo Keita International Airport,12.5335,-7.94994,large_airport,Mali,马里,ML,Bamako,,Senou Airport
GAQ,Gao International Airport,16.248466,-0.005389,medium_airport,Mali,马里,ML,Gao,,Korogoussou
KYS,Kayes Dag Dag Airport,14.482521,-11.399335,medium_airport,Mali,马里,ML,Kayes,,
MZI,Mopti Airport,14.5128,-4.07956,medium_airport,Mali,马里,ML,Sévaré,,"Barbe Airport, Ambodédjo Airport"
TOM,Tombouktou Airport,16.730499,-3.00758,large_airport,Mali,马里,ML,Timbuktu,,"Timbuctoo Airport, Tombouctou Airport, Tumbutu Airport, Tombouktou Airport"
FOA,Foula Airfield,60.121916,-2.053439,small_airport,United Kingdom,英国,GB,Foula,,EG42
BJL,Banjul International Airport,13.338,-16.652201,large_airport,Gambia,冈比亚,GM,Banjul,Banjul (Yundum),Yundum international Airport
FUE,Fuerteventura Airport,28.4527,-13.8638,large_airport,Spain,西班牙,ES,El Matorral,,
GMZ,La Gomera Airport,28.0296,-17.2146,small_airport,Spain,西班牙,ES,"Alajero, La Gomera Island",,
VDE,El Hierro Airport,27.8148,-17.8871,medium_airport,Spain,西班牙,ES,El Hierro Island,,"Hierro,El Hierro"
SPC,La Palma Airport,28.626499,-17.7556,medium_airport,Spain,西班牙,ES,"Sta Cruz de la Palma, La Palma Island",,
LPA,Gran Canaria Airport,27.9319,-15.3866,large_airport,Spain,西班牙,ES,Gran Canaria Island,,"Canary Islands, Las Palmas Airport, Gando Airport"
ACE,César Manrique-Lanzarote Airport,28.945499,-13.6052,large_airport,Spain,西班牙,ES,San Bartolomé,,Arrecife Airport
TFS,Tenerife Sur Airport,28.0445,-16.5725,large_airport,Spain,西班牙,ES,Tenerife,,"Reina Sofía, TCI, Tenerife South"
TFN,Tenerife Norte-Ciudad de La Laguna Airport,28.482752,-16.341707,large_airport,Spain,西班牙,ES,Tenerife,,"Canary Islands, Los Rodeos, TCI, Terenife"
MLN,Melilla Airport,35.2798,-2.95626,medium_airport,Spain,西班牙,ES,Melilla,,
KBS,Bo Airport,7.9444,-11.761,medium_airport,Sierra Leone,塞拉利昂,SL,Bo,,
KEN,Kenema Airport,7.896364,-11.174126,medium_airport,Sierra Leone,塞拉利昂,SL,Kenema,,
FNA,Lungi International Airport,8.61644,-13.1955,large_airport,Sierra Leone,塞拉利昂,SL,Freetown,Freetown (Lungi-Town),
WYE,Yengema Airport,8.61047,-11.0454,medium_airport,Sierra Leone,塞拉利昂,SL,Yengema,,
OXB,Osvaldo Vieira International Airport,11.894262,-15.653596,large_airport,Guinea-Bissau,几内亚比绍,GW,Bissau,,
JJU,Qaqortoq Airport,60.76383,-46.065001,medium_airport,Greenland,格陵兰,GL,Qaqortoq,,Qaqortoq
SNI,Greenville/Sinoe Airport,5.032124,-9.064236,medium_airport,Liberia,利比里亚,LR,Greenville,,R E Murray
MLW,Spriggs Payne Airport,6.28906,-10.7587,medium_airport,Liberia,利比里亚,LR,Monrovia,,
ROB,Roberts International Airport,6.23379,-10.3623,large_airport,Liberia,利比里亚,LR,Monrovia,,
AGA,Al Massira Airport,30.322478,-9.412003,large_airport,Morocco,摩洛哥,MA,Agadir,Agadir (Temsia),
TTA,Tan Tan Airport,28.447563,-11.161749,medium_airport,Morocco,摩洛哥,MA,Tan Tan,,Plage Blanche Airport
OZG,Zagora Airport,30.265788,-5.860808,large_airport,Morocco,摩洛哥,MA,Zagora,,
UAR,Bouarfa Airport,32.514306,-1.983056,medium_airport,Morocco,摩洛哥,MA,Bouarfa,,
FEZ,Fes Saïss International Airport,33.927299,-4.97796,large_airport,Morocco,摩洛哥,MA,Saïss,,
ERH,Moulay Ali Cherif Airport,31.9475002289,-4.39833021164,medium_airport,Morocco,摩洛哥,MA,Errachidia,,
MEK,Bassatine Airport,33.879101,-5.51512,medium_airport,Morocco,摩洛哥,MA,Meknes,,
OUD,Oujda Angads Airport,34.789558,-1.926041,large_airport,Morocco,摩洛哥,MA,Ahl Angad,,Oujda Airfield
SMW,Smara Airport,26.731987,-11.683655,medium_airport,W. Sahara,西撒哈拉,EH,Smara,,"GSMA, Semara, Semara Airport"
BEM,Beni Mellal Airport,32.401895,-6.315905,large_airport,Morocco,摩洛哥,MA,Oulad Yaich,,
RBA,Rabat-Salé Airport,34.051498,-6.75152,large_airport,Morocco,摩洛哥,MA,Rabat,,
VIL,Dakhla Airport,23.7183,-15.932,large_airport,W. Sahara,西撒哈拉,EH,Dakhla,,"GSVO, Villa Cisneros, Dajla, Oued Ed-Dahab"
ESU,Essaouira-Mogador Airport,31.397499,-9.68167,medium_airport,Morocco,摩洛哥,MA,Essaouira,,
EUN,Laayoune Hassan I International Airport,27.142467,-13.224947,large_airport,W. Sahara,西撒哈拉,EH,El Aaiún,,"GSAI, Laâyoune"
CMN,Mohammed V International Airport,33.3675,-7.58997,large_airport,Morocco,摩洛哥,MA,Casablanca,,"CAS, Casabianca, Nouasseur"
NDR,Nador Al Aaroui International Airport,34.9888,-3.02821,large_airport,Morocco,摩洛哥,MA,Al Aaroui,,"Al Aroui International Airport, Arwi"
RAK,Marrakesh Menara Airport,31.604807,-8.035788,large_airport,Morocco,摩洛哥,MA,Marrakesh,,"Marakesh, Marrakesh"
NNA,Kenitra Air Base,34.298901,-6.59588,medium_airport,Morocco,摩洛哥,MA,Kenitra,,"GMMY, Craw Field, Naval Air Station Port Lyautey"
OZZ,Ouarzazate International Airport,30.9391,-6.90943,large_airport,Morocco,摩洛哥,MA,Ouarzazate,,
AHU,Cherif Al Idrissi Airport,35.177101,-3.83952,medium_airport,Morocco,摩洛哥,MA,Al Hoceima,,
TTU,Sania Ramel Airport,35.594299,-5.32002,large_airport,Morocco,摩洛哥,MA,Tétouan,,"Saniat R'mel, Saniet R'mel"
TNG,Tangier Ibn Battuta Airport,35.731741,-5.921459,large_airport,Morocco,摩洛哥,MA,Tangier,,"Tanger-Boukhalef Airport, Aéroport de Tanger-Ibn Battouta"
GNU,Goodnews Airport,59.117561,-161.575241,small_airport,United States of America,美国,US,Goodnews,,
DSS,Blaise Diagne International Airport,14.670878,-17.072829,large_airport,Senegal,塞内加尔,SN,Dakar,,diass airport
ZIG,Ziguinchor Airport,12.55559,-16.283298,medium_airport,Senegal,塞内加尔,SN,Ziguinchor,,Basse Casamance
CSK,Cap Skirring Airport,12.39533,-16.748,medium_airport,Senegal,塞内加尔,SN,Cap Skirring,,
KLC,Kaolack Airport,14.146900177001953,-16.051300048828125,medium_airport,Senegal,塞内加尔,SN,Kaolack,,
DKR,Léopold Sédar Senghor International Airport,14.742337,-17.479222,large_airport,Senegal,塞内加尔,SN,Dakar,,Yoff
MAX,Ouro Sogui Airport,15.5936,-13.3228,medium_airport,Senegal,塞内加尔,SN,Ouro Sogui,,
XLS,Saint Louis Airport,16.049814,-16.461039,medium_airport,Senegal,塞内加尔,SN,Saint Louis,,
BXE,Bakel Airport,14.847299575805664,-12.468299865722656,medium_airport,Senegal,塞内加尔,SN,Bakel,,
KGG,Kédougou Airport,12.57229995727539,-12.22029972076416,medium_airport,Senegal,塞内加尔,SN,Kédougou,,
TUD,Tambacounda Airport,13.7368,-13.6531,medium_airport,Senegal,塞内加尔,SN,Tambacounda,,
NKC,Nouakchott–Oumtounsy International Airport,18.31,-15.969722,large_airport,Mauritania,毛里塔尼亚,MR,Nouakchott,,"Nouakchott, Oumtounsy"
ATR,Atar International Airport,20.505823,-13.043744,medium_airport,Mauritania,毛里塔尼亚,MR,Atar,,
NDB,Nouadhibou International Airport,20.932404,-17.030199,large_airport,Mauritania,毛里塔尼亚,MR,Nouadhibou,,
OUZ,Tazadit Airport,22.757345,-12.482228,medium_airport,Mauritania,毛里塔尼亚,MR,Zouérate,,
CKY,Ahmed Sékou Touré International Airport,9.57689,-13.612,large_airport,Guinea,几内亚,GN,Conakry,,"Gbessia International Airport, Conakry International Airport"
SID,Amílcar Cabral International Airport,16.7414,-22.9494,large_airport,Cabo Verde,佛得角,CV,Espargos,,Sal Island
BVC,Aristides Pereira International Airport,16.136499,-22.888901,large_airport,Cabo Verde,佛得角,CV,Rabil,,Boa Vista Island
MMO,Maio Airport,15.155900001525879,-23.213699340820312,medium_airport,Cabo Verde,佛得角,CV,Vila do Maio,,Maio Island
RAI,Nelson Mandela International Airport,14.941126,-23.484728,large_airport,Cabo Verde,佛得角,CV,Praia,,Santiago Island
SFL,São Filipe Airport,14.8850002289,-24.4799995422,small_airport,Cabo Verde,佛得角,CV,São Filipe,,Fogo Island
SNE,Preguiça Airport,16.588852,-24.284132,medium_airport,Cabo Verde,佛得角,CV,Preguiça,,Sao Nicolau Island
VXE,Cesaria Evora International Airport,16.833363,-25.055308,large_airport,Cabo Verde,佛得角,CV,São Pedro,,São Vicente Island
ADD,Addis Ababa Bole International Airport,8.97789,38.799301,large_airport,Ethiopia,埃塞俄比亚,ET,Addis Ababa,,"Haile Selassie I, Bole International Airport"
AMH,Arba Minch Airport,6.03939,37.5905,medium_airport,Ethiopia,埃塞俄比亚,ET,Arba Minch,,"Gantar, Minghi"
AXU,Axum Airport,14.1468,38.7728,medium_airport,Ethiopia,埃塞俄比亚,ET,Axum,,"Aksum, Emperor Yohannes IV Airport"
BJR,Bahir Dar Airport,11.6081,37.321602,medium_airport,Ethiopia,埃塞俄比亚,ET,Bahir Dar,,Dejazmach Belay Zeleke
DSE,Kombolcha Airport,11.10975,39.725911,small_airport,Ethiopia,埃塞俄比亚,ET,Dessie,,
DEM,Dembidollo Airport,8.554,34.858002,small_airport,Ethiopia,埃塞俄比亚,ET,Dembidollo,,
DBM,Debre Markos Airport,10.321501,37.741887,small_airport,Ethiopia,埃塞俄比亚,ET,Debre Markos,,"Debre Mark'os, Debre Marqos"
DIR,Aba Tenna Dejazmach Yilma International Airport,9.623549,41.855027,large_airport,Ethiopia,埃塞俄比亚,ET,Dire Dawa,,
GMB,Gambela Airport,8.12876,34.563099,medium_airport,Ethiopia,埃塞俄比亚,ET,Gambela,,Gambela National Park
GDQ,Gondar Airport,12.5199,37.433998,medium_airport,Ethiopia,埃塞俄比亚,ET,Azezo,,"Atse Tewodros,, Emperor Tewodros"
GDE,Gode Airport,5.93513011932,43.5786018372,medium_airport,Ethiopia,埃塞俄比亚,ET,Gode,,Iddiole
QHR,Harar Meda Airport,8.7163,39.0059,medium_airport,Ethiopia,埃塞俄比亚,ET,Debre Zeyit,,አባጤናደጃ ደጃደጃ
HUE,Humera Airport,13.83012,36.88237,small_airport,Ethiopia,埃塞俄比亚,ET,Akwi,,"Himera, Himora"
JIJ,Gerad Wilwal International Airport,9.331907,42.911811,large_airport,Ethiopia,埃塞俄比亚,ET,Jijiga,,Garaad Wiil-Waal
BCO,Jinka Airport,5.749655,36.560165,medium_airport,Ethiopia,埃塞俄比亚,ET,Jinka,,Baco Airport
JIM,Jimma Airport,7.66609001159668,36.81660079956055,medium_airport,Ethiopia,埃塞俄比亚,ET,Jimma,,
ABK,Kebri Dahar Airport,6.732577,44.241339,medium_airport,Ethiopia,埃塞俄比亚,ET,Kebri Dahar,,Kabri Dar
AWA,Hawassa International Airport,7.100611,38.396455,large_airport,Ethiopia,埃塞俄比亚,ET,Hawassa,,Awasa
MQX,Mekele Alula Aba Nega Airport,13.4674,39.533501,medium_airport,Ethiopia,埃塞俄比亚,ET,Mekele,,
MTF,Mizan Teferi Airport,6.9571,35.5547,small_airport,Ethiopia,埃塞俄比亚,ET,Mizan Teferi,,
HIL,Shilavo Airport,6.077545,44.763736,small_airport,Ethiopia,埃塞俄比亚,ET,Shilavo,,"Shillavo, Shilabo, Scilave, ሺላቮ"
SZE,Semera Airport,11.7875,40.9915,small_airport,Ethiopia,埃塞俄比亚,ET,Semera,,"Samara, Sultan Alimirah Hanfare"
ASO,Asosa Airport,10.018500328063965,34.586299896240234,medium_airport,Ethiopia,埃塞俄比亚,ET,Asosa,,
TIE,Tippi Airport,7.2024,35.415,small_airport,Ethiopia,埃塞俄比亚,ET,Tippi,,
BJM,Bujumbura Melchior Ndadaye International Airport,-3.32402,29.318501,large_airport,Burundi,布隆迪,BI,Bujumbura,,
GID,Gitega Airport,-3.417209,29.911308,medium_airport,Burundi,布隆迪,BI,Gitega,,Kitega
KRE,Kirundo Airport,-2.544772,30.094575,small_airport,Burundi,布隆迪,BI,Kirundo,,
BSA,Bender Qassim International Airport,11.275235,49.139231,large_airport,Somalia,索马里,SO,Bosaso,,
HGA,Egal International Airport,9.514082,44.083469,large_airport,Somalia,索马里,SO,Hargeisa,,"Madaarka Caalamiga a ee Cigaal, مطار هرجيسا إيغال الدولية‎)"
BBO,Berbera Airport,10.385035,44.936723,medium_airport,Somalia,索马里,SO,Berbera,,
KMU,Kismayo Airport,-0.377353,42.459202,medium_airport,Somalia,索马里,SO,Kismayo,,"Kisimayu, كيسمايو المطار"
MGQ,Aden Adde International Airport,2.01444,45.304699,large_airport,Somalia,索马里,SO,Mogadishu,,HCCM
BLW,Beledweyne Airport,4.766976,45.2388,small_airport,Somalia,索马里,SO,Beledweyne,,"Belet Uen, Beletweyn, Duqow Ahmed Fiidow, Beletwene"
GLK,Galcaio Airport,6.78082990646,47.45470047,small_airport,Somalia,索马里,SO,Galcaio,,Galkacyo Airport
GGR,Garowe Airport,8.458474,48.568136,small_airport,Somalia,索马里,SO,Garowe,,"HCMW, Puntland, General Mohamed Abshir"
JIB,Djibouti-Ambouli Airport,11.5473,43.1595,large_airport,Djibouti,吉布提,DJ,Djibouti City,,Camp Lemonnier
RDL,Bardawil International Airport,30.410714,33.15535,medium_airport,Egypt,埃及,EG,El Hassana,,"Jafjafa Well, Bir Gifgafa, HE36"
DBB,El Alamein International Airport,30.924324,28.46161,large_airport,Egypt,埃及,EG,El Alamein,,"Al Alamain, Al Alamayn, العلمين‎"
AAC,El Arish International Airport,31.055324,33.827964,large_airport,Egypt,埃及,EG,El Arish,,
ATZ,Asyut International Airport,27.045962,31.01276,large_airport,Egypt,埃及,EG,Asyut,,Asyut
HBE,Alexandria International Airport,30.93249,29.696437,large_airport,Egypt,埃及,EG,Alexandria,,
ABS,Abu Simbel Airport,22.375924,31.611734,medium_airport,Egypt,埃及,EG,Abu Simbel,,
CAI,Cairo International Airport,30.111534,31.396694,large_airport,Egypt,埃及,EG,Cairo,,
CCE,Capital International Airport,30.06465,31.839974,medium_airport,Egypt,埃及,EG,New Cairo,,
HRG,Hurghada International Airport,27.176776,33.796692,large_airport,Egypt,埃及,EG,Hurghada,,"Al Ghardaqah, الغردقة"
EGH,El Jora Airport,31.078138,34.153131,medium_airport,Egypt,埃及,EG,El Jora,,
LXR,Luxor International Airport,25.671018,32.706446,large_airport,Egypt,埃及,EG,Luxor,,
RMF,Marsa Alam International Airport,25.555548,34.59245,large_airport,Egypt,埃及,EG,Marsa Alam,,"marsa alam, marsa alam airport"
MUH,Mersa Matruh International Airport,31.324313,27.22227,large_airport,Egypt,埃及,EG,Marsa Matruh,,
PSD,Port Said International Airport,31.279285,32.240582,large_airport,Egypt,埃及,EG,Port Said,,El Gamil
SKV,Saint Catherine International Airport,28.684292,34.064409,medium_airport,Egypt,埃及,EG,Saint Catherine,,
HMB,Suhaj International Airport,26.342515,31.743017,large_airport,Egypt,埃及,EG,Suhaj,,"HEMK, Suhaj Mubarak International Airport, Sohag Intl"
SSH,Sharm El Sheikh International Airport,27.977272,34.394717,large_airport,Egypt,埃及,EG,Sharm El Sheikh,,
ASW,Aswan International Airport,23.961075,32.820382,large_airport,Egypt,埃及,EG,Aswan,,aswan airport
SPX,Sphinx International Airport,30.108179,30.895728,large_airport,Egypt,埃及,EG,Al Jiza,,الجيزة
TCP,Taba International Airport,29.594496,34.775752,medium_airport,Egypt,埃及,EG,Taba,,
ASM,Asmara International Airport,15.2919,38.910702,medium_airport,Eritrea,厄立特里亚,ER,Asmara,,Yohannes International.
MSW,Massawa International Airport,15.67,39.370098,medium_airport,Eritrea,厄立特里亚,ER,Massawa,,
ASA,Assab International Airport,13.0718,42.645,medium_airport,Eritrea,厄立特里亚,ER,Assab,,
JUB,Juba International Airport,4.87201,31.601101,large_airport,S. Sudan,南苏丹,SS,Juba,,"JIA, HSSJ"
ASV,Amboseli Airport,-2.644786,37.252922,medium_airport,Kenya,肯尼亚,KE,Ol Tukai,,Maasai Amboseli Game Reserve
EDL,Eldoret International Airport,0.404458,35.238899,large_airport,Kenya,肯尼亚,KE,Eldoret,,HKED
NBO,Jomo Kenyatta International Airport,-1.318886,36.928233,large_airport,Kenya,肯尼亚,KE,Nairobi,,"Jkia Airport, Embakasi Airport, Nairobi International Airport"
KIS,Kisumu International Airport,-0.086139,34.728901,large_airport,Kenya,肯尼亚,KE,Kisumu,,
KTL,Kitale Airport,0.971989,34.958599,medium_airport,Kenya,肯尼亚,KE,Kitale,,
LKG,Lokichogio Airport,4.20412,34.348202,medium_airport,Kenya,肯尼亚,KE,Lokichogio,,
LOK,Lodwar Airport,3.12197,35.6087,medium_airport,Kenya,肯尼亚,KE,Lodwar,,
LAU,Manda Airport,-2.252431,40.912892,medium_airport,Kenya,肯尼亚,KE,Lamu,,
JJM,Mulika Lodge Airport,0.165083,38.195141,small_airport,Kenya,肯尼亚,KE,Meru-Kinna,,Meru National Park
MYD,Malindi International Airport,-3.22931,40.1017,medium_airport,Kenya,肯尼亚,KE,Malindi,,
MBA,Moi International Airport,-4.03483,39.5942,large_airport,Kenya,肯尼亚,KE,Mombasa,,"Mombasa, Port Reitz"
MRE,Mara Serena Lodge Airstrip,-1.404588,35.008349,medium_airport,Kenya,肯尼亚,KE,Serena,,6100
NUU,Nakuru Lanet Airport,-0.298419,36.159193,medium_airport,Kenya,肯尼亚,KE,Nakuru,,Lanet Military Airstrip
NYK,Nanyuki Civil Airport,-0.062352,37.041296,medium_airport,Kenya,肯尼亚,KE,Gathiuru,,
WIL,Nairobi Wilson Airport,-1.32172,36.8148,medium_airport,Kenya,肯尼亚,KE,Nairobi,,WLN
WJR,Wajir Airport,1.73324,40.091599,medium_airport,Kenya,肯尼亚,KE,Wajir,,
SRX,Sirt International Airport / Ghardabiya Airbase,31.058578,16.597095,large_airport,Libya,利比亚,LY,Sirt,,"Gardabiya, Sirte"
GHT,Ghat Airport,25.145599,10.1426,medium_airport,Libya,利比亚,LY,Ghat,,
AKF,Kufra Airport,24.178699493408203,23.31399917602539,medium_airport,Libya,利比亚,LY,Kufra,,
BEN,Benina International Airport,32.096802,20.269501,large_airport,Libya,利比亚,LY,Benina,,"Benghazi, Soluch Airfield"
MJI,Mitiga International Airport,32.89177,13.287878,large_airport,Libya,利比亚,LY,Tripoli,,"Mellaha Army Airfield, Okba Ben Nafi Air Base, Wheelus Air Force Base"
LAQ,Al Abraq International Airport,32.789036,21.954864,large_airport,Libya,利比亚,LY,Al Albraq,,"Al Bayda, Beida"
SEB,Sabha Airport,26.992452,14.466162,medium_airport,Libya,利比亚,LY,Sabha,,Sebha
LMQ,Marsa al Brega Airport,30.378099,19.576401,medium_airport,Libya,利比亚,LY,Marsa al Brega,,
MRA,Misrata International Airport,32.325001,15.061,small_airport,Libya,利比亚,LY,Misrata,,"Misratah, Misurata"
LTD,Ghadames Airport,30.145484,9.702095,medium_airport,Libya,利比亚,LY,Ghadames,,
GYI,Gisenyi Airport,-1.6772,29.2589,medium_airport,Rwanda,卢旺达,RW,Gisenyi,,
KGL,Kigali International Airport,-1.96863,30.1395,large_airport,Rwanda,卢旺达,RW,Kigali,,"Gregoire Kayibanda International Airport, Kanombe International Airport"
KME,Kamembe Airport,-2.462239980697632,28.907899856567383,medium_airport,Rwanda,卢旺达,RW,Kamembe,,
DOG,Dongola Airport,19.153666,30.430069,medium_airport,Sudan,苏丹,SD,Dongola,,"DOG Airport, مطار دنقلا"
ELF,El Fasher Airport,13.614899635314941,25.324600219726562,medium_airport,Sudan,苏丹,SD,El Fasher,,El Fashir Airport
KSL,Kassala Airport,15.387499809265137,36.328800201416016,medium_airport,Sudan,苏丹,SD,Kassala,,
MWE,Merowe Airport,18.443333,31.843333,medium_airport,Sudan,苏丹,SD,Merowe,,Merowe International
UYL,Nyala Airport,12.0535,24.9562,medium_airport,Sudan,苏丹,SD,Nyala,,
EBD,El-Obeid Airport,13.1532,30.2327,medium_airport,Sudan,苏丹,SD,El-Obeid,,Al-Ubayyid
PZU,Port Sudan New International Airport,19.434558,37.234125,large_airport,Sudan,苏丹,SD,Port Sudan,,
KRT,Khartoum International Airport,15.5895,32.5532,large_airport,Sudan,苏丹,SD,Khartoum,,HSSS
MAK,Malakal International Airport,9.558739,31.651937,medium_airport,S. Sudan,南苏丹,SS,Malakal,,HSSM
WUU,Wau Airport,7.72583,27.975,medium_airport,S. Sudan,南苏丹,SS,Wau,,
ARK,Arusha Airport,-3.3677899837493896,36.63330078125,medium_airport,Tanzania,坦桑尼亚,TZ,Arusha,,
BKZ,Bukoba Airport,-1.332,31.8212,small_airport,Tanzania,坦桑尼亚,TZ,Bukoba,,
DAR,Julius Nyerere International Airport,-6.873499,39.207288,large_airport,Tanzania,坦桑尼亚,TZ,Dar es Salaam,,"HTJN, Mwalimu Julius K. Nyerere, Dar es Salaam International Airport"
DOD,Dodoma Airport,-6.170559,35.756036,medium_airport,Tanzania,坦桑尼亚,TZ,Dodoma,,
MBI,Songwe Airport,-8.919942,33.273981,medium_airport,Tanzania,坦桑尼亚,TZ,Mbeya,,
IRI,Iringa Airport,-7.66863,35.752102,medium_airport,Tanzania,坦桑尼亚,TZ,Nduli,,
TKQ,Kigoma Airport,-4.8862,29.6709,small_airport,Tanzania,坦桑尼亚,TZ,Kigoma,,
JRO,Kilimanjaro International Airport,-3.427049,37.07353,large_airport,Tanzania,坦桑尼亚,TZ,Arusha,,
LKY,Lake Manyara Airport,-3.37631,35.818298,medium_airport,Tanzania,坦桑尼亚,TZ,Lake Manyara National Park,,
MFA,Mafia Airport,-7.917478,39.668502,small_airport,Tanzania,坦桑尼亚,TZ,Kilindoni,,
MYW,Mtwara Airport,-10.336204,40.181997,medium_airport,Tanzania,坦桑尼亚,TZ,Mtwara,,
MUZ,Musoma Airport,-1.503,33.8021,small_airport,Tanzania,坦桑尼亚,TZ,Musoma,,
MWZ,Mwanza International Airport,-2.446563,32.936049,large_airport,Tanzania,坦桑尼亚,TZ,Mwanza,,
PMA,Pemba Airport,-5.25726,39.811401,medium_airport,Tanzania,坦桑尼亚,TZ,Chake Chake,,"Chake Chake, Karume, Thabit Kombo Jecha, Wawi"
SEU,Seronera Airport,-2.45806,34.822498,small_airport,Tanzania,坦桑尼亚,TZ,Seronera,,
SHY,Shinyanga Airport,-3.6093,33.5035,small_airport,Tanzania,坦桑尼亚,TZ,Shinyanga,,
TBO,Tabora Airport,-5.07639,32.833302,small_airport,Tanzania,坦桑尼亚,TZ,Tabora,,
TGT,Tanga Airport,-5.09236,39.071201,medium_airport,Tanzania,坦桑尼亚,TZ,Tanga,,
ZNZ,Abeid Amani Karume International Airport,-6.22202,39.224899,large_airport,Tanzania,坦桑尼亚,TZ,Zanzibar,,"HTAK, Zanzibar Airport, Kiembi Samaki"
RUA,Arua Airport,3.049152,30.911714,medium_airport,Uganda,乌干达,UG,Arua,,
EBB,Entebbe International Airport,0.042386,32.443501,large_airport,Uganda,乌干达,UG,Entebbe,,
ULU,Gulu Airport,2.8055601119995117,32.27180099487305,medium_airport,Uganda,乌干达,UG,Gulu,,
SRT,Soroti Airport,1.7276899814605713,33.622798919677734,medium_airport,Uganda,乌干达,UG,Soroti,,
HZU,Chengdu Huaizhou Airport,30.677339,104.529397,medium_airport,China,中华人民共和国,CN,Chengdu,Chengdu (Jintang),
IBL,Indigo Bay Lodge Airport,-21.708,35.452801,medium_airport,Mozambique,莫桑比克,MZ,Bazaruto Island,,
FSH,Syekh Hamzah Fansyuri Airport,2.269614,97.967863,small_airport,Indonesia,印度尼西亚,ID,Singkil,,WT13
DHX,Dhoho International Airport,-7.749527,111.946831,medium_airport,Indonesia,印度尼西亚,ID,Kediri,,Dhoho
KRC,Departi Parbo Airport,-2.094042,101.47025,small_airport,Indonesia,印度尼西亚,ID,Sungai Penuh,,"WIPH, Kerinci"
RKI,Mentawai Airport,-2.1001,99.7044,small_airport,Indonesia,印度尼西亚,ID,Sipura Island,,"WIBR, Rokot Sipora"
UGU,Bilorai Airport,-3.739503,137.031183,medium_airport,Indonesia,印度尼西亚,ID,Bilogai,,"WABV, Zugapa, Bilogai-Sugapa"
AYJ,Maharshi Valmiki International Airport,26.747736,82.163664,medium_airport,India,印度,IN,Faizabad,,Maharishi Valmiki International
AVR,Amravati  Airport,20.814608,77.717765,medium_airport,India,印度,IN,Amravati,,
SDW,Sindhudurg Airport,16.002552,73.529846,medium_airport,India,印度,IN,Chipi,,VA85
NMI,Navi Mumbai International Airport,18.984597,73.065253,large_airport,India,印度,IN,Navi Mumbai,,"D. B. Patil, new airport"
RQY,Rashtrakavi Kuvempu Airport,13.858024,75.618868,medium_airport,India,印度,IN,Shimoga,,"Sogane, Shivamogga"
HGI,Itanagar Donyi Polo Hollongi Airport,26.96683,93.638792,medium_airport,India,印度,IN,Hollongi,,
DXN,Noida International Airport,28.179868,77.611843,large_airport,India,印度,IN,Gautam Buddha Nagar,,
AHA,Maa Mahamaya Airport,22.98753,83.19612,medium_airport,India,印度,IN,Ambikapur,,"Ambikapur, Darima"
JGB,Jagdalpur Airport,19.074301,82.036797,small_airport,India,印度,IN,Jagdalpur,,
JIO,Jos Orno Imsula Airport,-8.140683,127.909669,small_airport,Indonesia,印度尼西亚,ID,Tiakur,,"Moa Island, Leti Islands"
JUH,Chizhou Jiuhuashan Airport,30.7403,117.6856,small_airport,China,中华人民共和国,CN,Chizhou,,
BLD,Boulder City Municipal Airport,35.947161,-114.858799,medium_airport,United States of America,美国,US,Boulder City,,61B
MFH,Mesquite Airport,36.833105,-114.055928,medium_airport,United States of America,美国,US,Mesquite,,
OTS,Anacortes Airport,48.498513,-122.662513,small_airport,United States of America,美国,US,Anacortes,,
ABE,Lehigh Valley International Airport,40.651773,-75.442797,medium_airport,United States of America,美国,US,Allentown/Bethlehem,,Allentown–Bethlehem–Easton International Airport
ABI,Abilene Regional Airport,32.4113006592,-99.68190002440001,medium_airport,United States of America,美国,US,Abilene,,
ABQ,Albuquerque International Sunport,35.039976,-106.608925,large_airport,United States of America,美国,US,Albuquerque,,
ABR,Aberdeen Regional Airport,45.449100494384766,-98.42179870605469,medium_airport,United States of America,美国,US,Aberdeen,,
ABY,Southwest Georgia Regional Airport,31.532946,-84.196215,medium_airport,United States of America,美国,US,Albany,,
ACK,Nantucket Memorial Airport,41.25310135,-70.06020355,medium_airport,United States of America,美国,US,Nantucket,,
ACT,Waco Regional Airport,31.611299514770508,-97.23049926757812,medium_airport,United States of America,美国,US,Waco,,
ACV,California Redwood Coast-Humboldt County Airport,40.978101,-124.109,medium_airport,United States of America,美国,US,Arcata/Eureka,,"Arcata Airport, Arcata–Eureka Airport"
ACY,Atlantic City International Airport,39.456201,-74.577511,medium_airport,United States of America,美国,US,Atlantic City,,
ADT,Ada Regional Airport,34.805214,-96.671988,medium_airport,United States of America,美国,US,Ada,,Ada Municipal
ADW,Joint Base Andrews,38.810799,-76.866997,medium_airport,United States of America,美国,US,Camp Springs,,Andrews Air Force Base
AEX,Alexandria International Airport,31.325828,-92.546702,medium_airport,United States of America,美国,US,Alexandria,,"England Air Park, England Air Force Base"
AFW,Perot Field/Fort Worth Alliance Airport,32.99044,-97.31947,medium_airport,United States of America,美国,US,Fort Worth,,
AGC,Allegheny County Airport,40.354401,-79.930199,medium_airport,United States of America,美国,US,Pittsburgh,,
AGS,Augusta Regional At Bush Field,33.3699,-81.9645,medium_airport,United States of America,美国,US,Augusta,,
AHN,Athens Ben Epps Airport,33.948842,-83.325634,medium_airport,United States of America,美国,US,Athens,,
AIA,Alliance Municipal Airport,42.052543,-102.803965,medium_airport,United States of America,美国,US,Alliance,,
AKC,Akron Fulton International Airport,41.037355,-81.46784,medium_airport,United States of America,美国,US,Akron,,"Akron Executive, NAS Akron."
ALB,Albany International Airport,42.748299,-73.801697,large_airport,United States of America,美国,US,Albany,,
ALI,Alice International Airport,27.7409,-98.026901,medium_airport,United States of America,美国,US,Alice,,
ALM,Alamogordo White Sands Regional Airport,32.837818,-105.993149,medium_airport,United States of America,美国,US,Alamogordo,,
ALN,St Louis Regional Airport,38.89030075069999,-90.0459976196,medium_airport,United States of America,美国,US,Alton/St Louis,,Civic Memorial Airport
ALO,Waterloo Regional Airport,42.557098388671875,-92.40029907226562,medium_airport,United States of America,美国,US,Waterloo,,
ALS,San Luis Valley Regional Airport/Bergman Field,37.434898,-105.866997,medium_airport,United States of America,美国,US,Alamosa,,
ALW,Walla Walla Regional Airport,46.09489822,-118.288002,medium_airport,United States of America,美国,US,Walla Walla,,
AMA,Rick Husband Amarillo International Airport,35.217857,-101.706444,medium_airport,United States of America,美国,US,Amarillo,,
ANB,Anniston Regional Airport,33.5882,-85.8581,medium_airport,United States of America,美国,US,Anniston,,Anniston Metropolitan
AND,Anderson Regional Airport,34.4945983887,-82.70939636230001,medium_airport,United States of America,美国,US,Anderson,,
AOO,Altoona Blair County Airport,40.296398,-78.32,medium_airport,United States of America,美国,US,Altoona,,
APA,Centennial Airport,39.57009888,-104.848999,medium_airport,United States of America,美国,US,Denver,,Arapahoe County Airport
APF,Naples Municipal Airport,26.1525993347,-81.7752990723,medium_airport,United States of America,美国,US,Naples,,
APG,Phillips Army Air Field,39.466202,-76.1688,medium_airport,United States of America,美国,US,Aberdeen,,Aberdeen Proving Grounds
APN,Alpena County Regional Airport,45.0780983,-83.56030273,medium_airport,United States of America,美国,US,Alpena,,
ARA,Acadiana Regional Airport,30.0378,-91.883904,medium_airport,United States of America,美国,US,New Iberia,,
ART,Watertown International Airport,43.991901,-76.021698,medium_airport,United States of America,美国,US,Watertown,,
ASE,Aspen-Pitkin County Airport (Sardy Field),39.223202,-106.869003,medium_airport,United States of America,美国,US,Aspen,,
AST,Astoria Regional Airport,46.158000946,-123.878997803,medium_airport,United States of America,美国,US,Astoria,,
ATL,Hartsfield Jackson Atlanta International Airport,33.6367,-84.428101,large_airport,United States of America,美国,US,Atlanta,,
ATW,Appleton International Airport,44.258515,-88.519,medium_airport,United States of America,美国,US,Appleton,,Outagamie County Regional Airport
ATY,Watertown Regional Airport,44.91400146,-97.15470123,medium_airport,United States of America,美国,US,Watertown,,
AUG,Augusta State Airport,44.320598602299995,-69.7973022461,medium_airport,United States of America,美国,US,Augusta,,
AUS,Austin Bergstrom International Airport,30.197535,-97.662015,large_airport,United States of America,美国,US,Austin,,"BSM, KBSM, Bergstrom AFB"
AUW,Wausau Downtown Airport,44.9262008667,-89.6266021729,medium_airport,United States of America,美国,US,Wausau,,
AVL,Asheville Regional Airport,35.435488,-82.541853,medium_airport,United States of America,美国,US,Asheville,,
AVP,Wilkes-Barre/Scranton International Airport,41.337064,-75.724232,medium_airport,United States of America,美国,US,Wilkes-Barre/Scranton,,
AXN,Chandler Field,45.866299,-95.394699,medium_airport,United States of America,美国,US,Alexandria,,
AZO,Kalamazoo/Battle Creek International Airport,42.232105,-85.549637,medium_airport,United States of America,美国,US,Kalamazoo,,
BAB,Beale Air Force Base,39.136101,-121.436996,medium_airport,United States of America,美国,US,Beale Air Force Base,,Marysville
BAD,Barksdale Air Force Base,32.501801,-93.662697,medium_airport,United States of America,美国,US,Bossier City,,
BAF,Westfield-Barnes Regional Airport,42.157799,-72.715599,medium_airport,United States of America,美国,US,Westfield,,"Barnes Municipal Airport, Springfield"
CLU,Columbus Municipal Airport,39.262386,-85.895576,medium_airport,United States of America,美国,US,Columbus,,
BBD,Curtis Field,31.178931,-99.324732,medium_airport,United States of America,美国,US,Brady,,
BKG,Branson Airport,36.532082,-93.200544,medium_airport,United States of America,美国,US,Branson,,
BCE,Bryce Canyon Airport,37.706401825,-112.144996643,medium_airport,United States of America,美国,US,Bryce Canyon,,
BCT,Boca Raton Airport,26.3785,-80.107697,medium_airport,United States of America,美国,US,Boca Raton,,Boca Raton AAF
BDE,Baudette International Airport,48.728401,-94.612198,medium_airport,United States of America,美国,US,Baudette,,
BDL,Bradley International Airport,41.938555,-72.688016,large_airport,United States of America,美国,US,Hartford,,"HFD, Hartford"
BDR,Igor I Sikorsky Memorial Airport,41.163502,-73.126198,medium_airport,United States of America,美国,US,Bridgeport,,
BED,Laurence G Hanscom Field,42.470001,-71.289001,medium_airport,United States of America,美国,US,Bedford,,Hanscom Air Force Base
BFD,Bradford Regional Airport,41.8031005859375,-78.64009857177734,medium_airport,United States of America,美国,US,Bradford,,
BFF,Western Neb. Rgnl/William B. Heilig Airport,41.87400055,-103.5960007,medium_airport,United States of America,美国,US,Scottsbluff,,William B. Heilig Field
BFI,King County International Airport - Boeing Field,47.527042,-122.29995,medium_airport,United States of America,美国,US,Seattle,,Boeing Field
BFL,Meadows Field,35.433601,-119.056999,medium_airport,United States of America,美国,US,Bakersfield,,
BFM,Mobile Downtown Airport,30.626800537100003,-88.06809997559999,medium_airport,United States of America,美国,US,Mobile,,
BGM,Greater Binghamton/Edwin A Link field,42.20869827,-75.97979736,medium_airport,United States of America,美国,US,Binghamton,,"Broome County Airport, Edwin A Link Field"
BGR,Bangor International Airport,44.806364,-68.826668,medium_airport,United States of America,美国,US,Bangor,,
BHB,Hancock County-Bar Harbor Airport,44.45000076,-68.3615036,medium_airport,United States of America,美国,US,Bar Harbor,,
BHM,Birmingham-Shuttlesworth International Airport,33.562877,-86.750712,large_airport,United States of America,美国,US,Birmingham,,
BID,Block Island State Airport,41.168446,-71.578631,small_airport,United States of America,美国,US,Block Island,,
BIF,Biggs Army Air Field (Fort Bliss),31.84950066,-106.3799973,medium_airport,United States of America,美国,US,Fort Bliss/El Paso,,Fort Bliss
BIH,Eastern Sierra Regional Airport,37.3731,-118.363998,medium_airport,United States of America,美国,US,Bishop,,
BIL,Billings Logan International Airport,45.808932,-108.541242,medium_airport,United States of America,美国,US,Billings,,
BIS,Bismarck Municipal Airport,46.772734,-100.746874,medium_airport,United States of America,美国,US,Bismarck,,Burleigh County Airport
BIX,Keesler Air Force Base,30.4104003906,-88.92440032959999,medium_airport,United States of America,美国,US,Biloxi,,
BJC,Rocky Mountain Metropolitan Airport,39.908798,-105.116997,medium_airport,United States of America,美国,US,Denver,,"Jefferson County Airport, Jeffco Airport"
BJI,Bemidji Regional Airport,47.50939941,-94.93370056,medium_airport,United States of America,美国,US,Bemidji,,
BKE,Baker City Municipal Airport,44.837299346900004,-117.808998108,medium_airport,United States of America,美国,US,Baker City,,
BFK,Buckley Space Force Base,39.701698,-104.751999,medium_airport,United States of America,美国,US,Aurora,,"Buckley AFB, Buckley ANGB, Denver NAS, Buckley Field, Demolition Bombing Range–Lowry Auxiliary Field"
BKL,Burke Lakefront Airport,41.51750183105469,-81.68329620361328,medium_airport,United States of America,美国,US,Cleveland,,
BKW,Raleigh County Memorial Airport,37.7873,-81.124199,medium_airport,United States of America,美国,US,Beaver,,Beckley
BLF,Mercer County Airport,37.295799,-81.207703,medium_airport,United States of America,美国,US,Bluefield,,
BLH,Blythe Airport,33.6192016602,-114.717002869,medium_airport,United States of America,美国,US,Blythe,,
BLI,Bellingham International Airport,48.79280090332031,-122.53800201416016,medium_airport,United States of America,美国,US,Bellingham,,
BLV,Scott AFB/Midamerica Airport,38.5452,-89.835197,medium_airport,United States of America,美国,US,Belleville,,Scott Air Force Base
BMG,Monroe County Airport,39.145999908447266,-86.61669921875,medium_airport,United States of America,美国,US,Bloomington,,
BMI,Central Illinois Regional Airport at Bloomington-Normal,40.4771,-88.915901,medium_airport,United States of America,美国,US,Bloomington/Normal,,
BNA,Nashville International Airport,36.1245,-86.6782,large_airport,United States of America,美国,US,Nashville,,
BNO,Burns Municipal Airport,43.590463,-118.955154,medium_airport,United States of America,美国,US,Burns,,
BOI,Boise Air Terminal/Gowen Field,43.5644,-116.223,large_airport,United States of America,美国,US,Boise,,"Boise Air Terminal, Gowen Field"
BOS,Boston Logan International Airport,42.36197,-71.0079,large_airport,United States of America,美国,US,Boston,,General Edward Lawrence Logan International Airport
BPI,Miley Memorial Field,42.58509827,-110.1110001,medium_airport,United States of America,美国,US,Big Piney,,Big Piney-Marbleton Airport
WMH,Ozark Regional Airport,36.3689002991,-92.47049713130001,medium_airport,United States of America,美国,US,Mountain Home,,Baxter County Regional Airport
BPT,Jack Brooks Regional Airport,29.9508,-94.020699,medium_airport,United States of America,美国,US,Beaumont/Port Arthur,,Southeast Texas Regional
BQK,Brunswick Golden Isles Airport,31.258801,-81.466499,medium_airport,United States of America,美国,US,Brunswick,,Glynco Jetport
BRD,Brainerd Lakes Regional Airport,46.402861,-94.129727,medium_airport,United States of America,美国,US,Brainerd,,Crow Wing County Airport
BRL,Southeast Iowa Regional Airport,40.783199310302734,-91.12550354003906,medium_airport,United States of America,美国,US,Burlington,,
BRO,Brownsville South Padre Island International Airport,25.907238,-97.425235,medium_airport,United States of America,美国,US,Brownsville,,
BTL,Battle Creek Executive Airport at Kellogg Field,42.307301,-85.251503,medium_airport,United States of America,美国,US,Battle Creek,,W K Kellogg
BTM,Bert Mooney Airport,45.95479965209961,-112.49700164794922,medium_airport,United States of America,美国,US,Butte,,
BTR,Baton Rouge Metropolitan Airport,30.533199,-91.149597,medium_airport,United States of America,美国,US,Baton Rouge,,
BTV,Patrick Leahy Burlington International Airport,44.471901,-73.153297,medium_airport,United States of America,美国,US,Burlington,,
BUF,Buffalo Niagara International Airport,42.940498,-78.732201,large_airport,United States of America,美国,US,Buffalo,,
BUR,Hollywood Burbank/Bob Hope Airport,34.202834,-118.35805,large_airport,United States of America,美国,US,Burbank,,"United Airport, Union Air Terminal, Lockheed Air Terminal, Burbank–Glendale–Pasadena"
BFP,Beaver County Airport,40.772499,-80.391403,medium_airport,United States of America,美国,US,Beaver Falls,,
BVY,Beverly Regional Airport,42.584202,-70.916496,medium_airport,United States of America,美国,US,Beverly / Danvers,,
BWG,Bowling Green Warren County Regional Airport,36.964500427199994,-86.41970062259999,medium_airport,United States of America,美国,US,Bowling Green,,
BWI,Baltimore/Washington International Thurgood Marshall Airport,39.1754,-76.668297,large_airport,United States of America,美国,US,Baltimore,,"WAS, Friendship International"
NHZ,Brunswick Executive Airport,43.89220047,-69.93859863,medium_airport,United States of America,美国,US,Brunswick,,"KHNZ, Brunswick NAS"
BYH,Arkansas International Airport,35.9642982483,-89.94400024410001,medium_airport,United States of America,美国,US,Blytheville,,"Blytheville AFB, Eaker AFB"
BYI,Burley Municipal Airport,42.542598724399994,-113.772003174,medium_airport,United States of America,美国,US,Burley,,J R Jack Simplot Airport
BYS,Bicycle Lake Army Air Field,35.2804985046,-116.629997253,medium_airport,United States of America,美国,US,Fort Irwin/Barstow,,
BZN,Bozeman Yellowstone International Airport,45.778853,-111.153711,medium_airport,United States of America,美国,US,Bozeman,,Gallatin Field
CAE,Columbia Metropolitan Airport,33.938172,-81.123022,medium_airport,United States of America,美国,US,Columbia,,
CAK,Akron Canton Regional Airport,40.916099548339844,-81.44219970703125,medium_airport,United States of America,美国,US,Akron,,
CAR,Caribou Municipal Airport,46.871498,-68.017899,medium_airport,United States of America,美国,US,Caribou,,
CBM,Columbus Air Force Base,33.643799,-88.443802,medium_airport,United States of America,美国,US,Columbus,,
CCR,Buchanan Field,37.9897,-122.056999,medium_airport,United States of America,美国,US,Concord,,
CCY,Northeast Iowa Regional Airport,43.0726013184,-92.6108016968,medium_airport,United States of America,美国,US,Charles City,,Charles City Municipal Airport
CDC,Cedar City Regional Airport,37.70100021362305,-113.0989990234375,medium_airport,United States of America,美国,US,Cedar City,,
CDR,Chadron Municipal Airport,42.837601,-103.095001,medium_airport,United States of America,美国,US,Chadron,,
CDS,Childress Municipal Airport,34.4337997437,-100.288002014,medium_airport,United States of America,美国,US,Childress,,
CEC,Jack Mc Namara Field Airport,41.778929,-124.236403,medium_airport,United States of America,美国,US,Crescent City,,Jack McNamara Field
CEF,Westover Metropolitan Airport / Westover Air Reserve Base,42.194,-72.534798,medium_airport,United States of America,美国,US,Chicopee,,
CEW,Bob Sikes Airport,30.778799057,-86.522102356,medium_airport,United States of America,美国,US,Crestview,,
CEZ,Cortez Municipal Airport,37.303001,-108.627998,medium_airport,United States of America,美国,US,Cortez,,
CGF,Cuyahoga County Airport,41.5651016235,-81.4863967896,medium_airport,United States of America,美国,US,Cleveland,,
CGI,Cape Girardeau Regional Airport,37.2253,-89.570801,medium_airport,United States of America,美国,US,Cape Girardeau,,
CHA,Chattanooga Metropolitan Airport (Lovell Field),35.035301,-85.203796,medium_airport,United States of America,美国,US,Chattanooga,,
CHO,Charlottesville Albemarle Airport,38.13859939575195,-78.4529037475586,medium_airport,United States of America,美国,US,Charlottesville,,
CHS,Charleston International Airport,32.896159,-80.038151,large_airport,United States of America,美国,US,Charleston,,Charleston Air Force Base
CID,The Eastern Iowa Airport,41.884701,-91.7108,medium_airport,United States of America,美国,US,Cedar Rapids,,Cedar Rapids Municipal
CIU,Chippewa County International Airport,46.242038,-84.462082,medium_airport,United States of America,美国,US,Kincheloe,,"Sault Sainte Marie, Sault Ste Marie"
CKB,North Central West Virginia Airport,39.2966,-80.228104,medium_airport,United States of America,美国,US,Bridgeport,,
CLE,Cleveland Hopkins International Airport,41.411701,-81.8498,large_airport,United States of America,美国,US,Cleveland,,
CLL,Easterwood Field,30.5886,-96.3638,medium_airport,United States of America,美国,US,College Station,,
CLM,William R Fairchild International Airport,48.120201,-123.5,medium_airport,United States of America,美国,US,Port Angeles,,
CLT,Charlotte Douglas International Airport,35.2140007019043,-80.94309997558594,large_airport,United States of America,美国,US,Charlotte,,
CMH,John Glenn Columbus International Airport,39.998001,-82.891899,large_airport,United States of America,美国,US,Columbus,,
CMI,University of Illinois Willard Airport,40.039819,-88.276249,medium_airport,United States of America,美国,US,Savoy,,"Champaign, Urbana"
CMX,Houghton County Memorial Airport,47.168399810791016,-88.48909759521484,medium_airport,United States of America,美国,US,Hancock,,
CNM,Cavern City Air Terminal,32.337501525878906,-104.26300048828125,medium_airport,United States of America,美国,US,Carlsbad,,
CNU,Chanute Martin Johnson Airport,37.668173,-95.486727,medium_airport,United States of America,美国,US,Chanute,,
CNY,Canyonlands Regional Airport,38.755001,-109.754997,medium_airport,United States of America,美国,US,Moab,,
COD,Yellowstone Regional Airport,44.520199,-109.024002,medium_airport,United States of America,美国,US,Cody,,
COE,Coeur D'Alene Airport - Pappy Boyington Field,47.7743,-116.82,medium_airport,United States of America,美国,US,Coeur d'Alene,,Coeur d'Alene Air Terminal
COF,Patrick Space Force Base,28.2349,-80.6101,medium_airport,United States of America,美国,US,Cocoa Beach,,Naval Air Station Banana River
CON,Concord Municipal Airport,43.20270157,-71.50229645,medium_airport,United States of America,美国,US,Concord,,
COS,City of Colorado Springs Municipal Airport,38.805801,-104.700996,large_airport,United States of America,美国,US,Colorado Springs,,"Peterson SFB, Colorado Springs Airport"
COU,Columbia Regional Airport,38.8181,-92.219597,medium_airport,United States of America,美国,US,Columbia,,
CPR,Casper-Natrona County International Airport,42.907381,-106.461609,medium_airport,United States of America,美国,US,Casper,,
CRE,Grand Strand Airport,33.8116989136,-78.72389984130001,medium_airport,United States of America,美国,US,North Myrtle Beach,,
CRG,Jacksonville Executive at Craig Airport,30.3362998962,-81.51439666750001,medium_airport,United States of America,美国,US,Jacksonville,,Craig Municipal Airport
CRP,Corpus Christi International Airport,27.770399,-97.501198,medium_airport,United States of America,美国,US,Corpus Christi,,
CLD,McClellan-Palomar Airport,33.1283,-117.279999,medium_airport,United States of America,美国,US,Carlsbad,,
CRW,Yeager Airport,38.3731,-81.593201,medium_airport,United States of America,美国,US,Charleston,,
CSG,Columbus Airport,32.516415,-84.939602,medium_airport,United States of America,美国,US,Columbus,,
CSV,Crossville Memorial Airport Whitson Field,35.95131,-85.08499,medium_airport,United States of America,美国,US,Crossville,,
CTB,Cut Bank International Airport,48.608657,-112.378183,medium_airport,United States of America,美国,US,Cut Bank,,
CUB,Jim Hamilton L.B. Owens Airport,33.970500946,-80.9952011108,medium_airport,United States of America,美国,US,Columbia,,
CVG,Cincinnati Northern Kentucky International Airport,39.048801,-84.667801,large_airport,United States of America,美国,US,Cincinnati / Covington,,
CVN,Clovis Municipal Airport,34.426594,-103.078794,medium_airport,United States of America,美国,US,Clovis,,
CVO,Corvallis Municipal Airport,44.49720001,-123.2900009,medium_airport,United States of America,美国,US,Corvallis,,Albany Oregon
CVS,Cannon Air Force Base,34.382801,-103.321999,medium_airport,United States of America,美国,US,Clovis,,
CWA,Central Wisconsin Airport,44.777448,-89.670238,medium_airport,United States of America,美国,US,Mosinee,,
CXO,Conroe-North Houston Regional Airport,30.351801,-95.414497,medium_airport,United States of America,美国,US,Houston,,"Montgomery County Airport, Lone Star Executive Airport"
CSN,Carson Airport,39.194331,-119.734312,medium_airport,United States of America,美国,US,Carson City,,"O04, Carson City Airport"
CYS,Cheyenne Regional Jerry Olson Field,41.155701,-104.811997,medium_airport,United States of America,美国,US,Cheyenne,,
DAA,Davison Army Air Field,38.715000152600005,-77.1809997559,medium_airport,United States of America,美国,US,Fort Belvoir,,
DAB,Daytona Beach International Airport,29.18255,-81.059464,medium_airport,United States of America,美国,US,Daytona Beach,,
DAG,Barstow Daggett Airport,34.85369873,-116.7870026,medium_airport,United States of America,美国,US,Daggett,,
DAL,Dallas Love Field,32.844776,-96.847653,large_airport,United States of America,美国,US,Dallas,,QDF
DAN,Danville Regional Airport,36.572899,-79.336098,medium_airport,United States of America,美国,US,Danville,,
DAY,James M. Cox Dayton International Airport,39.902401,-84.219398,medium_airport,United States of America,美国,US,Dayton,,
DBQ,Dubuque Regional Airport,42.402,-90.709503,medium_airport,United States of America,美国,US,Dubuque,,
DCA,Ronald Reagan Washington National Airport,38.8521,-77.037697,large_airport,United States of America,美国,US,Washington,,WAS
DDC,Dodge City Regional Airport,37.76340103149414,-99.9655990600586,medium_airport,United States of America,美国,US,Dodge City,,
DEC,Decatur Airport,39.834598541259766,-88.8656997680664,medium_airport,United States of America,美国,US,Decatur,,
DEN,Denver International Airport,39.860027,-104.673792,large_airport,United States of America,美国,US,Denver,,"DVX, KVDX"
DET,Coleman A. Young Municipal Airport,42.40919876,-83.00990295,medium_airport,United States of America,美国,US,Detroit,,
DFW,Dallas Fort Worth International Airport,32.896801,-97.038002,large_airport,United States of America,美国,US,Dallas-Fort Worth,,QDF
DHN,Dothan Regional Airport,31.321300506591797,-85.44960021972656,medium_airport,United States of America,美国,US,Dothan,,
DHT,Dalhart Municipal Airport,36.0225982666,-102.54699707,medium_airport,United States of America,美国,US,Dalhart,,
DIK,Dickinson Theodore Roosevelt Regional Airport,46.797533,-102.801905,medium_airport,United States of America,美国,US,Dickinson,,
DLF,Laughlin Air Force Base,29.359501,-100.778002,medium_airport,United States of America,美国,US,Del Rio,,"Laughlin AFB, Laughlin Field, DLF Airport"
DLH,Duluth International Airport,46.841873,-92.198746,medium_airport,United States of America,美国,US,Duluth,,"LKI, Duluth Air National Guard Base, Lakeside AFB"
DLS,Columbia Gorge Regional Airport,45.620979,-121.170777,medium_airport,United States of America,美国,US,Dallesport / The Dalles,,The Dalles Municipal Airport
DMA,Davis Monthan Air Force Base,32.1665000916,-110.883003235,medium_airport,United States of America,美国,US,Tucson,,
DMN,Deming Municipal Airport,32.262298584,-107.721000671,medium_airport,United States of America,美国,US,Deming,,
DNL,Daniel Field,33.4664993286,-82.0393981934,medium_airport,United States of America,美国,US,Augusta,,
DOV,Dover Civil Air Terminal/Dover Air Force Base,39.129501,-75.466003,medium_airport,United States of America,美国,US,Dover,,"Municipal Airport - Dover Airdrome, Dover Army Airbase, Dover Army Airfield"
DPA,Dupage Airport,41.90779877,-88.24859619,medium_airport,United States of America,美国,US,Chicago/West Chicago,,
DRA,Desert Rock Airport,36.6194,-116.032997,medium_airport,United States of America,美国,US,Mercury,,Formerly DRA
DRI,Beauregard Regional Airport,30.831699,-93.339897,medium_airport,United States of America,美国,US,DeRidder,,"Beauregard Parish, DeRidder Army Air Base"
DRO,Durango La Plata County Airport,37.151501,-107.753998,medium_airport,United States of America,美国,US,Durango,,
DRT,Del Rio International Airport,29.3742008209,-100.927001953,medium_airport,United States of America,美国,US,Del Rio,,
DSM,Des Moines International Airport,41.534027,-93.656719,large_airport,United States of America,美国,US,Des Moines,,
DSI,Destin Executive Airport,30.400101,-86.471497,medium_airport,United States of America,美国,US,Destin,,"81J, Destin-Fort Walton Beach Airport"
DTW,Detroit Metropolitan Wayne County Airport,42.21377,-83.353786,large_airport,United States of America,美国,US,Detroit,,"DTT, Detroit Metro Airport"
DUA,Durant Regional Airport - Eaker Field,33.939675,-96.395072,medium_airport,United States of America,美国,US,Durant,,
DUG,Bisbee Douglas International Airport,31.464139,-109.60456,medium_airport,United States of America,美国,US,Douglas Bisbee,,
DUJ,DuBois Regional Airport,41.17829895,-78.8986969,medium_airport,United States of America,美国,US,Dubois,,DuBois Jefferson County
DVL,Devils Lake Regional Airport,48.115454,-98.908796,medium_airport,United States of America,美国,US,Devils Lake,,
DXR,Danbury Municipal Airport,41.371656,-73.482227,medium_airport,United States of America,美国,US,Danbury,,
DYS,Dyess Air Force Base,32.420799,-99.854599,medium_airport,United States of America,美国,US,Abilene,,
EAR,Kearney Regional Airport,40.727001,-99.006798,medium_airport,United States of America,美国,US,Kearney,,
EAT,Pangborn Memorial Airport,47.398899,-120.207001,medium_airport,United States of America,美国,US,Wenatchee,,
EAU,Chippewa Valley Regional Airport,44.86579895019531,-91.48429870605469,medium_airport,United States of America,美国,US,Eau Claire,,
KEB,Nanwalek Airport,59.3521,-151.925003,small_airport,United States of America,美国,US,Nanwalek,,English Bay
ECG,Elizabeth City Regional Airport & Coast Guard Air Station,36.260601,-76.174599,medium_airport,United States of America,美国,US,Elizabeth City,,
ECP,Northwest Florida Beaches International Airport,30.357106,-85.795414,medium_airport,United States of America,美国,US,Panama City Beach,,Northwest Florida Beaches International Airport
EDW,Edwards Air Force Base,34.910781,-117.886391,medium_airport,United States of America,美国,US,Edwards,,
EED,Needles Airport,34.7663002014,-114.623001099,medium_airport,United States of America,美国,US,Needles,,Needles AAF
EEN,Dillant Hopkins Airport,42.898399,-72.270798,medium_airport,United States of America,美国,US,Keene,,
EFD,Ellington Airport,29.607299804700002,-95.1587982178,medium_airport,United States of America,美国,US,Houston,,Ellington Field
EGE,Eagle County Regional Airport,39.64260101,-106.9179993,medium_airport,United States of America,美国,US,Eagle,,
EGI,Duke Field,30.65040016,-86.52290344,medium_airport,United States of America,美国,US,Crestview,,Eglin AF Auxiliary Number 3
EKA,Murray Field,40.803398,-124.112999,medium_airport,United States of America,美国,US,Eureka,,
EKN,Elkins-Randolph County Regional Airport,38.889759,-79.857651,medium_airport,United States of America,美国,US,Elkins,,
EKO,Elko Regional Airport,40.82490158081055,-115.79199981689453,medium_airport,United States of America,美国,US,Elko,,
ELD,South Arkansas Regional Airport at Goodwin Field,33.221001,-92.813301,medium_airport,United States of America,美国,US,El Dorado,,
ELM,Elmira Corning Regional Airport,42.1599006652832,-76.8916015625,medium_airport,United States of America,美国,US,Elmira/Corning,,
LYU,Ely Municipal Airport,47.82450104,-91.83070374,medium_airport,United States of America,美国,US,Ely,,
ELP,El Paso International Airport,31.809908,-106.375607,large_airport,United States of America,美国,US,El Paso,,
ELY,Ely Airport Yelland Field,39.29970169,-114.8420029,medium_airport,United States of America,美国,US,Ely,,
END,Vance Air Force Base,36.339199,-97.916496,medium_airport,United States of America,美国,US,Enid,,
ENV,Wendover Airport,40.7187004089,-114.03099823,medium_airport,United States of America,美国,US,Wendover,,Wendover AFB
ENW,Kenosha Regional Airport,42.59569931,-87.92780304,medium_airport,United States of America,美国,US,Kenosha,,
ERI,Erie International Tom Ridge Field,42.083127,-80.173867,medium_airport,United States of America,美国,US,Erie,,
ESC,Delta County Airport,45.723199,-87.088623,medium_airport,United States of America,美国,US,Escanaba,,
ESF,Esler Army Airfield / Esler Regional Airport,31.394266,-92.294082,medium_airport,United States of America,美国,US,Alexandria,,"Camp Beauregard Army Field, Esler Army Airfield"
EUG,Eugene Airport,44.124599,-123.211998,medium_airport,United States of America,美国,US,Eugene,,Mahlon Sweet Field
EVV,Evansville Regional Airport,38.0369987488,-87.5324020386,medium_airport,United States of America,美国,US,Evansville,,
EVW,Evanston-Uinta County Airport-Burns Field,41.27479935,-111.0350037,medium_airport,United States of America,美国,US,Evanston,,
EWB,New Bedford Regional Airport,41.67610168457031,-70.95690155029297,medium_airport,United States of America,美国,US,New Bedford,,
EWN,Coastal Carolina Regional Airport,35.0730018616,-77.04290008539999,medium_airport,United States of America,美国,US,New Bern,,
EWR,Newark Liberty International Airport,40.6894,-74.170545,large_airport,United States of America,美国,US,Newark,,"Manhattan, New York City, NYC"
EYW,Key West International Airport,24.556119,-81.759579,medium_airport,United States of America,美国,US,Key West,,
FAF,Felker Army Air Field,37.1325,-76.608803,medium_airport,United States of America,美国,US,Newport News,Newport News (Fort Eustis),
FAR,Hector International Airport,46.9207,-96.815804,medium_airport,United States of America,美国,US,Fargo,,"119th Wing, Happy Hooligans"
FAT,Fresno Yosemite International Airport,36.775767,-119.718018,large_airport,United States of America,美国,US,Fresno,,
FAY,Fayetteville Regional Airport - Grannis Field,34.991199,-78.880302,medium_airport,United States of America,美国,US,Fayetteville,,
FBG,Simmons Army Air Field,35.13180161,-78.93669891,medium_airport,United States of America,美国,US,Fort Bragg,,
FCS,Butts AAF (Fort Carson) Air Field,38.67839813,-104.7570038,medium_airport,United States of America,美国,US,Fort Carson,,
FDY,Findlay Airport,41.013500213600004,-83.66870117190001,medium_airport,United States of America,美国,US,Findlay,,
FFO,Wright-Patterson Air Force Base,39.826099,-84.048302,medium_airport,United States of America,美国,US,Dayton,,"Wilbur Wright Field, Fairfield Air Depot"
FRD,Friday Harbor Airport,48.523654,-123.024645,medium_airport,United States of America,美国,US,Friday Harbor,,
FHU,Sierra Vista Municipal Airport / Libby Army Air Field,31.587383,-110.348225,medium_airport,United States of America,美国,US,Fort Huachuca / Sierra Vista,,"fort huachuca, sierra vista, libby"
FKL,Venango Regional Airport,41.3778991699,-79.8603973389,medium_airport,United States of America,美国,US,Franklin,,
FLG,Flagstaff Pulliam Airport,35.139757,-111.669826,medium_airport,United States of America,美国,US,Flagstaff,,
FLL,Fort Lauderdale Hollywood International Airport,26.072599,-80.152702,large_airport,United States of America,美国,US,Fort Lauderdale,,"MFW, South Florida"
FLO,Florence Regional Airport,34.18539810180664,-79.7238998413086,medium_airport,United States of America,美国,US,Florence,,
FME,Fort Meade Executive Airport,39.0854,-76.759399,medium_airport,United States of America,美国,US,Fort Meade,Fort Meade(Odenton),"Fort George G. Meade Army Airfield, Tipton Airport"
FMN,Four Corners Regional Airport,36.741199,-108.230003,medium_airport,United States of America,美国,US,Farmington,,
FMY,Page Field,26.58659935,-81.86329650879999,medium_airport,United States of America,美国,US,Fort Myers,,
FNL,Northern Colorado Regional Airport,40.44969,-105.011272,medium_airport,United States of America,美国,US,Loveland,,Fort Collins Loveland Municipal
FNT,Bishop International Airport,42.969294,-83.743355,medium_airport,United States of America,美国,US,Flint,,
FOD,Fort Dodge Regional Airport,42.552624,-94.191237,medium_airport,United States of America,美国,US,Fort Dodge,,
FOE,Topeka Regional Airport,38.950901,-95.663597,medium_airport,United States of America,美国,US,Topeka,,"Topeka Army Airfield, Forbes AFB, Forbes Field"
FPR,Treasure Coast International Airport,27.4951,-80.368301,medium_airport,United States of America,美国,US,Fort Pierce,,St Lucie County
FRG,Republic Airport,40.728576,-73.414267,medium_airport,United States of America,美国,US,East Farmingdale,,Fairchild Flying Field
FRI,Marshall Army Air Field,39.053021,-96.764202,medium_airport,United States of America,美国,US,Fort Riley,Fort Riley (Junction City),
FSD,Sioux Falls Regional Airport,43.585463,-96.741152,medium_airport,United States of America,美国,US,Sioux Falls,,"Joe Foss Field, Fighting Lobos, Sioux Falls Army Air Base, 114th Fighter Wing, Sioux Falls Regional Airport"
FSI,Henry Post Army Air Field,34.649799,-98.402199,medium_airport,United States of America,美国,US,Fort Sill,,
FSM,Fort Smith Regional Airport,35.336601,-94.367401,medium_airport,United States of America,美国,US,Fort Smith,,
FST,Fort Stockton Pecos County Airport,30.9157009125,-102.916000366,medium_airport,United States of America,美国,US,Fort Stockton,,"Gibbs Field, Fort Stockton Field"
FTK,Godman Army Air Field,37.907100677500004,-85.9720993042,medium_airport,United States of America,美国,US,Fort Knox,,
FTW,Fort Worth Meacham International Airport,32.819919,-97.360818,medium_airport,United States of America,美国,US,Fort Worth,,
FTY,Fulton County Airport Brown Field,33.7790985107,-84.5214004517,medium_airport,United States of America,美国,US,Atlanta,,
FWA,Fort Wayne International Airport,40.978896,-85.194465,medium_airport,United States of America,美国,US,Fort Wayne,,Baer Field
FXE,Fort Lauderdale Executive Airport,26.1972999573,-80.1707000732,medium_airport,United States of America,美国,US,Fort Lauderdale,,West Prospect Satellite Field
FYV,Drake Field,36.00510025024414,-94.17009735107422,medium_airport,United States of America,美国,US,Fayetteville,,
GCC,Northeast Wyoming Regional Airport,44.3489,-105.539001,medium_airport,United States of America,美国,US,Gillette,,Gillette Campbell County Airport
GCK,Garden City Regional Airport,37.9275016785,-100.723999023,medium_airport,United States of America,美国,US,Garden City,,
GCN,Grand Canyon National Park Airport,35.9524,-112.147003,medium_airport,United States of America,美国,US,Grand Canyon - Tusayan,,
GDV,Dawson Community Airport,47.137658,-104.80691,medium_airport,United States of America,美国,US,Glendive,,
GEG,Spokane International Airport,47.6199,-117.533997,large_airport,United States of America,美国,US,Spokane,,
GFK,Grand Forks International Airport,47.949299,-97.176102,medium_airport,United States of America,美国,US,Grand Forks,,
GFL,Floyd Bennett Memorial Airport,43.3412017822,-73.6102981567,medium_airport,United States of America,美国,US,Glens Falls,,
GGG,East Texas Regional Airport,32.38399887084961,-94.71150207519531,medium_airport,United States of America,美国,US,Longview,,
GGW,Glasgow Valley County Airport Wokal Field,48.212502,-106.614998,medium_airport,United States of America,美国,US,Glasgow,,"Glascow / Valley County, Glasgow Army Airfield, Wokal Field Glasgow International, Glasgow Satellite Airfield,"
GJT,Grand Junction Regional Airport,39.126663,-108.529387,medium_airport,United States of America,美国,US,Grand Junction,,
GLD,Goodland Municipal Airport,39.370701,-101.699753,medium_airport,United States of America,美国,US,Goodland,,Renner Field
GLH,Mid Delta Regional Airport,33.482899,-90.985603,medium_airport,United States of America,美国,US,Greenville,,
GLS,Scholes International At Galveston Airport,29.265301,-94.860397,medium_airport,United States of America,美国,US,Galveston,,
GMU,Greenville Downtown Airport,34.847903,-82.350217,medium_airport,United States of America,美国,US,Greenville,,
GNV,Gainesville Regional Airport,29.6900997162,-82.2717971802,medium_airport,United States of America,美国,US,Gainesville,,
GON,Groton New London Airport,41.330101,-72.045097,medium_airport,United States of America,美国,US,Groton,,New London
FCA,Glacier Park International Airport,48.310501,-114.255997,medium_airport,United States of America,美国,US,Kalispell,,Formerly KFCA
GPT,Gulfport Biloxi International Airport,30.405582,-89.069836,medium_airport,United States of America,美国,US,Gulfport,,
GRB,Austin Straubel International Airport,44.483459,-88.130805,medium_airport,United States of America,美国,US,Green Bay,,
GRF,Gray Army Air Field,47.079201,-122.581001,medium_airport,United States of America,美国,US,Joint Base Lewis McChord,,Fort Lewis/Tacoma
GRI,Central Nebraska Regional Airport,40.967498779296875,-98.30960083007812,medium_airport,United States of America,美国,US,Grand Island,,
GRK,Killeen Regional Airport / Robert Gray Army Airfield,31.0672,-97.828903,medium_airport,United States of America,美国,US,Fort Cavazos,,"Gray, Fort Hood, Robert Gray Army Airfield, Killeen/Fort Hood Regional"
GRR,Gerald R. Ford International Airport,42.880798,-85.522797,large_airport,United States of America,美国,US,Grand Rapids,,
GSB,Seymour Johnson Air Force Base,35.339401,-77.960602,medium_airport,United States of America,美国,US,Goldsboro,,
GSO,Piedmont Triad International Airport,36.09937,-79.937262,large_airport,United States of America,美国,US,Greensboro,,
GSP,Greenville-Spartanburg International Airport,34.895699,-82.218903,medium_airport,United States of America,美国,US,Greenville/Greer/Spartanburg,,Roger Milliken Field
GTF,Great Falls International Airport,47.481998,-111.371002,medium_airport,United States of America,美国,US,Great Falls,,
GTR,Golden Triangle Regional Airport,33.450298,-88.5914,medium_airport,United States of America,美国,US,Columbus/W Point/Starkville,,
GUC,Gunnison Crested Butte Regional Airport,38.534672,-106.934566,medium_airport,United States of America,美国,US,Gunnison,,
GUP,Gallup Municipal Airport,35.511653,-108.788166,medium_airport,United States of America,美国,US,Gallup,,
GUS,Grissom Air Reserve Base,40.648102,-86.1521,medium_airport,United States of America,美国,US,Peru,,
GUY,Guymon Municipal Airport,36.6851005554,-101.508003235,medium_airport,United States of America,美国,US,Guymon,,
GWO,Greenwood–Leflore Airport,33.495025,-90.088204,medium_airport,United States of America,美国,US,Greenwood,,Greenwood Army Airfield
KGX,Grayling Airport,62.895187,-160.066289,small_airport,United States of America,美国,US,Grayling,,
PNX,North Texas Regional Airport Perrin Field,33.7141,-96.673698,medium_airport,United States of America,美国,US,Denison,,"Perrin AFB, Grayson County, Sherman"
GYY,Gary/Chicago International Airport,41.617087,-87.413206,medium_airport,United States of America,美国,US,Gary,,East Chicago
DSY,Dara Sakor International Airport,10.914244,103.226652,large_airport,Cambodia,柬埔寨,KH,Ta Noun,,"Krong Khemara Phoumin, អាកាសយានដ្ឋានអន្តរជាតិតារាសាគរ"
KTI,Techo International Airport,11.359987,104.921272,large_airport,Cambodia,柬埔寨,KH,Phnom Penh,Phnom Penh (Boeng Khyang),
HBG,Hattiesburg Bobby L Chain Municipal Airport,31.26479912,-89.25279999,medium_airport,United States of America,美国,US,Hattiesburg,,
HBR,Hobart Regional Airport,34.991317,-99.051313,medium_airport,United States of America,美国,US,Hobart,,
HDN,Yampa Valley Airport,40.481201,-107.218002,medium_airport,United States of America,美国,US,Hayden,,
MNZ,Washington Manassas Harry P. Davis Field,38.723021,-77.515422,medium_airport,United States of America,美国,US,Manassas,,
HFD,Hartford Brainard Airport,41.736698150635,-72.649398803711,medium_airport,United States of America,美国,US,Hartford,,
HGR,Hagerstown Regional Richard A Henson Field,39.708771,-77.728014,medium_airport,United States of America,美国,US,Hagerstown,,
HHR,Jack Northrop Field Hawthorne Municipal Airport,33.922798,-118.334999,medium_airport,United States of America,美国,US,Hawthorne,,
HIB,Range Regional Airport,47.384831,-92.836905,medium_airport,United States of America,美国,US,Hibbing,,Chisholm Hibbing Airport
HIF,Hill Air Force Base,41.12403,-111.973086,medium_airport,United States of America,美国,US,Ogden,,Hill Field
HII,Lake Havasu City Airport,34.570506,-114.357745,medium_airport,United States of America,美国,US,Lake Havasu City,,
HIO,Portland Hillsboro Airport,45.540401,-122.949997,medium_airport,United States of America,美国,US,Portland,,
HKY,Hickory Regional Airport,35.74110031,-81.38950348,medium_airport,United States of America,美国,US,Hickory,,
HLG,Wheeling Ohio County Airport,40.1749992371,-80.6463012695,medium_airport,United States of America,美国,US,Wheeling,,
HLN,Helena Regional Airport,46.6068,-111.983002,medium_airport,United States of America,美国,US,Helena,,
HMN,Holloman Air Force Base,32.852501,-106.107002,medium_airport,United States of America,美国,US,Alamogordo,,Alamogordo AAF
HOB,Lea County Regional Airport,32.6875,-103.217003,medium_airport,United States of America,美国,US,Hobbs,,
HON,Huron Regional Airport,44.385201,-98.2285,medium_airport,United States of America,美国,US,Huron,,
HOP,Campbell Army Airfield (Fort Campbell),36.674154,-87.48974,medium_airport,United States of America,美国,US,Fort Campbell,,"Campbell AFB, Hopkinsville"
HOT,Memorial Field Airport,34.4788,-93.096262,medium_airport,United States of America,美国,US,Hot Springs,,
HOU,William P. Hobby Airport,29.645336,-95.276812,large_airport,United States of America,美国,US,Houston,,QHO
HPN,Westchester County Airport,41.06700134277344,-73.70760345458984,medium_airport,United States of America,美国,US,White Plains,,"Manhattan, New York City, NYC"
HQM,Bowerman Airport,46.971199035599994,-123.93699646,medium_airport,United States of America,美国,US,Hoquiam,,
HRL,Valley International Airport,26.228500366210938,-97.65440368652344,medium_airport,United States of America,美国,US,Harlingen,,
HRO,Boone County Airport,36.26150131225586,-93.15470123291016,medium_airport,United States of America,美国,US,Harrison,,
HST,Homestead Air Reserve Base,25.4886,-80.383598,medium_airport,United States of America,美国,US,Homestead,,Dade County Airport
HSV,Huntsville International Airport,34.636244,-86.774378,medium_airport,United States of America,美国,US,Huntsville,,Carl T. Jones Field
HTS,Tri-State Airport / Milton J. Ferguson Field,38.366699,-82.557999,medium_airport,United States of America,美国,US,Huntington,,
HUA,Redstone Army Air Field,34.67869949,-86.68479919,medium_airport,United States of America,美国,US,Redstone Arsnl Huntsville,,
HUF,"Terre Haute Regional Airport, Hulman Field",39.4515,-87.307602,medium_airport,United States of America,美国,US,Terre Haute,,
HUL,Houlton International Airport,46.1231002808,-67.792098999,medium_airport,United States of America,美国,US,Houlton,,Houlton AAF
HUT,Hutchinson Municipal Airport,38.0654983521,-97.86060333250002,medium_airport,United States of America,美国,US,Hutchinson,,
HVN,Tweed New Haven Airport,41.262869,-72.887694,medium_airport,United States of America,美国,US,New Haven,,
HVR,Havre City County Airport,48.541387,-109.762859,medium_airport,United States of America,美国,US,Havre,,
HWO,North Perry Airport,26.0012,-80.2407,medium_airport,United States of America,美国,US,Hollywood,,
HHH,Hilton Head Airport,32.2244,-80.697502,medium_airport,United States of America,美国,US,Hilton Head Island,,49J
HYA,Cape Cod Gateway Airport,41.6693,-70.280403,medium_airport,United States of America,美国,US,Hyannis,,"Barnstable, Boardman Polando"
HYR,Sawyer County Airport,46.025199890100005,-91.44429779050002,medium_airport,United States of America,美国,US,Hayward,,
HYS,Hays Regional Airport,38.844521,-99.273148,medium_airport,United States of America,美国,US,Hays,,
JFN,Northeast Ohio Regional Airport,41.778,-80.695503,medium_airport,United States of America,美国,US,Ashtabula,,Ashtabula County
IAB,McConnell Air Force Base,37.621899,-97.268204,medium_airport,United States of America,美国,US,Wichita,,"22nd Air Refueling Wing, 931st Air Refueling Group, 184th Intelligence Wing"
IAD,Washington Dulles International Airport,38.9445,-77.455803,large_airport,United States of America,美国,US,Dulles,,WAS
IAG,Niagara Falls International Airport,43.1073,-78.946198,medium_airport,United States of America,美国,US,Niagara Falls,,
IAH,George Bush Intercontinental Airport,29.9844,-95.3414,large_airport,United States of America,美国,US,Houston,,QHO
ICT,Wichita Dwight D. Eisenhower National Airport,37.650314,-97.428583,medium_airport,United States of America,美国,US,Wichita,,Mid-Continent Airport
IDA,Idaho Falls Regional Airport,43.514599,-112.070999,medium_airport,United States of America,美国,US,Idaho Falls,,Fanning Field
IFP,Laughlin Bullhead International Airport,35.154726,-114.559322,medium_airport,United States of America,美国,US,Bullhead City,,
IGM,Kingman Airport,35.259499,-113.938004,medium_airport,United States of America,美国,US,Kingman,,
IKK,Greater Kankakee Airport,41.07139968869999,-87.8462982178,medium_airport,United States of America,美国,US,Kankakee,,
ILG,Wilmington Airport,39.678699,-75.606499,medium_airport,United States of America,美国,US,Wilmington,,New Castle
ILM,Wilmington International Airport,34.272345,-77.905117,medium_airport,United States of America,美国,US,Wilmington,,
ILN,Wilmington Airpark,39.427898407,-83.792098999,medium_airport,United States of America,美国,US,Wilmington,,"Clinton Field, Clinton County AFB, Airborne Airpark"
IMT,Ford Airport,45.81911,-88.114557,medium_airport,United States of America,美国,US,Kingsford,,Iron Mountain
IND,Indianapolis International Airport,39.7173,-86.294403,large_airport,United States of America,美国,US,Indianapolis,,
INK,Winkler County Airport,31.7796,-103.200996,medium_airport,United States of America,美国,US,Wink,,
INL,Falls International Airport,48.566200256347656,-93.4030990600586,medium_airport,United States of America,美国,US,International Falls,,
INT,Smith Reynolds Airport,36.13370132446289,-80.22200012207031,medium_airport,United States of America,美国,US,Winston Salem,,
INW,Winslow Lindbergh Regional Airport,35.021900177,-110.722999573,medium_airport,United States of America,美国,US,Winslow,,
IPL,Imperial County Airport,32.83539,-115.574026,medium_airport,United States of America,美国,US,Imperial,,
IPT,Williamsport Regional Airport,41.242126,-76.92245,medium_airport,United States of America,美国,US,Williamsport,,
IRK,Kirksville Regional Airport,40.09349822998047,-92.5448989868164,medium_airport,United States of America,美国,US,Kirksville,,
ISM,Kissimmee Gateway Airport,28.2898006439,-81.4371032715,medium_airport,United States of America,美国,US,Orlando,,
ISO,Kinston Regional Jetport At Stallings Field,35.331401825,-77.60880279540001,medium_airport,United States of America,美国,US,Kinston,,
ISP,Long Island MacArthur Airport,40.796324,-73.101703,medium_airport,United States of America,美国,US,Islip,,Islip Airport
ITH,Ithaca Tompkins Regional Airport,42.49100112915039,-76.4583969116211,medium_airport,United States of America,美国,US,Ithaca,,
AZA,Mesa Gateway Airport,33.3078,-111.654999,medium_airport,United States of America,美国,US,Mesa,,"Higley Field, CHD, Phoenix-Mesa Gateway Airport, Williams Air Force Base, Williams Gateway Airport"
IWD,Gogebic Iron County Airport,46.525298,-90.131578,small_airport,United States of America,美国,US,Ironwood,,
JAC,Jackson Hole Airport,43.6073,-110.737999,medium_airport,United States of America,美国,US,Jackson,,
JAN,Jackson-Medgar Wiley Evers International Airport,32.311199,-90.075897,medium_airport,United States of America,美国,US,Jackson,,
JAX,Jacksonville International Airport,30.492469,-81.687813,large_airport,United States of America,美国,US,Jacksonville,,
JBR,Jonesboro Municipal Airport,35.83169937133789,-90.64640045166016,medium_airport,United States of America,美国,US,Jonesboro,,
JCT,Kimble County Airport,30.5112991333,-99.7634963989,medium_airport,United States of America,美国,US,Junction,,
JFK,John F. Kennedy International Airport,40.639447,-73.779317,large_airport,United States of America,美国,US,New York,,"Manhattan, New York City, NYC, Idlewild, IDL, KIDL"
JHW,Chautauqua County-Jamestown Airport,42.15425,-79.254008,medium_airport,United States of America,美国,US,Jamestown,,
JLN,Joplin Regional Airport,37.151798,-94.498299,medium_airport,United States of America,美国,US,Joplin,,
JMS,Jamestown Regional Airport,46.92969894,-98.67819977,medium_airport,United States of America,美国,US,Jamestown,,
USA,Concord-Padgett Regional Airport,35.387798,-80.709099,medium_airport,United States of America,美国,US,Concord,,"3N8, ""NASCAR's Airport"""
JST,John Murtha Johnstown Cambria County Airport,40.31610107421875,-78.83390045166016,medium_airport,United States of America,美国,US,Johnstown,,
JXN,Jackson County Airport/Reynolds Field,42.260509,-84.463019,medium_airport,United States of America,美国,US,Jackson,,
KLS,Southwest Washington Regional Airport,46.11800003049999,-122.898002625,medium_airport,United States of America,美国,US,Kelso,,"Molt Taylor Field, Kelso-Longview Regional"
LAA,Southeast Colorado Regional Airport,38.066407,-102.691373,medium_airport,United States of America,美国,US,Lamar,,Lamar Municipal
LAF,Purdue University Airport,40.412875,-86.939363,medium_airport,United States of America,美国,US,West Lafayette,,
LAL,Lakeland Linder International Airport,27.989267,-82.020715,medium_airport,United States of America,美国,US,Lakeland,,
LAN,Capital Region International Airport,42.777582,-84.585721,medium_airport,United States of America,美国,US,Lansing,,"Lansing Capital City, Capital City"
LAR,Laramie Regional Airport,41.31209945678711,-105.67500305175781,medium_airport,United States of America,美国,US,Laramie,,
LAS,Harry Reid International Airport,36.083361,-115.151817,large_airport,United States of America,美国,US,Las Vegas,,McCarran International Airport
LAW,Lawton Fort Sill Regional Airport,34.567699,-98.416603,medium_airport,United States of America,美国,US,Lawton,,
LAX,Los Angeles International Airport,33.942501,-118.407997,large_airport,United States of America,美国,US,Los Angeles,,Tom Bradley
LBB,Lubbock Preston Smith International Airport,33.663601,-101.822998,medium_airport,United States of America,美国,US,Lubbock,,
LBE,Arnold Palmer Regional Airport,40.275902,-79.4048,medium_airport,United States of America,美国,US,Latrobe,,
LBF,North Platte Regional Airport Lee Bird Field,41.12620163,-100.6839981,medium_airport,United States of America,美国,US,North Platte,,
LBL,Liberal Mid-America Regional Airport,37.0442009,-100.9599991,medium_airport,United States of America,美国,US,Liberal,,
LBT,Lumberton Regional Airport,34.610773,-79.05943,medium_airport,United States of America,美国,US,Lumberton,,
LJN,Texas Gulf Coast Regional Airport,29.108601,-95.462097,medium_airport,United States of America,美国,US,Angleton,,Texas Gulf Coast Regional Airport
LCH,Lake Charles Regional Airport,30.126100540161133,-93.22329711914062,medium_airport,United States of America,美国,US,Lake Charles,,
LCK,Rickenbacker International Airport,39.813801,-82.927803,medium_airport,United States of America,美国,US,Columbus,,Lockbourne Army Air Field
LEB,Lebanon Municipal Airport,43.626098632799994,-72.30419921880001,medium_airport,United States of America,美国,US,Lebanon,,
LEE,Leesburg International Airport,28.82309914,-81.80870056,medium_airport,United States of America,美国,US,Leesburg,,Leesburg AAF
LEX,Blue Grass Airport,38.035066,-84.606738,medium_airport,United States of America,美国,US,Lexington,,
LFI,Langley Air Force Base,37.082901,-76.360497,medium_airport,United States of America,美国,US,Hampton,,Langley Field
LFK,Angelina County Airport,31.2339992523,-94.75,medium_airport,United States of America,美国,US,Lufkin,,
LFT,Lafayette Regional Airport,30.205299,-91.987602,medium_airport,United States of America,美国,US,Lafayette,,
LGA,LaGuardia Airport,40.777199,-73.872597,large_airport,United States of America,美国,US,New York,,"Manhattan, New York City, NYC, Glenn H. Curtiss Airport, North Beach Airport, La Guardia"
LGB,Long Beach International Airport,33.816523,-118.149891,large_airport,United States of America,美国,US,Long Beach,,Daugherty Field
LGU,Logan-Cache Airport,41.7911987305,-111.851997375,medium_airport,United States of America,美国,US,Logan,,
LIT,Bill & Hillary Clinton National Airport/Adams Field,34.729222,-92.223591,medium_airport,United States of America,美国,US,Little Rock,,
LMT,Crater Lake-Klamath Regional Airport,42.156101,-121.733002,medium_airport,United States of America,美国,US,Klamath Falls,,Klamath Falls Airport
LND,Hunt Field,42.815201,-108.730003,medium_airport,United States of America,美国,US,Lander,,
LNK,Lincoln Airport,40.844882,-96.76178,medium_airport,United States of America,美国,US,Lincoln,,"Lincoln Army Air Field, Lincoln Air Force Base, 155th Air Refueling Wing, Lincoln Municpal"
LNS,Lancaster Airport,40.121700286865234,-76.29609680175781,medium_airport,United States of America,美国,US,Lancaster,,
LOL,Derby Field,40.0663986206,-118.565002441,medium_airport,United States of America,美国,US,Lovelock,,
LOU,Bowman Field,38.2280006409,-85.6636962891,medium_airport,United States of America,美国,US,Louisville,,
LOZ,London-Corbin Airport/Magee Field,37.0821990967,-84.08489990230001,medium_airport,United States of America,美国,US,London,,
LRD,Laredo International Airport,27.5438,-99.461601,medium_airport,United States of America,美国,US,Laredo,,
LRF,Little Rock Air Force Base,34.916900634799994,-92.14969635010002,medium_airport,United States of America,美国,US,Jacksonville,,
LRU,Las Cruces International Airport,32.289398,-106.921997,medium_airport,United States of America,美国,US,Las Cruces,,
LSE,La Crosse Regional Airport,43.879002,-91.256699,medium_airport,United States of America,美国,US,La Crosse,,"airport, regional"
LSF,Lawson Army Air Field,32.332546,-84.988003,medium_airport,United States of America,美国,US,Fort Benning,,Columbus
LSV,Nellis Air Force Base,36.2361984253,-115.033996582,medium_airport,United States of America,美国,US,Las Vegas,,"McCarran Field, Las Vegas AAF, Las Vegas AFB"
LTS,Altus Air Force Base,34.667099,-99.266701,medium_airport,United States of America,美国,US,Altus,,
LUF,Luke Air Force Base,33.535,-112.383003,medium_airport,United States of America,美国,US,Glendale,,
LUK,Cincinnati Municipal Airport Lunken Field,39.102357,-84.418945,medium_airport,United States of America,美国,US,Cincinnati,,
LVM,Mission Field,45.6994018555,-110.447998047,medium_airport,United States of America,美国,US,Livingston,,
LVS,Las Vegas Municipal Airport,35.654202,-105.141998,medium_airport,United States of America,美国,US,Las Vegas,,
LWB,Greenbrier Valley Airport,37.857914,-80.400438,medium_airport,United States of America,美国,US,Lewisburg,,
LWM,Lawrence Municipal Airport,42.717201232899995,-71.1233978271,medium_airport,United States of America,美国,US,Lawrence,,
LWS,Lewiston Nez Perce County Airport,46.3745002746582,-117.01499938964844,medium_airport,United States of America,美国,US,Lewiston,,
LWT,Lewistown Municipal Airport,47.048429,-109.466143,medium_airport,United States of America,美国,US,Lewistown,,
LYH,Lynchburg Regional Airport - Preston Glenn Field,37.326698,-79.200401,medium_airport,United States of America,美国,US,Lynchburg,,
MAF,Midland International Air and Space Port,31.942499,-102.202003,medium_airport,United States of America,美国,US,Midland,,Midland International Airport
MBG,Mobridge Municipal Airport,45.54650116,-100.4079971,medium_airport,United States of America,美国,US,Mobridge,,
MBL,Manistee County Blacker Airport,44.272707,-86.246495,small_airport,United States of America,美国,US,Manistee,,
MBS,MBS International Airport,43.533181,-84.083104,medium_airport,United States of America,美国,US,Freeland,,"Tri City Airport, Midland, Bay City, Saginaw"
MCB,McComb-Pike County Airport / John E Lewis Field,31.178499,-90.471901,medium_airport,United States of America,美国,US,McComb,,
MCC,McClellan Airfield,38.667599,-121.401001,medium_airport,United States of America,美国,US,Sacramento,,McClellan AFB
MCE,Merced Regional Macready Field,37.284698,-120.514,medium_airport,United States of America,美国,US,Merced,,
MCF,MacDill Air Force Base,27.8493,-82.521202,medium_airport,United States of America,美国,US,Tampa,,"Southeast Air Base - Tampa, MacDill Field"
MCI,Kansas City International Airport,39.301699,-94.713893,large_airport,United States of America,美国,US,Kansas City,,
MCK,McCook Ben Nelson Regional Airport,40.207787,-100.592794,medium_airport,United States of America,美国,US,McCook,,
MCN,Middle Georgia Regional Airport,32.69279861450195,-83.64920043945312,medium_airport,United States of America,美国,US,Macon,,
MCO,Orlando International Airport,28.429399490356445,-81.30899810791016,large_airport,United States of America,美国,US,Orlando,,"Disney World,Epcot Center"
MCW,Mason City Municipal Airport,43.159801,-93.329716,medium_airport,United States of America,美国,US,Mason City,,
MDH,Southern Illinois Airport,37.778099,-89.251999,medium_airport,United States of America,美国,US,Murphysboro,,Carbondale
MDT,Harrisburg International Airport,40.192838,-76.762333,medium_airport,United States of America,美国,US,Harrisburg,,"Harrisburg, Lancaster, York, HIA, Middletown"
MDW,Chicago Midway International Airport,41.785999,-87.752403,large_airport,United States of America,美国,US,Chicago,,CHI
MEI,Key Field / Meridian Regional Airport,32.3326,-88.7519,medium_airport,United States of America,美国,US,Meridian,,
MEM,Frederick W. Smith International Airport,35.043845,-89.97634,large_airport,United States of America,美国,US,Memphis,,
MER,Castle Airport,37.38050079,-120.5680008,medium_airport,United States of America,美国,US,Merced,,
MFD,Mansfield Lahm Regional Airport,40.82139968869999,-82.5166015625,medium_airport,United States of America,美国,US,Mansfield,,
MFE,McAllen Miller International Airport,26.176141,-98.237965,medium_airport,United States of America,美国,US,McAllen,,
MFR,Rogue Valley International-Medford Airport,42.374199,-122.873001,medium_airport,United States of America,美国,US,Medford,,
MGC,Michigan City Municipal Airport,41.7033,-86.821198,medium_airport,United States of America,美国,US,Michigan City,,Phillips Field
MGE,Dobbins Air Reserve Base,33.915401,-84.516296,medium_airport,United States of America,美国,US,Marietta,,"Rickenbacker Field, Marietta AAF, Marietta AFB, Dobbins AFB"
MGM,Montgomery Regional (Dannelly Field) Airport,32.300598,-86.393997,medium_airport,United States of America,美国,US,Montgomery,,
MGW,Morgantown Municipal Airport Walter L. (Bill) Hart Field,39.643305,-79.917598,medium_airport,United States of America,美国,US,Morgantown,,
MHK,Manhattan Regional Airport,39.14099884033203,-96.6707992553711,medium_airport,United States of America,美国,US,Manhattan,,
MHR,Sacramento Mather Airport,38.554744,-121.297989,medium_airport,United States of America,美国,US,Sacramento,,
MHT,Manchester-Boston Regional Airport,42.932598,-71.435699,medium_airport,United States of America,美国,US,Manchester,,Manchester Airport
MHV,Mojave Air &  Space Port,35.056391,-118.145342,medium_airport,United States of America,美国,US,Mojave,,Rutan Field
MIA,Miami International Airport,25.796011,-80.289751,large_airport,United States of America,美国,US,Miami,,"MFW, South Florida, Wilcox Field, Pan American Field"
MIB,Minot Air Force Base,48.4156,-101.358002,medium_airport,United States of America,美国,US,Minot,,"5th Bomb Wing, 91st Space Wing"
MIE,Delaware County Johnson Field,40.242298,-85.395897,medium_airport,United States of America,美国,US,Muncie,,
MIV,Millville Municipal Airport,39.367802,-75.072197,medium_airport,United States of America,美国,US,Millville,,
MKC,Charles B. Wheeler Downtown Airport,39.123199,-94.592796,medium_airport,United States of America,美国,US,Kansas City,,
MKE,General Mitchell International Airport,42.947201,-87.896599,large_airport,United States of America,美国,US,Milwaukee,,
MKG,Muskegon County Airport,43.169498,-86.238197,medium_airport,United States of America,美国,US,Muskegon,,
MKL,McKellar-Sipes Regional Airport,35.599899,-88.915604,medium_airport,United States of America,美国,US,Jackson,,
MLB,Melbourne Orlando International Airport,28.102009,-80.641088,medium_airport,United States of America,美国,US,Melbourne,,
MLC,Mc Alester Regional Airport,34.882401,-95.783501,medium_airport,United States of America,美国,US,Mc Alester,,
MLI,Quad City International Airport,41.448502,-90.5075,medium_airport,United States of America,美国,US,Moline,,
MLS,Miles City Airport - Frank Wiley Field,46.427268,-105.885372,medium_airport,United States of America,美国,US,Miles City,,
MLU,Monroe Regional Airport,32.510899,-92.037697,medium_airport,United States of America,美国,US,Monroe,,
MMH,Mammoth Yosemite Airport,37.625381,-118.84306,medium_airport,United States of America,美国,US,Mammoth Lakes,,
MMT,Mc Entire Joint National Guard Base,33.92079926,-80.80130005,medium_airport,United States of America,美国,US,Eastover,,
MMU,Morristown Municipal Airport,40.799062,-74.414949,medium_airport,United States of America,美国,US,Morristown,,"Manhattan, New York City, NYC"
MOB,Mobile Regional Airport,30.6912,-88.242798,medium_airport,United States of America,美国,US,Mobile,,
MOD,Modesto City Co-Harry Sham Field,37.625801,-120.954002,medium_airport,United States of America,美国,US,Modesto,,
MOT,Minot International Airport,48.25801,-101.279123,medium_airport,United States of America,美国,US,Minot,,
MPV,Edward F Knapp State Airport,44.20349884,-72.56230164,medium_airport,United States of America,美国,US,Barre/Montpelier,,
MQY,Smyrna Airport,36.0089988708,-86.5201034546,medium_airport,United States of America,美国,US,Smyrna,,Sewart AFB
MRB,Eastern WV Regional Airport/Shepherd Field,39.40190125,-77.98459625,medium_airport,United States of America,美国,US,Martinsburg,,
MRY,Monterey Regional Airport,36.586777,-121.844183,medium_airport,United States of America,美国,US,Monterey,,Monterey Peninsula Airport
MSL,Northwest Alabama Regional Airport,34.745123,-87.612981,medium_airport,United States of America,美国,US,Muscle Shoals,,
MSN,Dane County Regional Truax Field,43.1399,-89.337502,medium_airport,United States of America,美国,US,Madison,,
MSO,Missoula Montana Airport,46.915816,-114.091107,medium_airport,United States of America,美国,US,Missoula,,
MSP,Minneapolis–Saint Paul International Airport / Wold–Chamberlain Field,44.880081,-93.221741,large_airport,United States of America,美国,US,Minneapolis,,
MSS,Massena International Airport Richards Field,44.936157,-74.844304,medium_airport,United States of America,美国,US,Massena,,
MSY,Louis Armstrong New Orleans International Airport,29.993401,-90.264673,large_airport,United States of America,美国,US,New Orleans,,
MTC,Selfridge Air National Guard Base Airport,42.613463,-82.836919,medium_airport,United States of America,美国,US,Mount Clemens,,
MTH,Florida Keys Marathon International Airport,24.726006,-81.05138,medium_airport,United States of America,美国,US,Marathon,,
MTJ,Montrose Regional Airport,38.5098,-107.893997,medium_airport,United States of America,美国,US,Montrose,,
MTN,Martin State Airport,39.325699,-76.413803,medium_airport,United States of America,美国,US,Baltimore,,
MTP,Montauk Airport,41.0765,-71.920797,small_airport,United States of America,美国,US,Montauk,,
MUI,Muir Army Air Field (Fort Indiantown Gap) Airport,40.435214,-76.568661,medium_airport,United States of America,美国,US,Fort Indiantown Gap,Fort Indiantown Gap(Annville),
MUO,Mountain Home Air Force Base,43.043598,-115.872002,medium_airport,United States of America,美国,US,Mountain Home,,
MVY,Martha's Vineyard Airport,41.3931007385,-70.6143035889,small_airport,United States of America,美国,US,Martha's Vineyard,,
MWA,Veterans Airport of Southern Illinois,37.751208,-89.016568,medium_airport,United States of America,美国,US,Marion,,Williamson County Regional Airport
MWH,Grant County International Airport,47.20769882,-119.3199997,medium_airport,United States of America,美国,US,Moses Lake,,"LRN, Larson AFB, Moses Lake AFB, Moses Lake AAB"
MWL,Mineral Wells Regional Airport,32.781601,-98.060204,medium_airport,United States of America,美国,US,Mineral Wells,,"CWO, Fort Wolters AAF."
MXF,Maxwell Air Force Base,32.3829,-86.365799,medium_airport,United States of America,美国,US,Montgomery,,
MYL,McCall Municipal Airport,44.888837,-116.101112,medium_airport,United States of America,美国,US,McCall,,
MYR,Myrtle Beach International Airport,33.679699,-78.928299,large_airport,United States of America,美国,US,Myrtle Beach,,
MYV,Yuba County Airport,39.09780121,-121.5699997,medium_airport,United States of America,美国,US,Marysville,,Marysville AAF
NBG,New Orleans NAS JRB/Alvin Callender Field,29.82530022,-90.03500366,medium_airport,United States of America,美国,US,New Orleans,,
NEL,Lakehurst Maxfield Field Airport,40.03329849,-74.353302,medium_airport,United States of America,美国,US,Lakehurst,,"Maxfield Field, Hindenburg, Lakehurst NAES, Lakehurst Naval Air Engineering Station"
NEW,Lakefront Airport,30.042400360107,-90.028297424316,medium_airport,United States of America,美国,US,New Orleans,,
NFL,Fallon Naval Air Station,39.41659927,-118.7009964,medium_airport,United States of America,美国,US,Fallon,,"Van Voorhis Field, Fallon NAS"
FWH,NAS Fort Worth JRB / Carswell Field,32.769199,-97.441498,medium_airport,United States of America,美国,US,Fort Worth,,"Carswell AFB, Tarrant Field"
NGP,Naval Air Station Corpus Christi Truax Field,27.6926,-97.2911,medium_airport,United States of America,美国,US,Corpus Christi,,
NGU,Norfolk Naval Station (Chambers Field),36.937599,-76.289299,medium_airport,United States of America,美国,US,Norfolk,,
NHK,Patuxent River Naval Air Station (Trapnell Field),38.285999,-76.411797,medium_airport,United States of America,美国,US,Patuxent River,,
NIP,Jacksonville Naval Air Station (Towers Field),30.2358,-81.680603,medium_airport,United States of America,美国,US,Jacksonville,,
NJK,El Centro NAF Airport (Vraciu Field),32.829201,-115.671996,medium_airport,United States of America,美国,US,El Centro,,"Naval Air Facility El Centro, MCAS El Centro"
NKX,Miramar Marine Corps Air Station - Mitscher Field,32.86840057,-117.1429977,medium_airport,United States of America,美国,US,San Diego,,Miramar MCAS
NLC,Lemoore Naval Air Station (Reeves Field) Airport,36.33300018,-119.9520035,medium_airport,United States of America,美国,US,Lemoore,,
NPA,Naval Air Station Pensacola Forrest Sherman Field,30.352699,-87.318604,medium_airport,United States of America,美国,US,Pensacola,,"NAS, KNAS"
NQA,Millington-Memphis Airport,35.356701,-89.8703,medium_airport,United States of America,美国,US,Millington,,"Millington Municipal, NAS Memphis, Millington Regional Jetport"
NQI,Kingsville Naval Air Station,27.5072002411,-97.8097000122,medium_airport,United States of America,美国,US,Kingsville,,
NQX,Naval Air Station Key West/Boca Chica Field,24.57579994,-81.68890381,medium_airport,United States of America,美国,US,Key West,,
NRB,Naval Station Mayport / Admiral David L McDonald Field,30.3911,-81.424698,medium_airport,United States of America,美国,US,Jacksonville,,
NSE,Whiting Field Naval Air Station - North,30.7241993,-87.02189636,medium_airport,United States of America,美国,US,Milton,,
NTD,Point Mugu Naval Air Station (Naval Base Ventura Co),34.120300293,-119.121002197,medium_airport,United States of America,美国,US,Point Mugu,,
NTU,Oceana Naval Air Station,36.820702,-76.033501,medium_airport,United States of America,美国,US,Virginia Beach,,Apollo Soucek Field
NUQ,Moffett Federal Airfield,37.4161,-122.049004,medium_airport,United States of America,美国,US,Mountain View,,
NUW,Whidbey Island Naval Air Station (Ault Field),48.351799,-122.655998,medium_airport,United States of America,美国,US,Oak Harbor,,
NYG,Quantico Marine Corps Airfield / Turner Field,38.501701,-77.305298,medium_airport,United States of America,美国,US,Quantico,,
YUM,Yuma International Airport / Marine Corps Air Station Yuma,32.650938,-114.609375,medium_airport,United States of America,美国,US,Yuma,,"Yuma MCAS, Yuma Marine Corps Air Station, Formerly KYUM"
NZY,North Island Naval Air Station-Halsey Field,32.69919968,-117.2149963,medium_airport,United States of America,美国,US,San Diego,,
OAJ,Albert J Ellis Airport,34.829201,-77.612099,medium_airport,United States of America,美国,US,Richlands,,
OAK,Oakland San Francisco Bay Airport,37.720085,-122.221184,large_airport,United States of America,美国,US,Oakland,,Metro Oakland International
OFF,Offutt Air Force Base,41.119307,-95.90851,medium_airport,United States of America,美国,US,Omaha,,
OFK,Karl Stefan Memorial Airport,41.985500335693,-97.435096740723,medium_airport,United States of America,美国,US,Norfolk,,
OGB,Orangeburg Municipal Airport,33.456798553467,-80.859497070312,medium_airport,United States of America,美国,US,Orangeburg,,
OGD,Ogden Hinckley Airport,41.195899963379,-112.0120010376,medium_airport,United States of America,美国,US,Ogden,,
OGS,Ogdensburg International Airport,44.6819,-75.4655,medium_airport,United States of America,美国,US,Ogdensburg,,
OCN,Oceanside Municipal Airport,33.217947,-117.351683,medium_airport,United States of America,美国,US,Oceanside,,Bob Maxwell Field
OKC,OKC Will Rogers World Airport,35.393388,-97.598248,large_airport,United States of America,美国,US,Oklahoma City,,
OLF,L M Clayton Airport,48.094501,-105.574997,medium_airport,United States of America,美国,US,Wolf Point,,
OLM,Olympia Regional Airport,46.969399,-122.903,medium_airport,United States of America,美国,US,Olympia,,
OLS,Nogales International Airport,31.4177,-110.848,medium_airport,United States of America,美国,US,Nogales,,
OLU,Columbus Municipal Airport,41.448145,-97.340174,medium_airport,United States of America,美国,US,Columbus,,
OMA,Eppley Airfield,41.3032,-95.894096,large_airport,United States of America,美国,US,Omaha,,
ONO,Ontario Municipal Airport,44.0198,-117.013289,medium_airport,United States of America,美国,US,Ontario,,
ONP,Newport Municipal Airport,44.580399,-124.057999,medium_airport,United States of America,美国,US,Newport,,
ONT,Ontario International Airport,34.056,-117.600998,large_airport,United States of America,美国,US,Ontario,,
OPF,Miami-Opa Locka Executive Airport,25.907,-80.278397,medium_airport,United States of America,美国,US,Miami,,
NCO,Quonset State Airport,41.597099304199,-71.412101745605,medium_airport,United States of America,美国,US,North Kingstown,,Quonset Point NAS
ORD,Chicago O'Hare International Airport,41.9786,-87.9048,large_airport,United States of America,美国,US,Chicago,,"CHI, Orchard Place"
ORF,Norfolk International Airport,36.895341,-76.201,large_airport,United States of America,美国,US,Norfolk,,
ORH,Worcester Regional Airport,42.2673,-71.875702,medium_airport,United States of America,美国,US,Worcester,,
ORL,Orlando Executive Airport,28.5455,-81.332901,medium_airport,United States of America,美国,US,Orlando,,"Herndon Airport, Orlando Executive Airport, KORL, ORL, Orlando Municipal Airport, Orlando Army Air Base, Orlando Air Force Base, Naval Training Center Orlando"
ESD,Orcas Island Airport,48.708199,-122.910004,medium_airport,United States of America,美国,US,Eastsound,,
OSH,Wittman Regional Airport,43.98440170288086,-88.55699920654297,medium_airport,United States of America,美国,US,Oshkosh,,
OSU,The Ohio State University Airport - Don Scott Field,40.0798,-83.072998,medium_airport,United States of America,美国,US,Columbus,,
OTH,Southwest Oregon Regional Airport,43.41709899902344,-124.24600219726562,medium_airport,United States of America,美国,US,North Bend,,
OTM,Ottumwa Regional Airport,41.106368,-92.449837,medium_airport,United States of America,美国,US,Ottumwa,,
OWB,Owensboro Daviess County Airport,37.74010086,-87.16680145,medium_airport,United States of America,美国,US,Owensboro,,
OWD,Norwood Memorial Airport,42.1904983521,-71.1728973389,medium_airport,United States of America,美国,US,Norwood,,
OCE,Ocean City Municipal Airport,38.310398,-75.124001,medium_airport,United States of America,美国,US,Ocean City,,
OXR,Oxnard Airport,34.200801849365,-119.20700073242,medium_airport,United States of America,美国,US,Oxnard,,
OZR,Cairns AAF (Fort Rucker) Air Field,31.27569962,-85.71340179,medium_airport,United States of America,美国,US,Fort Rucker/Ozark,,
PAE,Seattle Paine Field International Airport,47.9063,-122.281998,medium_airport,United States of America,美国,US,Everett,,"Snohomish County, Snohomish County Airport, Paine Field"
PAH,Barkley Regional Airport,37.06079864501953,-88.7738037109375,medium_airport,United States of America,美国,US,Paducah,,
PAM,Tyndall Air Force Base,30.069599,-85.575401,medium_airport,United States of America,美国,US,Panama City,,
PAO,Palo Alto Airport,37.461102,-122.114998,medium_airport,United States of America,美国,US,Palo Alto,,Santa Clara County
PBF,"Pine Bluff Regional Airport, Grider Field",34.174121,-91.935643,medium_airport,United States of America,美国,US,Pine Bluff,,
PBG,Plattsburgh International Airport,44.650902,-73.468102,medium_airport,United States of America,美国,US,Plattsburgh,,Plattsburgh Air Force Base
DJT,President Donald J. Trump International Airport,26.683201,-80.095596,large_airport,United States of America,美国,US,West Palm Beach,,"PBI, KPBI, MFW, South Florida"
PDK,DeKalb Peachtree Airport,33.87633,-84.30213,medium_airport,United States of America,美国,US,Atlanta,,
PDT,Eastern Oregon Regional Airport at Pendleton,45.695099,-118.841003,medium_airport,United States of America,美国,US,Pendleton,,
PDX,Portland International Airport,45.588699,-122.598,large_airport,United States of America,美国,US,Portland,,
PGA,Page Municipal Airport,36.924234,-111.447716,medium_airport,United States of America,美国,US,Page,,
PGD,Punta Gorda Airport,26.9202,-81.990501,medium_airport,United States of America,美国,US,Punta Gorda,,"Charlotte County, Punta Gorda AAF"
PGV,Pitt-Greenville Airport,35.635535,-77.384262,medium_airport,United States of America,美国,US,Greenville,,
PHF,Newport News Williamsburg International Airport,37.131901,-76.492996,medium_airport,United States of America,美国,US,Newport News,,
PHL,Philadelphia International Airport,39.871899,-75.241096,large_airport,United States of America,美国,US,Philadelphia,,
PHX,Phoenix Sky Harbor International Airport,33.435302,-112.005905,large_airport,United States of America,美国,US,Phoenix,,
PIA,General Wayne A. Downing Peoria International Airport,40.663841,-89.692631,medium_airport,United States of America,美国,US,Peoria,,Peoria International Airport
PIB,Hattiesburg Laurel Regional Airport,31.4671,-89.337097,medium_airport,United States of America,美国,US,Moselle,,
PIE,St. Petersburg Clearwater International Airport,27.9102,-82.687401,large_airport,United States of America,美国,US,Pinellas Park,,
PIH,Pocatello Regional Airport,42.9098014831543,-112.59600067138672,medium_airport,United States of America,美国,US,Pocatello,,
PIR,Pierre Regional Airport,44.38270187,-100.2860031,medium_airport,United States of America,美国,US,Pierre,,
PIT,Pittsburgh International Airport,40.491501,-80.232903,large_airport,United States of America,美国,US,Pittsburgh,,
PKB,Mid Ohio Valley Regional Airport,39.3451,-81.439201,medium_airport,United States of America,美国,US,Parkersburg,Parkersburg (Williamstown),
PLN,Pellston Regional Airport of Emmet County Airport,45.57089996,-84.79669952,medium_airport,United States of America,美国,US,Pellston,,
PMD,Palmdale Regional Airport / USAF Plant 42 Airport,34.629398,-118.084999,medium_airport,United States of America,美国,US,Palmdale,,
PWY,Ralph Wenz Field,42.79550171,-109.8069992,medium_airport,United States of America,美国,US,Pinedale,,
PNC,Ponca City Regional Airport,36.73199844,-97.09980011,medium_airport,United States of America,美国,US,Ponca City,,
PNE,Northeast Philadelphia Airport,40.082406,-75.010614,medium_airport,United States of America,美国,US,Philadelphia,,
PNS,Pensacola International Airport,30.472718,-87.186639,large_airport,United States of America,美国,US,Pensacola,,
POB,Pope Field,35.170898,-79.014503,medium_airport,United States of America,美国,US,Fort Bragg,,"Pope AFB, Pope Army Airfield"
POE,Polk Army Air Field,31.0447998,-93.1917038,medium_airport,United States of America,美国,US,Fort Polk,,
POU,Dutchess County Airport,41.6265983581543,-73.88420104980469,medium_airport,United States of America,美国,US,Poughkeepsie,,
PQI,Presque Isle International Airport,46.688999,-68.0448,medium_airport,United States of America,美国,US,Presque Isle,,Northern Maine Regional
PRB,Paso Robles Municipal Airport,35.67290115,-120.6269989,medium_airport,United States of America,美国,US,Paso Robles,,
PRC,Prescott Regional Airport - Ernest A. Love Field,34.653502,-112.419883,medium_airport,United States of America,美国,US,Prescott,,
PRX,Cox Field,33.636600494385,-95.450798034668,medium_airport,United States of America,美国,US,Paris,,Cox AAF
PSC,Tri Cities Airport,46.264702,-119.119003,medium_airport,United States of America,美国,US,Pasco,,
PSM,Portsmouth International Airport at Pease,43.0779,-70.823303,medium_airport,United States of America,美国,US,Portsmouth,,
PSP,Palm Springs International Airport,33.8297,-116.507004,large_airport,United States of America,美国,US,Palm Springs,,Palm Springs Air Base
PTK,Oakland County International Airport,42.665500640869,-83.420097351074,medium_airport,United States of America,美国,US,Pontiac,,"Pontiac Municipal Airport, Oakland-Pontiac Airport"
PUB,Pueblo Memorial Airport,38.289101,-104.497002,medium_airport,United States of America,美国,US,Pueblo,,
PUW,Pullman-Moscow Regional Airport,46.741601,-117.11163,medium_airport,United States of America,美国,US,Pullman,,
PVD,Rhode Island T. F. Green International Airport,41.725038,-71.425668,large_airport,United States of America,美国,US,Providence/Warwick,,
PVU,Provo Municipal Airport,40.218894,-111.722445,medium_airport,United States of America,美国,US,Provo,,
PWK,Chicago Executive Airport,42.114222,-87.901494,medium_airport,United States of America,美国,US,Chicago/Prospect Heights/Wheeling,,
PWM,Portland International Jetport,43.646198,-70.309303,large_airport,United States of America,美国,US,Portland,,
PWT,Bremerton National Airport,47.490200042725,-122.76499938965,medium_airport,United States of America,美国,US,Bremerton,,
RAL,Riverside Municipal Airport,33.9519,-117.445,medium_airport,United States of America,美国,US,Riverside,,Riverside Arlington
RAP,Rapid City Regional Airport,44.0452995300293,-103.05699920654297,medium_airport,United States of America,美国,US,Rapid City,,
RBL,Red Bluff Municipal Airport,40.1506996155,-122.251998901,medium_airport,United States of America,美国,US,Red Bluff,,
RCA,Ellsworth Air Force Base,44.14500046,-103.1039963,medium_airport,United States of America,美国,US,Rapid City,,28th Bomb Wing
RDD,Redding Municipal Airport,40.50899887,-122.2929993,medium_airport,United States of America,美国,US,Redding,,
RDG,Reading Regional Airport (Carl A Spaatz Field),40.378502,-75.965202,medium_airport,United States of America,美国,US,Reading,,
RDM,Roberts Field,44.254101,-121.150002,medium_airport,United States of America,美国,US,Redmond,,
RDR,Grand Forks Air Force Base,47.961101532,-97.4011993408,medium_airport,United States of America,美国,US,Grand Forks,,
RDU,Raleigh-Durham International Airport,35.878659,-78.7873,large_airport,United States of America,美国,US,Raleigh/Durham,,
RFD,Chicago Rockford International Airport,42.1954,-89.097198,medium_airport,United States of America,美国,US,Chicago/Rockford,,
RHI,Rhinelander Oneida County Airport,45.63119888305664,-89.46749877929688,medium_airport,United States of America,美国,US,Rhinelander,,
RIC,Richmond International Airport,37.505199,-77.319702,large_airport,United States of America,美国,US,Richmond,,
RIL,Garfield County Regional Airport,39.526299,-107.726997,medium_airport,United States of America,美国,US,Rifle,,Rifle Airport
RIV,March Air Reserve Base,33.880699,-117.259003,medium_airport,United States of America,美国,US,Riverside,,
RIW,Central Wyoming Regional Airport,43.064201,-108.459999,medium_airport,United States of America,美国,US,Riverton,,
RKD,Knox County Regional Airport,44.060101,-69.099197,medium_airport,United States of America,美国,US,Rockland,,
RKS,Southwest Wyoming Regional Airport,41.5942,-109.065001,medium_airport,United States of America,美国,US,Rock Springs,,Rock Springs Sweetwater County
RME,Griffiss International Airport,43.23379898,-75.40699768,medium_airport,United States of America,美国,US,Rome,,
RMG,Richard B Russell Airport,34.3506011963,-85.15799713130001,medium_airport,United States of America,美国,US,Rome,,Towers Field
RND,Randolph Air Force Base,29.529699,-98.2789,medium_airport,United States of America,美国,US,Universal City,,
RNH,New Richmond Regional Airport,45.1483,-92.538101,medium_airport,United States of America,美国,US,New Richmond,,
RNO,Reno Tahoe International Airport,39.4991,-119.767998,large_airport,United States of America,美国,US,Reno,,
ROA,Roanoke–Blacksburg Regional Airport,37.3255,-79.975403,medium_airport,United States of America,美国,US,Roanoke,,Woodrum Field
ROC,Frederick Douglass Greater Rochester International Airport,43.1189,-77.672401,large_airport,United States of America,美国,US,Rochester,,
ROW,Roswell Air Center Airport,33.301601,-104.530998,medium_airport,United States of America,美国,US,Roswell,,"Roswell Army Air Field, Walker Air Force Base"
RSL,Russell Municipal Airport,38.872100830078,-98.811798095703,medium_airport,United States of America,美国,US,Russell,,
RST,Rochester International Airport,43.908298,-92.5,medium_airport,United States of America,美国,US,Rochester,,
RSW,Southwest Florida International Airport,26.534685,-81.752816,large_airport,United States of America,美国,US,Fort Myers,,
RUT,Rutland - Southern Vermont Regional Airport,43.5294,-72.9496,medium_airport,United States of America,美国,US,Rutland,,
RVS,Tulsa Riverside Airport,36.0396,-95.984596,medium_airport,United States of America,美国,US,Tulsa,,"Riverside Airport, Tulsa"
RWF,Redwood Falls Municipal Airport,44.547199,-95.082298,medium_airport,United States of America,美国,US,Redwood Falls,,
RWI,Rocky Mount Wilson Regional Airport,35.8563,-77.891899,medium_airport,United States of America,美国,US,Rocky Mount,,
RWL,Rawlins Municipal Airport/Harvey Field,41.80559921,-107.1999969,medium_airport,United States of America,美国,US,Rawlins,,
SAC,Sacramento Executive Airport,38.5125007629,-121.492996216,medium_airport,United States of America,美国,US,Sacramento,,"Sutterville Aerodrome, Sacramento Municipal"
SAF,Santa Fe Municipal Airport,35.6171,-106.088997,medium_airport,United States of America,美国,US,Santa Fe,,
SAN,San Diego International Airport,32.733601,-117.190002,large_airport,United States of America,美国,US,San Diego,,Lindbergh Field
SAT,San Antonio International Airport,29.533701,-98.469803,large_airport,United States of America,美国,US,San Antonio,,
SAV,Savannah Hilton Head International Airport,32.126591,-81.19998,large_airport,United States of America,美国,US,Savannah,,
MQT,Marquette Sawyer Regional Airport,46.351498,-87.395884,medium_airport,United States of America,美国,US,Gwinn,,
SBA,Santa Barbara Municipal Airport,34.426201,-119.839996,medium_airport,United States of America,美国,US,Santa Barbara,,
SBD,San Bernardino International Airport,34.096717,-117.236596,large_airport,United States of America,美国,US,San Bernardino,,"Norton AFB, San Bernardino Air Depot"
SBN,South Bend International Airport,41.708304,-86.316922,medium_airport,United States of America,美国,US,South Bend,,
SBP,San Luis County Regional Airport,35.236801147499996,-120.641998291,medium_airport,United States of America,美国,US,San Luis Obispo,,SLO Airport
SBY,Salisbury Ocean City Wicomico Regional Airport,38.34049987792969,-75.51029968261719,medium_airport,United States of America,美国,US,Salisbury,,
SCH,Schenectady County Airport,42.852500915527,-73.928901672363,medium_airport,United States of America,美国,US,Schenectady,,
SCK,Stockton Metropolitan Airport,37.893279,-121.238079,medium_airport,United States of America,美国,US,Stockton,,
SDF,Louisville Muhammad Ali International Airport,38.1706,-85.735076,large_airport,United States of America,美国,US,Louisville,,"Louisville International, Standiford Field"
SDM,Brown Field Municipal Airport,32.572639,-116.980019,medium_airport,United States of America,美国,US,San Diego,,
SDY,Sidney - Richland Regional Airport,47.705141,-104.194422,medium_airport,United States of America,美国,US,Sidney,,
SEA,Seattle–Tacoma International Airport,47.447943,-122.310276,large_airport,United States of America,美国,US,Seattle,,"Sea-Tac Airport, SeaTac Airport"
SFB,Orlando Sanford International Airport,28.774277,-81.234626,large_airport,United States of America,美国,US,Orlando,,
SFF,Felts Field,47.682899,-117.321925,medium_airport,United States of America,美国,US,Spokane,,Parkwater Airstrip
SFO,San Francisco International Airport,37.619806,-122.374821,large_airport,United States of America,美国,US,San Francisco,,"QSF, QBA"
SGF,Springfield Branson National Airport,37.245047,-93.388596,medium_airport,United States of America,美国,US,Springfield,,
SGH,Springfield-Beckley Municipal Airport,39.840301513672,-83.840202331543,medium_airport,United States of America,美国,US,Springfield,,
UST,Northeast Florida Regional Airport,29.9592,-81.339798,medium_airport,United States of America,美国,US,St Augustine,,"St Augustine Airport, NAAS St. Augustine"
SGR,Sugar Land Regional Airport,29.622299194336,-95.65650177002,medium_airport,United States of America,美国,US,Houston,,Hull Field
SGU,St George Regional Airport,37.036389,-113.510306,medium_airport,United States of America,美国,US,St George,,DXZ
SHD,Shenandoah Valley Regional Airport,38.263802,-78.8964,medium_airport,United States of America,美国,US,Weyers Cave,,"Harrisonburg, Staunton, Waynesboro"
SHR,Sheridan County Airport,44.76919937133789,-106.9800033569336,medium_airport,United States of America,美国,US,Sheridan,,
SHV,Shreveport Regional Airport,32.444747,-93.826741,medium_airport,United States of America,美国,US,Shreveport,,
SJC,Mineta San Jose International Airport,37.362452,-121.929188,large_airport,United States of America,美国,US,San Jose,,
SJT,San Angelo Regional Mathis Field,31.35770034790039,-100.49600219726562,medium_airport,United States of America,美国,US,San Angelo,,
SKA,Fairchild Air Force Base,47.615101,-117.655998,medium_airport,United States of America,美国,US,Spokane,,
SKF,Lackland Air Force Base,29.38419914,-98.58110046,medium_airport,United States of America,美国,US,San Antonio,,"Kelly Field Annex, Lackland AFB"
TSM,Taos Regional Airport,36.452494,-105.67749,medium_airport,United States of America,美国,US,Taos,,
SLC,Salt Lake City International Airport,40.78886,-111.979866,large_airport,United States of America,美国,US,Salt Lake City,,
SLE,Salem-Willamette Valley Airport/McNary Field,44.9095,-123.002998,medium_airport,United States of America,美国,US,Salem,,4OR1
SLK,Adirondack Regional Airport,44.38691,-74.204629,medium_airport,United States of America,美国,US,Saranac Lake,,
SLN,Salina Municipal Airport,38.79100036621094,-97.6521987915039,medium_airport,United States of America,美国,US,Salina,,
SME,Lake Cumberland Regional Airport,37.053398132299996,-84.6158981323,medium_airport,United States of America,美国,US,Somerset,,
SMF,Sacramento International Airport,38.6954,-121.591003,large_airport,United States of America,美国,US,Sacramento,,
SMN,Lemhi County Airport,45.122233,-113.88196,medium_airport,United States of America,美国,US,Salmon,,
SMO,Santa Monica Municipal Airport,34.0158,-118.450996,medium_airport,United States of America,美国,US,Santa Monica,,Clover Field
SMX,Santa Maria Public Airport Captain G Allan Hancock Field,34.898899,-120.457001,medium_airport,United States of America,美国,US,Santa Maria,,
SNA,John Wayne Orange County International Airport,33.675063,-117.869281,large_airport,United States of America,美国,US,Santa Ana,,"Disney, Disneyland, Orange County"
SNS,Salinas Municipal Airport,36.662799835205,-121.60600280762,medium_airport,United States of America,美国,US,Salinas,,
SNY,Sidney Municipal Airport Lloyd W Carr Field,41.101299,-102.985001,medium_airport,United States of America,美国,US,Sidney,,
SOW,Show Low Regional Airport,34.264062,-110.007091,medium_airport,United States of America,美国,US,Show Low,,
SPI,Abraham Lincoln Capital Airport,39.844101,-89.677902,medium_airport,United States of America,美国,US,Springfield,,
SPS,Wichita Falls Municipal Airport / Sheppard Air Force Base,33.9888,-98.491898,medium_airport,United States of America,美国,US,Wichita Falls,,Sheppard Air Force Base
SQL,San Carlos Airport,37.51313,-122.250838,medium_airport,United States of America,美国,US,San Carlos,,"San Carlos-Belmont Airport, San Mateo Country Airport"
SRQ,Sarasota Bradenton International Airport,27.394631,-82.554359,large_airport,United States of America,美国,US,Sarasota/Bradenton,,
RUI,Sierra Blanca Regional Airport,33.462799,-105.535004,medium_airport,United States of America,美国,US,Alto,,Ruidoso
SSC,Shaw Air Force Base,33.972698,-80.470596,medium_airport,United States of America,美国,US,Sumter,,
SSF,Stinson Municipal Airport,29.336999893188,-98.471099853516,medium_airport,United States of America,美国,US,San Antonio,,
SSI,St Simons Island Airport,31.1518,-81.391296,medium_airport,United States of America,美国,US,St Simons Island,,"Malcolm McKinnon, NAS St. Simons Island, Brunswick"
STC,Saint Cloud Regional Airport,45.5466,-94.059898,medium_airport,United States of America,美国,US,Saint Cloud,,
STJ,Rosecrans Memorial Airport,39.771900177002,-94.909698486328,medium_airport,United States of America,美国,US,St Joseph,,
STL,St. Louis Lambert International Airport,38.748697,-90.370003,large_airport,United States of America,美国,US,St Louis,,Lambert St Louis
STP,Saint Paul Downtown Holman Field,44.93479,-93.060036,medium_airport,United States of America,美国,US,Saint Paul,,St Paul
STS,Charles M. Schulz Sonoma County Airport,38.50899887,-122.8130035,medium_airport,United States of America,美国,US,Santa Rosa,,
SUN,Friedman Memorial Airport,43.50439835,-114.2959976,medium_airport,United States of America,美国,US,Hailey,,
SUS,Spirit of St Louis Airport,38.662102,-90.652,medium_airport,United States of America,美国,US,St Louis,,
SUU,Travis Air Force Base,38.262699,-121.927002,medium_airport,United States of America,美国,US,Fairfield,,
SUX,Sioux Gateway Airport / Brigadier General Bud Day Field,42.397605,-96.382237,medium_airport,United States of America,美国,US,Sioux City,,"Col. Bud Day, Sioux City AB, Sioux City AAB"
SVC,Grant County Airport,32.636701,-108.154736,medium_airport,United States of America,美国,US,Silver City,,
SVN,Hunter Army Air Field,32.00999832,-81.14569855,medium_airport,United States of America,美国,US,Savannah,,
SWF,New York Stewart International Airport,41.50421,-74.108901,medium_airport,United States of America,美国,US,Newburgh,,
SWO,Stillwater Regional Airport,36.162132,-97.085581,medium_airport,United States of America,美国,US,Stillwater,,
SYR,Syracuse Hancock International Airport,43.11119842529297,-76.1063003540039,large_airport,United States of America,美国,US,Syracuse,,
SZL,Whiteman Air Force Base,38.730301,-93.547897,medium_airport,United States of America,美国,US,Knob Noster,,Sedalia Glider Base
TBN,Waynesville-St. Robert Regional Airport-Forney Field,37.7416,-92.140701,medium_airport,United States of America,美国,US,Fort Leonard Wood,,
TCC,Tucumcari Municipal Airport,35.182800293,-103.602996826,medium_airport,United States of America,美国,US,Tucumcari,,
TCL,Tuscaloosa National Airport,33.2206,-87.611397,medium_airport,United States of America,美国,US,Tuscaloosa,,
TCM,McChord Air Force Base,47.137699,-122.475998,medium_airport,United States of America,美国,US,Tacoma,,
TCS,Truth or Consequences Municipal Airport,33.2369,-107.272003,medium_airport,United States of America,美国,US,Truth or Consequences,,
TEB,Teterboro Airport,40.850101,-74.060799,medium_airport,United States of America,美国,US,Teterboro,,"Manhattan, New York City, NYC"
TEX,Telluride Regional Airport,37.9538,-107.907997,medium_airport,United States of America,美国,US,Telluride,,
TIK,Tinker Air Force Base,35.4147,-97.386597,medium_airport,United States of America,美国,US,Oklahoma City,,Midwest Air Depot
TIW,Tacoma Narrows Airport,47.267407,-122.577295,medium_airport,United States of America,美国,US,Tacoma,,
TIX,Space Coast Regional Airport,28.514799118042,-80.799201965332,medium_airport,United States of America,美国,US,Titusville,,
TLH,Tallahassee International Airport,30.401209,-84.35433,medium_airport,United States of America,美国,US,Tallahassee,,
TMB,Miami Executive Airport,25.6479,-80.4328,medium_airport,United States of America,美国,US,Miami,,Kendall-Tamiami Executive Airport
TOI,Troy Municipal Airport at N Kenneth Campbell Field,31.860399,-86.012101,medium_airport,United States of America,美国,US,Troy,,
TOL,Eugene F. Kranz Toledo Express Airport,41.5868,-83.8078,medium_airport,United States of America,美国,US,Toledo,,
TOP,Philip Billard Municipal Airport,39.069899,-95.622606,medium_airport,United States of America,美国,US,Topeka,,
TPA,Tampa International Airport,27.9755,-82.533203,large_airport,United States of America,美国,US,Tampa,,
TPH,Tonopah Airport,38.06019974,-117.086998,medium_airport,United States of America,美国,US,Tonopah,,
TPL,Draughon Miller Central Texas Regional Airport,31.1525,-97.407799,medium_airport,United States of America,美国,US,Temple,,
TRI,Tri-Cities Regional TN/VA Airport,36.475201,-82.407401,medium_airport,United States of America,美国,US,Blountville,,
TKF,Truckee Tahoe Airport,39.318628,-120.140562,medium_airport,United States of America,美国,US,Truckee,,
TRM,Jacqueline Cochran Regional Airport,33.62670135498,-116.16000366211,medium_airport,United States of America,美国,US,Palm Springs,,"Thermal Airport, Desert Resorts Regional Airport, Thermal AAF"
TTD,Portland Troutdale Airport,45.54940032959,-122.40100097656,medium_airport,United States of America,美国,US,Portland,,
TTN,Trenton Mercer Airport,40.276699,-74.813499,medium_airport,United States of America,美国,US,Ewing Township,,
TUL,Tulsa International Airport,36.197084,-95.886225,large_airport,United States of America,美国,US,Tulsa,,
TUP,Tupelo Regional Airport,34.26810073852539,-88.7698974609375,medium_airport,United States of America,美国,US,Tupelo,,
TUS,Tucson International Airport,32.115004,-110.938053,large_airport,United States of America,美国,US,Tucson,,Morris Air National Guard Base
TVC,Cherry Capital Airport,44.741402,-85.582199,medium_airport,United States of America,美国,US,Traverse City,,
TVF,Thief River Falls Regional Airport,48.065701,-96.184998,medium_airport,United States of America,美国,US,Thief River Falls,,
TVL,Lake Tahoe Airport,38.89390182495117,-119.99500274658203,medium_airport,United States of America,美国,US,South Lake Tahoe,,
TWF,Joslin Field Magic Valley Regional Airport,42.4818,-114.487999,medium_airport,United States of America,美国,US,Twin Falls,,
TXK,Texarkana Regional Airport (Webb Field),33.453701,-93.990997,medium_airport,United States of America,美国,US,Texarkana,,
TYR,Tyler Pounds Regional Airport,32.35409927368164,-95.40239715576172,medium_airport,United States of America,美国,US,Tyler,,
TYS,McGhee Tyson Airport,35.811001,-83.994003,large_airport,United States of America,美国,US,Knoxville/Maryville,,Knoxville
UIN,Quincy Regional Airport Baldwin Field,39.942699,-91.194603,medium_airport,United States of America,美国,US,Quincy,,
UKI,Ukiah Municipal Airport,39.125999,-123.200996,medium_airport,United States of America,美国,US,Ukiah,,
SCE,State College Regional Airport,40.849374,-77.84852,medium_airport,United States of America,美国,US,State College,,University Park
UOX,University Oxford Airport,34.384300231934,-89.536796569824,medium_airport,United States of America,美国,US,Oxford,,
HTV,Huntsville Regional Airport,30.7469005585,-95.5871963501,medium_airport,United States of America,美国,US,Huntsville,,"T39, Bruce Brothers Huntsville Regional Airport, Huntsville Municipal Airport"
NPT,Newport State Airport,41.532207,-71.281039,medium_airport,United States of America,美国,US,Newport,,2B4
VAD,Moody Air Force Base,30.9678001404,-83.1930007935,medium_airport,United States of America,美国,US,Valdosta,,
VBG,Vandenberg Space Force Base,34.737301,-120.584,medium_airport,United States of America,美国,US,Lompoc,,
VCT,Victoria Regional Airport,28.85260009765625,-96.91850280761719,medium_airport,United States of America,美国,US,Victoria,,
VEL,Vernal Regional Airport,40.436214,-109.511661,medium_airport,United States of America,美国,US,Vernal,,
VGT,North Las Vegas Airport,36.209074,-115.193982,medium_airport,United States of America,美国,US,Las Vegas,,"Northtown Airport, Las Vegas North Air Terminal"
VIS,Visalia Municipal Airport,36.318699,-119.392998,medium_airport,United States of America,美国,US,Visalia,,
VLD,Valdosta Regional Airport,30.782499313354492,-83.27670288085938,medium_airport,United States of America,美国,US,Valdosta,,
VNY,Van Nuys Airport,34.209801,-118.489998,medium_airport,United States of America,美国,US,Van Nuys,,
VOK,Volk Field,43.938999,-90.253403,medium_airport,United States of America,美国,US,Camp Douglas,,Camp Williams
VPS,Destin-Fort Walton Beach Airport,30.481315,-86.515839,medium_airport,United States of America,美国,US,Valparaiso,,Eglin AFB
VPZ,Porter County Municipal Airport,41.45399857,-87.00710297,medium_airport,United States of America,美国,US,Valparaiso,,
VQQ,Cecil Airport,30.2187,-81.876701,medium_airport,United States of America,美国,US,Jacksonville,,"NZC, KNCZ, Cecil Field NAS"
VRB,Vero Beach Regional Airport,27.6556,-80.417901,medium_airport,United States of America,美国,US,Vero Beach,,Vero Beach Municipal
VTN,Miller Field,42.856211,-100.549192,medium_airport,United States of America,美国,US,Valentine,,Valentine Municipal Airport
WJF,General William J Fox Airfield,34.7411,-118.219002,medium_airport,United States of America,美国,US,Lancaster,,
WMC,Winnemucca Municipal Airport,40.8965988159,-117.805999756,medium_airport,United States of America,美国,US,Winnemucca,,
WRB,Robins Air Force Base,32.640099,-83.591904,medium_airport,United States of America,美国,US,Warner Robins,,
WRI,Mc Guire Air Force Base,40.0155983,-74.59169769,medium_airport,United States of America,美国,US,Wrightstown,,
WRL,Worland Municipal Airport,43.965698,-107.950996,medium_airport,United States of America,美国,US,Worland,,
WST,Westerly State Airport,41.349602,-71.803398,medium_airport,United States of America,美国,US,Westerly,,
WWD,Cape May County Airport,39.008499145500004,-74.9083023071,medium_airport,United States of America,美国,US,Wildwood,,
WWR,West Woodward Airport,36.438,-99.5226667,medium_airport,United States of America,美国,US,Woodward,,
KWY,Kiwayu Airport,-1.960644,41.297156,medium_airport,Kenya,肯尼亚,KE,Kiwayu,,Mkononi Airport
WYS,Yellowstone Airport,44.6884,-111.117996,medium_airport,United States of America,美国,US,West Yellowstone,,
XNA,Northwest Arkansas National Airport,36.281898,-94.306801,medium_airport,United States of America,美国,US,Fayetteville/Springdale/Rogers,,"Bentonville, Rogers"
XWA,Williston Basin International Airport,48.260863,-103.75116,medium_airport,United States of America,美国,US,Williston,,
YIP,Willow Run Airport,42.2379,-83.530403,medium_airport,United States of America,美国,US,Detroit,,DTT
YKM,Yakima Air Terminal McAllister Field,46.56819916,-120.5439987,medium_airport,United States of America,美国,US,Yakima,,
YKN,Chan Gurney Municipal Airport,42.916698455811,-97.385902404785,medium_airport,United States of America,美国,US,Yankton,,
YNG,Youngstown Warren Regional Airport,41.26070023,-80.67910004,medium_airport,United States of America,美国,US,Youngstown/Warren,,
ZZV,Zanesville Municipal Airport,39.9444007874,-81.89209747310001,medium_airport,United States of America,美国,US,Zanesville,,
BOR,Bokeo International Airport,20.323986,100.165392,medium_airport,Laos,老挝,LA,Ton Phueng,,
KFZ,Kukës International Airport,42.035802,20.415955,medium_airport,Albania,阿尔巴尼亚,AL,Kukës,,
TIA,Tirana International Airport Mother Teresa,41.4147,19.7206,large_airport,Albania,阿尔巴尼亚,AL,Rinas,,"Rinas International Airport, Aeroporti Nënë Tereza"
BOJ,Burgas Airport,42.569917,27.515173,large_airport,Bulgaria,保加利亚,BG,Burgas,,Bourgas
GOZ,Gorna Oryahovitsa Airport,43.151402,25.7129,medium_airport,Bulgaria,保加利亚,BG,Gorna Oryahovitsa,,
PDV,Plovdiv International Airport,42.067799,24.8508,large_airport,Bulgaria,保加利亚,BG,Plovdiv,,
SOF,Sofia Airport,42.696357,23.417671,large_airport,Bulgaria,保加利亚,BG,Sofia,,"Sofia International Airport, Vrazhdebna Air Base"
VAR,Varna Airport,43.232101,27.8251,large_airport,Bulgaria,保加利亚,BG,Varna,,Aksakovo
ECN,Ercan International Airport,35.153064,33.507352,large_airport,Cyprus,塞浦路斯,CY,Tymbou,Tymbou (Kirklar),"Tymvou, Nicosia, Lefkoşa"
GEC,Geçitkale Airbase,35.23591,33.720088,medium_airport,Cyprus,塞浦路斯,CY,Lefkoniko,Lefkoniko (Geçitkale),Geçitkale Air Base
LCA,Larnaca International Airport,34.875099,33.624901,large_airport,Cyprus,塞浦路斯,CY,Larnaca,,Διεθνές Aεροδρόμιο Λάρνακας
PFO,Paphos International Airport,34.717999,32.485699,large_airport,Cyprus,塞浦路斯,CY,Paphos,,"Pafos, Mandria, Kouklia, Διεθνής Αερολιμένας Πάφου, Pafos International Airport"
AKT,RAF Akrotiri,34.590401,32.9879,medium_airport,Cyprus,塞浦路斯,CY,Akrotiri,,"Royal Air Force, RAF, British"
DBV,Dubrovnik Ruđer Bošković Airport,42.562247,18.265543,large_airport,Croatia,克罗地亚,HR,Dubrovnik,,"Močići Airport, Zračna luka Ruđer Bošković Dubrovnik"
OSI,Osijek Airport,45.462355,18.811278,medium_airport,Croatia,克罗地亚,HR,Osijek,Osijek(Klisa),Klisa
PUY,Pula Airport,44.893501,13.9222,large_airport,Croatia,克罗地亚,HR,Pula,,
RJK,Rijeka Airport,45.216376,14.57085,large_airport,Croatia,克罗地亚,HR,Rijeka,Rijeka(Omišalj),"Reka, Rika, Fiume, Omišalj"
BWK,Brač Airport,43.284454,16.678362,medium_airport,Croatia,克罗地亚,HR,Gornji Humac,,Bol Airport
SPU,Split Saint Jerome Airport,43.538898,16.298,large_airport,Croatia,克罗地亚,HR,Split,,
ZAG,Zagreb Franjo Tuđman International Airport,45.742901,16.0688,large_airport,Croatia,克罗地亚,HR,Velika Gorica,,Pleso
ZAD,Zadar Airport,44.096986,15.353565,large_airport,Croatia,克罗地亚,HR,Zadar,,
ABC,Albacete Airport / Los Llanos Air Base,38.948502,-1.86352,medium_airport,Spain,西班牙,ES,Albacete,,
ALC,Alicante-Elche Miguel Hernández Airport,38.2822,-0.558156,large_airport,Spain,西班牙,ES,Alicante,,
LEI,Almería Airport,36.843899,-2.3701,medium_airport,Spain,西班牙,ES,Almería,,
OVD,Asturias Airport,43.563599,-6.03462,large_airport,Spain,西班牙,ES,Ranón,,
ODB,Córdoba Airport,37.841999,-4.84888,medium_airport,Spain,西班牙,ES,Córdoba,,
BIO,Bilbao Airport,43.301102,-2.91061,large_airport,Spain,西班牙,ES,Bilbao,,
RGS,Burgos Airport,42.357601,-3.62076,medium_airport,Spain,西班牙,ES,Burgos,,
BCN,Josep Tarradellas Barcelona-El Prat Airport,41.2971,2.07846,large_airport,Spain,西班牙,ES,Barcelona,,"El Prat Airport,Barcelona International,Josep Tarradellas Barcelona-El Prat Airport"
BJZ,Badajoz Airport,38.8913,-6.82133,medium_airport,Spain,西班牙,ES,Badajoz,,Talavera La Real Airport
CDT,Castellón-Costa Azahar Airport,40.213889,0.073333,medium_airport,Spain,西班牙,ES,Castellón de la Plana,,
LCG,A Coruña Airport,43.302101,-8.37726,medium_airport,Spain,西班牙,ES,Culleredo,,"The Groyne, La Coruña"
ILD,Lleida-Alguaire Airport,41.728185,0.535023,medium_airport,Spain,西班牙,ES,Lleida,,
GRO,Girona-Costa Brava Airport,41.904639,2.761774,large_airport,Spain,西班牙,ES,Girona,,"Girona, Costa Brava, Girona-Costa Brava"
GRX,F.G.L. Airport Granada-Jaén Airport,37.188702,-3.77736,medium_airport,Spain,西班牙,ES,Granada,,
IBZ,Ibiza Airport,38.872898,1.37312,large_airport,Spain,西班牙,ES,Ibiza,Ibiza (Eivissa),
XRY,Jerez Airport,36.744598,-6.06011,medium_airport,Spain,西班牙,ES,Jerez de la Frontera,,
LEN,León Airport,42.590709,-5.653406,medium_airport,Spain,西班牙,ES,La Virgen del Camino,,
RJL,Logroño-Agoncillo Airport,42.460953,-2.322235,medium_airport,Spain,西班牙,ES,Logroño,,LELO
MAD,Adolfo Suárez Madrid–Barajas Airport,40.493407,-3.572249,large_airport,Spain,西班牙,ES,Madrid,,"Leganés, Madrid Barajas International Airport"
AGP,Málaga-Costa del Sol Airport,36.6749,-4.49911,large_airport,Spain,西班牙,ES,Málaga,,"Costa del Sol, Malaga"
MAH,Menorca Airport,39.862598,4.21865,large_airport,Spain,西班牙,ES,Mahón,Mahón (Maó),Menorca
RMU,Region of Murcia International Airport,37.802852,-1.124884,large_airport,Spain,西班牙,ES,Corvera,,
OZP,Moron Air Base,37.17490005493164,-5.615940093994141,medium_airport,Spain,西班牙,ES,Morón,,
PMI,Palma de Mallorca Airport,39.551701,2.73881,large_airport,Spain,西班牙,ES,Palma de Mallorca,,"Son Sant Joan Airport, LESJ"
PNA,Pamplona Airport,42.77,-1.64633,medium_airport,Spain,西班牙,ES,Pamplona,,
CQM,Ciudad Real International Airport,38.856479,-3.969944,medium_airport,Spain,西班牙,ES,Ciudad Real,,Ciudad Real Central Airport
REU,Reus Airport,41.147509,1.168354,large_airport,Spain,西班牙,ES,Reus,,
ROZ,Rota Naval Station Airport,36.645198822,-6.34946012497,medium_airport,Spain,西班牙,ES,Rota,,
SLM,Salamanca Airport,40.952099,-5.50199,medium_airport,Spain,西班牙,ES,Salamanca,,
EAS,San Sebastián Airport,43.356499,-1.79061,medium_airport,Spain,西班牙,ES,Hondarribia,,
SCQ,Santiago-Rosalía de Castro Airport,42.896301,-8.41514,large_airport,Spain,西班牙,ES,Santiago de Compostela,,
LEU,Pirineus - la Seu d'Urgel Airport,42.3386,1.40917,medium_airport,Spain,西班牙,ES,La Seu d'Urgell Pyrenees and Andorra,,"Montferrer, Castellbò"
TEV,Teruel Airport,40.410269,-1.217366,medium_airport,Spain,西班牙,ES,Teruel,,
TOJ,Madrid–Torrejón Airport / Torrejón Air Base,40.487875,-3.456808,medium_airport,Spain,西班牙,ES,Madrid,,
VLC,Valencia Airport,39.489162,-0.480961,large_airport,Spain,西班牙,ES,Valencia,,
VLL,Valladolid Airport,41.7061,-4.85194,medium_airport,Spain,西班牙,ES,Valladolid,,
VIT,Vitoria Airport,42.882801,-2.72447,medium_airport,Spain,西班牙,ES,Alava,,"Vitoria,Foronda"
VGO,Vigo Airport,42.2318,-8.62677,medium_airport,Spain,西班牙,ES,Vigo,,
SDR,Seve Ballesteros-Santander Airport,43.427101,-3.82001,medium_airport,Spain,西班牙,ES,Santander,,
ZAZ,Zaragoza Airport,41.666199,-1.04155,large_airport,Spain,西班牙,ES,Zaragoza,,Zaragoza Air Base
SVQ,Seville Airport,37.417999,-5.89311,large_airport,Spain,西班牙,ES,Seville,,"Sevilla, Sevilla Airport"
CQF,Calais Marck Airport,50.962101,1.95476,medium_airport,France,法国,FR,Calais,,"Dunkirk, Grand Calais"
LTQ,Le Touquet-Côte d'Opale Airport,50.518284,1.621656,medium_airport,France,法国,FR,Le Touquet-Paris-Plage,,Paris-Plage
AGF,Agen La Garenne airport,44.174171,0.59309,medium_airport,France,法国,FR,Agen,,
BOD,Bordeaux–Mérignac Airport,44.82865,-0.715356,large_airport,France,法国,FR,Bordeaux,,
EGC,Bergerac Dordogne-Périgord airport,44.825298,0.518611,medium_airport,France,法国,FR,Bergerac,,
CNG,Cognac-Châteaubernard (BA 709) Air Base,45.658298,-0.3175,medium_airport,France,法国,FR,Cognac/Châteaubernard,,
LRH,La Rochelle Île de Ré Airport,46.179199,-1.19528,medium_airport,France,法国,FR,La Rochelle,,Laleu Airport
PIS,Poitiers-Biard Airport,46.5877,0.306666,medium_airport,France,法国,FR,Poitiers/Biard,,
MCU,Montluçon-Guéret Airport,46.222599,2.36396,medium_airport,France,法国,FR,"Lépaud, Creuse",,
LIG,Limoges Airport,45.862801,1.17944,medium_airport,France,法国,FR,Limoges/Bellegarde,,
NIT,Niort - Marais Poitevin Airport,46.313477,-0.394529,medium_airport,France,法国,FR,Niort/Souché,,
TLS,Toulouse-Blagnac Airport,43.629101,1.36382,large_airport,France,法国,FR,Toulouse/Blagnac,,Airbus
PUF,Pau Pyrénées Airport,43.380001,-0.418611,medium_airport,France,法国,FR,Pau/Pyrénées,Pau/Pyrénées (Uzein),
LDE,Tarbes-Lourdes-Pyrénées Airport,43.178699,-0.006439,medium_airport,France,法国,FR,Tarbes/Lourdes/Pyrénées,,
ANG,Angoulême Brie-Champniers airport,45.729198,0.221456,medium_airport,France,法国,FR,Angoulême,,
PGX,Périgueux-Bassillac Airport,45.198101,0.815556,medium_airport,France,法国,FR,Périgueux/Bassillac,,
BIQ,Biarritz Pays Basque airport,43.468372,-1.523223,medium_airport,France,法国,FR,Biarritz,,
ZAO,Cahors Lalbenque airport,44.351398,1.47528,medium_airport,France,法国,FR,Cahors,,
LBI,Albi Le Sequestre airport,43.913898,2.11306,medium_airport,France,法国,FR,Albi,,
DCM,Castres Mazamet Airport,43.556301,2.28918,medium_airport,France,法国,FR,Castres,,
RDZ,Rodez–Aveyron Airport,44.407902,2.48267,medium_airport,France,法国,FR,Rodez/Marcillac,,
RYN,Royan-Médis Airport,45.628101,-0.9725,medium_airport,France,法国,FR,Royan/Médis,,
RCO,Rochefort-Saint-Agnant (BA 721) Airport,45.887798,-0.983056,medium_airport,France,法国,FR,Rochefort/Saint-Agnant,,
OUI,Ouessant Airport,48.4632,-5.06358,small_airport,France,法国,FR,Ushant,,
CMR,Colmar Houssen airport,48.109901,7.35901,medium_airport,France,法国,FR,Colmar,,
DLE,Dole Tavaux Airport,47.038955,5.427589,medium_airport,France,法国,FR,Dole,,Dole-Tavaux
OBS,Aubenas-South Ardèche Airport,44.544367,4.372194,medium_airport,France,法国,FR,"Lanas, Ardèche",,Aubenas Ardèche Méridionale
LPY,Le Puy-Loudes Airfield,45.0807,3.76289,small_airport,France,法国,FR,"Chaspuzac, Haute-Loire",,
ETZ,Metz-Nancy-Lorraine Airport,48.982101,6.25132,medium_airport,France,法国,FR,Goin,,
ANE,Angers Marcé airport,47.560299,-0.312222,medium_airport,France,法国,FR,Angers,,Marcé Airport.
BIA,Bastia-Poretta International airport,42.5527,9.48373,large_airport,France,法国,FR,Bastia,,
CLY,Calvi Sainte Catherine Airport,42.530422,8.792984,medium_airport,France,法国,FR,Calvi,,
FSC,Figari Sud-Corse Airport,41.50185,9.097092,large_airport,France,法国,FR,Figari,,
AJA,Ajaccio Napoléon Bonaparte airport,41.923599,8.80292,medium_airport,France,法国,FR,Ajaccio,,
SOZ,Solenzara (BA 126) Air Base,41.9244,9.406,medium_airport,France,法国,FR,Solenzara,,
AUF,Auxerre Branches airport,47.850201,3.49711,medium_airport,France,法国,FR,Auxerre,,
CMF,Chambéry Aix les Bains airport,45.6381,5.88023,medium_airport,France,法国,FR,Chambéry,,
CFE,Clermont-Ferrand Auvergne airport,45.786701,3.16917,large_airport,France,法国,FR,Clermont-Ferrand,,
BOU,Bourges airport,47.060158,2.369633,medium_airport,France,法国,FR,Bourges,,
LYS,Lyon Saint-Exupéry Airport,45.725996,5.090139,large_airport,France,法国,FR,"Colombier-Saugnieu, Rhône",,"Lyon, Saint-Exupéry, Satolas"
SYT,Saint-Yan Airport,46.414019,4.014177,medium_airport,France,法国,FR,"L'Hôpital-le-Mercier, Saône-et-Loire",,
RNE,Roanne-Renaison Airport,46.053818,3.999023,medium_airport,France,法国,FR,Saint-Léger-sur-Roanne,,
NCY,Annecy Meythet airport,45.928947,6.0987,medium_airport,France,法国,FR,Annecy,,Annecy-Meythet
GNB,Grenoble Alpes Isère Airport,45.3629,5.32937,medium_airport,France,法国,FR,Grenoble,,
VAF,Valence-Chabeuil Airport,44.9216,4.9699,medium_airport,France,法国,FR,"Chabeuil, Drôme",,
VHY,Vichy-Charmeil Airport,46.16969,3.403637,medium_airport,France,法国,FR,"Charmeil, Allier",,
AUR,Aurillac airport,44.891399,2.42194,medium_airport,France,法国,FR,Aurillac,,
CHR,Châteauroux Déols airport,46.860221,1.728326,medium_airport,France,法国,FR,Châteauroux,,
LYN,Lyon Bron Airport,45.727947,4.943991,medium_airport,France,法国,FR,"Chassieu, Lyon",,
CEQ,Cannes Mandelieu Airport,43.547998,6.955176,medium_airport,France,法国,FR,Cannes,,
EBU,Saint-Étienne-Bouthéon Airport,45.5406,4.29639,medium_airport,France,法国,FR,"Andrézieux-Bouthéon, Loire",,Saint-Étienne-Loire
CCF,Carcassonne Salvaza Airport,43.216,2.30632,medium_airport,France,法国,FR,Carcassonne,,
MRS,Marseille Provence Airport,43.438088,5.2125,large_airport,France,法国,FR,"Marignane, Bouches-du-Rhône",,
NCE,Nice-Côte d'Azur Airport,43.658401,7.21587,large_airport,France,法国,FR,"Nice, Alpes-Maritimes",,
PGF,Perpignan-Rivesaltes (Llabanère) Airport,42.740398,2.87067,medium_airport,France,法国,FR,Perpignan/Rivesaltes,,
CTT,Le Castellet Airport,43.252499,5.78519,medium_airport,France,法国,FR,"Le Castellet, Var",,
MPL,Montpellier-Méditerranée Airport,43.576199,3.96301,large_airport,France,法国,FR,Montpellier/Méditerranée,,
BZR,Béziers Vias airport,43.323502,3.3539,medium_airport,France,法国,FR,Béziers,,
AVN,Avignon Caumont airport,43.907299,4.90183,medium_airport,France,法国,FR,Avignon,,
MEN,Mende-Brenoux Airfield,44.502102,3.53282,medium_airport,France,法国,FR,Mende/Brénoux,,
BVA,Beauvais-Tillé airport,49.454399,2.11278,large_airport,France,法国,FR,Beauvais,,Beauvais-Tillé
EVX,Évreux-Fauville (BA 105) Air Base,49.028702,1.21986,medium_airport,France,法国,FR,"Fauville, Eure",,
LEH,Le Havre-Octeville Airport,49.534038,0.088406,medium_airport,France,法国,FR,Le Havre,,
XCR,Chalons Vatry airport,48.77333,4.20611,medium_airport,France,法国,FR,Chalons en Champagne,,"Paris-Châlons, Paris-Vatry, Paris-Vatry (Disney), Vatry Europort"
URO,Rouen Vallée de Seine Airport,49.384887,1.179142,medium_airport,France,法国,FR,Boos,,
TUF,Tours Val de Loire Airport,47.432201,0.727606,medium_airport,France,法国,FR,"Tours, Indre-et-Loire",,"Aéroport Tours-Val de Loire, Loire Valley"
LVA,Laval-Entrammes Airport,48.032208,-0.743999,medium_airport,France,法国,FR,"Laval, Mayenne",,
LBG,Paris-Le Bourget International Airport,48.962276,2.436539,large_airport,France,法国,FR,Paris,,PAR
CSF,Creil Air Base,49.253502,2.51914,medium_airport,France,法国,FR,Creil,,BA 110
CDG,Charles de Gaulle International Airport,49.00896,2.554117,large_airport,France,法国,FR,Paris,"Paris (Roissy-en-France, Val-d'Oise)","PAR, Aéroport Roissy-Charles de Gaulle, Roissy Airport"
TNF,Toussus-le-Noble Airport,48.7519,2.10619,medium_airport,France,法国,FR,"Toussus-le-Noble, Yvelines",,
ORY,Paris-Orly Airport,48.729499,2.358963,large_airport,France,法国,FR,Paris,"Paris (Orly, Val-de-Marne)",
POX,Pontoise-Cormeilles Aerodrome,49.096064,2.035543,medium_airport,France,法国,FR,"Cormeilles-en-Vexin, Val-d'Oise",,"Aérodrome de Pontoise-Cormeilles en Vexin, Cergy Pontoise"
VIY,Vélizy-Villacoublay Air Base,48.774406,2.203102,medium_airport,France,法国,FR,"Vélizy-Villacoublay, Yvelines",,BA 107
NVS,Nevers-Fourchambault Airport,47.002913,3.113114,medium_airport,France,法国,FR,"Marzy, Nièvre",,
LIL,Lille Airport,50.566564,3.102429,large_airport,France,法国,FR,Lesquin,,Aéroport de Lille. Lille-Lesquin Airport
HZB,Merville-Calonne Airport,50.618401,2.64224,medium_airport,France,法国,FR,"Merville, Nord",,
BES,Brest Bretagne airport,48.447899,-4.41854,large_airport,France,法国,FR,Brest,,
CER,Cherbourg Manche airport,49.650101,-1.47028,medium_airport,France,法国,FR,Cherbourg,,"Aéroport de Cherbourg - Maupertus, Aéroport de Cherbourg - Manche, Cherbourg-Manche"
DNR,Dinard Pleurtuit Saint-Malo airport,48.5877,-2.07996,medium_airport,France,法国,FR,Dinard,,
LBY,La Baule-Escoublac Airport,47.289398,-2.34639,medium_airport,France,法国,FR,La Baule-Escoublac,,
GFR,Granville Airport,48.883099,-1.56417,medium_airport,France,法国,FR,"Bréville-sur-Mer, Manche",,Granville Mont-Saint-Michel
DOL,Deauville Normandie airport,49.365237,0.154481,medium_airport,France,法国,FR,Deauville,,Deauville-Saint Gatien
LRT,Lorient South Brittany (Bretagne Sud) Airport,47.760601,-3.44,medium_airport,France,法国,FR,Lorient/Lann/Bihoué,,
EDM,La Roche-sur-Yon Les Ajoncs Airport,46.7019,-1.37863,medium_airport,France,法国,FR,La Roche-sur-Yon,,
LDV,Landivisiau Air Base,48.5303,-4.15164,medium_airport,France,法国,FR,Landivisiau,,
CFR,Caen Carpiquet airport,49.17678,-0.454883,medium_airport,France,法国,FR,Caen,,
LME,Le Mans-Arnage Airport,47.948604,0.201702,medium_airport,France,法国,FR,"Le Mans, Sarthe",,
RNS,Rennes-Saint-Jacques Airport,48.0695,-1.73479,medium_airport,France,法国,FR,"Saint-Jacques-de-la-Lande, Ille-et-Vilaine",,Rennes Bretagne
LAI,Lannion Airport,48.754398,-3.47166,medium_airport,France,法国,FR,Lannion,,Servel Airport
UIP,Quimper-Cornouaille Airport,47.973031,-4.169655,medium_airport,France,法国,FR,Quimper/Pluguffan,,
NTE,Nantes Atlantique Airport,47.153198,-1.61073,large_airport,France,法国,FR,Nantes,,
SBK,Saint-Brieuc-Armor Airport,48.538628,-2.853518,medium_airport,France,法国,FR,"Trémuson, Côtes-d'Armor",,
MXN,Morlaix-Ploujean Airport,48.6031990051,-3.81577992439,medium_airport,France,法国,FR,Morlaix/Ploujean,,
VNE,Vannes-Meucon Airport,47.723301,-2.71856,medium_airport,France,法国,FR,Vannes/Meucon,,
SNR,Saint-Nazaire-Montoir Airport,47.31142,-2.152634,medium_airport,France,法国,FR,Saint-Nazaire/Montoir,,
BSL,EuroAirport Basel–Mulhouse–Freiburg,47.60068,7.521117,large_airport,France,法国,FR,Bâle / Mulhouse,,"MLH, EAP, LSZM, Bâle, Basle"
DIJ,Dijon Longvic airport,47.268902,5.09,medium_airport,France,法国,FR,Dijon,,BA 102
EPL,Épinal Mirecourt Airport,48.325001,6.06998,medium_airport,France,法国,FR,Épinal,,
BVE,Brive Souillac airport,45.039722,1.485556,medium_airport,France,法国,FR,Brive,,"Vallee de la Dordogne, Brive-la-Gaillarde"
ENC,Nancy-Essey Airport,48.692101,6.23046,medium_airport,France,法国,FR,"Tomblaine, Meurthe-et-Moselle",,
SXB,Strasbourg Airport,48.5383,7.62823,large_airport,France,法国,FR,Strasbourg,,BA 124
TLN,Toulon-Hyères Airport,43.097301,6.14603,medium_airport,France,法国,FR,"Hyères, Var",,"La Palyvestre, Toulon"
FNI,Nîmes-Arles-Camargue Airport,43.757401,4.41635,medium_airport,France,法国,FR,Nîmes/Garons,,
LTT,La Môle Airport,43.205399,6.482,small_airport,France,法国,FR,Saint-Tropez,,"Golfe du Saint-Tropez, Saint-Tropez"
MQC,Miquelon Airport,47.095501,-56.380299,small_airport,St. Pierre and Miquelon,圣皮埃尔和密克隆,PM,Miquelon,,
FSP,Saint-Pierre Pointe-Blanche Airport,46.762651,-56.17499,medium_airport,St. Pierre and Miquelon,圣皮埃尔和密克隆,PM,Saint-Pierre,,
PYR,Andravida Air Base,37.9207,21.292601,medium_airport,Greece,希腊,GR,Andravida,,"GVD, Βάση Ανδραβίδας"
AXD,Alexandroupoli Democritus Airport,40.8559,25.956301,medium_airport,Greece,希腊,GR,Alexandroupolis,,
ATH,Athens Eleftherios Venizelos International Airport,37.936401,23.9445,large_airport,Greece,希腊,GR,Spata-Artemida,,
VOL,Nea Anchialos National Airport,39.219601,22.7943,medium_airport,Greece,希腊,GR,Nea Anchialos,,"Volos Central Greece Airport, Volos Nea Anchialos Airport of Central Greece"
JKH,Chios Island National Airport,38.34320068359375,26.140600204467773,medium_airport,Greece,希腊,GR,Chios Island,,
JIK,Ikaria Airport,37.6827011108,26.3470993042,small_airport,Greece,希腊,GR,Ikaria Island,,
IOA,Ioannina King Pyrrhus National Airport,39.6964,20.8225,medium_airport,Greece,希腊,GR,Ioannina,,
HER,Heraklion International Nikos Kazantzakis Airport,35.339699,25.1803,large_airport,Greece,希腊,GR,Heraklion,,Crete Island
KSO,Kastoria National Airport Aristotle,40.446301,21.2822,small_airport,Greece,希腊,GR,Argos Orestiko,,Aristotelis Airport
KIT,Kithira Airport,36.273978,23.016719,small_airport,Greece,希腊,GR,Kithira Island,,Alexandros Aristotelous Onassis
EFL,Kefallinia Airport,38.12009811401367,20.500499725341797,medium_airport,Greece,希腊,GR,Kefallinia Island,,
KZS,Kastelorizo Airport,36.141701,29.576401,small_airport,Greece,希腊,GR,Kastelorizo Island,,
KLX,Kalamata Airport,37.06829833984375,22.02549934387207,medium_airport,Greece,希腊,GR,Kalamata,,
KGS,"Kos International Airport ""Ippokratis""",36.794523,27.09115,large_airport,Greece,希腊,GR,Kos Island,,
AOK,Karpathos Airport,35.421398,27.146,medium_airport,Greece,希腊,GR,Karpathos Island,,
CFU,Corfu Ioannis Kapodistrias International Airport,39.60145,19.912179,large_airport,Greece,希腊,GR,Kerkyra,Kerkyra (Corfu),Corfu
KSJ,Kasos Airport,35.4213981628,26.909999847399998,small_airport,Greece,希腊,GR,Kasos Island,,
KVA,Kavala Alexander the Great International Airport,40.9133,24.6192,large_airport,Greece,希腊,GR,Kavala,,Megas Alexandros
JKL,Kalymnos Airport,36.9632987976,26.9405994415,small_airport,Greece,希腊,GR,Kalymnos Island,,"Kalimnos, Κάλυμνος"
KZI,Kozani National Airport Filippos,40.286098,21.840799,medium_airport,Greece,希腊,GR,Kozani,,
LRS,Leros Airport,37.184898,26.800301,small_airport,Greece,希腊,GR,Leros Island,,
LXS,Limnos Airport,39.917098999,25.236299514799995,small_airport,Greece,希腊,GR,Limnos Island,,
JMK,Mykonos Island National Airport,37.435101,25.348101,medium_airport,Greece,希腊,GR,Mykonos,,
MLO,Milos Airport,36.696899,24.4769,small_airport,Greece,希腊,GR,Milos Island,,
MJT,Mytilene International Airport,39.057406,26.598629,medium_airport,Greece,希腊,GR,Mytilene,,
JNX,Naxos Island National Airport,37.0811,25.368099,small_airport,Greece,希腊,GR,Naxos,,Apollon
PAS,Paros National Airport,37.020495,25.113195,small_airport,Greece,希腊,GR,Paros,,New Paros Airport
JTY,Astypalaia Airport,36.5798988342,26.3757991791,small_airport,Greece,希腊,GR,Astypalaia Island,,
PVK,Aktion National Airport,38.925499,20.765301,medium_airport,Greece,希腊,GR,Preveza,,"Preveza, Lefkada, Πρέβεζα, Λευκάδα"
RHO,"Rhodes International Airport ""Diagoras""",36.405399,28.086201,large_airport,Greece,希腊,GR,Rhodes,,Diagoras International Airport
GPA,Patras Araxos Agamemnon Airport,38.1511,21.4256,medium_airport,Greece,希腊,GR,Patras,,
CHQ,Chania International Airport,35.531207,24.150673,large_airport,Greece,希腊,GR,Souda,,
JSI,Skiathos Island National Airport,39.177101,23.5037,medium_airport,Greece,希腊,GR,Skiathos,,Alexandros Papadiamantis Airport
SMI,Samos Airport,37.689999,26.911699,medium_airport,Greece,希腊,GR,Samos Island,,
JSY,Syros Airport,37.4227981567,24.950899124099998,small_airport,Greece,希腊,GR,Syros Island,,
JTR,Santorini International Airport,36.400045,25.478638,large_airport,Greece,希腊,GR,Santorini Island,,
JSH,Sitia Airport,35.21609878540039,26.101299285888672,medium_airport,Greece,希腊,GR,Crete Island,,
SKU,Skiros Airport,38.9676017761,24.4871997833,small_airport,Greece,希腊,GR,Skiros Island,,
SKG,Thessaloniki Macedonia International Airport,40.51928,22.970009,large_airport,Greece,希腊,GR,Thessaloniki,,Makedonia. Macedonia. Salonica
ZTH,Zakynthos International Airport Dionysios Solomos,37.7509,20.8843,medium_airport,Greece,希腊,GR,Zakynthos,,Zakinthos
BUD,Budapest Liszt Ferenc International Airport,47.43018,19.262393,large_airport,Hungary,匈牙利,HU,Budapest,,"Ferihegyi nemzetközi repülőtér, Budapest Liszt Ferenc international Airport"
DEB,Debrecen International Airport,47.489469,21.616278,large_airport,Hungary,匈牙利,HU,Debrecen,,Debreceni nemzetközi repülőtér
PEV,Pécs-Pogány International Airport,45.988891,18.242044,large_airport,Hungary,匈牙利,HU,Pécs,,"Pecs South Airport, QPJ"
SOB,Hévíz–Balaton Airport,46.686391,17.159084,medium_airport,Hungary,匈牙利,HU,Sármellék,,"Sármellék International, FlyBatalon Airport, Batalon Airport, Sármellék Nemzetközi Repülőtér"
CRV,Crotone Sant'Anna Pythagoras Airport,38.9972,17.0802,medium_airport,Italy,意大利,IT,Isola di Capo Rizzuto,Isola di Capo Rizzuto (KR),Sant'Anna Airport
BRI,Bari Karol Wojtyła International Airport,41.138901,16.760599,large_airport,Italy,意大利,IT,Bari,,"Bari ""Karol Wojtyla"" International Airport, Palese Macchie Airport, Palese Airport"
FOG,Foggia Gino Lisa Airport,41.433596,15.534566,medium_airport,Italy,意大利,IT,Foggia,Foggia (FG),Foggia Airport
TAR,Taranto-Grottaglie Marcello Arlotta Airport,40.517502,17.4032,medium_airport,Italy,意大利,IT,Grottaglie,,"M Arlotta, Taranto-Grottaglie Airport, Grottaglie Airport"
LCC,Lecce Galatina Air Base / Galatina Fortunato Cesari Airport,40.239201,18.133301,medium_airport,Italy,意大利,IT,Galatina,Galatina (LE),Galatina
PSR,Abruzzo Airport,42.431079,14.182981,large_airport,Italy,意大利,IT,Pescara,,"Pescara, Abruzzo Pasquale Liberi International"
BDS,Brindisi Airport,40.6576,17.947001,large_airport,Italy,意大利,IT,Brindisi,,"Brindisi Papola Casale Airport, Brindisi Salento Airport, Brindisi Casale Antonio Papolo Airport, Salento Airport"
SUF,Lamezia Terme Sant'Eufemia International Airport,38.906214,16.246007,large_airport,Italy,意大利,IT,Lamezia Terme,Lamezia Terme (CZ),
CIY,Comiso Airport,36.99583,14.60889,medium_airport,Italy,意大利,IT,Comiso,,"Vincenzo Magliocco Airport, Aeroporto di Comiso"
CTA,Catania-Fontanarossa Airport,37.466801,15.0664,large_airport,Italy,意大利,IT,Catania,,"Lanza Di Trabie, Catania-Fontanarossa Vincenzo Bellini"
LMP,Lampedusa Airport,35.497898,12.6181,medium_airport,Italy,意大利,IT,Lampedusa,,
PNL,Pantelleria Airport,36.816502,11.9689,medium_airport,Italy,意大利,IT,Pantelleria,Pantelleria (TP),I D'Amico
PMO,Falcone–Borsellino Airport,38.175999,13.091,large_airport,Italy,意大利,IT,Palermo,,"Palermo Airport, Punta Raisi Airport"
REG,Reggio Calabria Airport,38.071201,15.6516,medium_airport,Italy,意大利,IT,Reggio Calabria,,Tito Minniti
TPS,Vincenzo Florio Airport Trapani-Birgi,37.9114,12.488,medium_airport,Italy,意大利,IT,Trapani,Trapani (TP),"Vincenzo Florio Airport, Trapani Airport, Aeroporto Vincenzo Florio di Trapani-Birgi"
AHO,Alghero-Fertilia Airport,40.632099,8.29077,medium_airport,Italy,意大利,IT,Alghero,,"Alghero Airport, Sardinia, Alghero - Riviera del Corallo Airport"
DCI,Decimomannu Air Base,39.354198,8.97248,medium_airport,Italy,意大利,IT,Decimomannu,,G. Farina
CAG,Cagliari Elmas Airport,39.251499,9.05428,large_airport,Italy,意大利,IT,Cagliari,,"Cagliari Airport,Elmas"
OLB,Olbia Costa Smeralda Airport,40.898953,9.518457,large_airport,Italy,意大利,IT,Olbia,Olbia (SS),
MXP,Milan Malpensa International Airport,45.6306,8.72811,large_airport,Italy,意大利,IT,Ferno,Ferno (VA),"MIL, Silvio Berlusconi"
BGY,Il Caravaggio International Airport,45.669362,9.708851,large_airport,Italy,意大利,IT,Orio al Serio,Orio al Serio (BG),"Orio al Serio International Airport, Il Caravaggio International Airport, Milan Bergamo Airport"
TRN,Turin Airport,45.200802,7.64963,large_airport,Italy,意大利,IT,Caselle Torinese,Caselle Torinese (TO),"Torino-Caselle Airport, Sandro Pertini Airport, Turin-Caselle Airport"
GOA,Genoa Cristoforo Colombo Airport,44.412039,8.840732,large_airport,Italy,意大利,IT,Genova,Genova (GE),"Genova Sestri, Sestri Cristoforo Colombo Airport, Cristoforo Colombo Airport"
LIN,Milano Linate Airport,45.445099,9.27674,large_airport,Italy,意大利,IT,Segrate,Segrate (MI),E Forlanini
PMF,Parma Airport,44.826351,10.29705,medium_airport,Italy,意大利,IT,Parma,Parma (PR),
AOT,Aosta Corrado Gex Airport,45.738552,7.3683,medium_airport,Italy,意大利,IT,Saint-Christophe,Saint-Christophe (AO),
CUF,Cuneo International Airport,44.547458,7.623045,medium_airport,Italy,意大利,IT,Levaldigi,Levaldigi (CN),"Cuneo Levaldigi Airport, Turin Cuneo Airport"
AVB,Aviano Air Base,46.031898,12.596503,medium_airport,Italy,意大利,IT,Aviano,Aviano (PN),"Pagliano e Gori Airport, LIYW"
BZO,Bolzano Airport,46.459245,11.326125,medium_airport,Italy,意大利,IT,Bolzano,Bolzano (BZ),"G Sabelli, Dolomiti"
BLQ,Bologna Guglielmo Marconi Airport,44.5354,11.2887,large_airport,Italy,意大利,IT,Bologna,,"Guglielmo Marconi Airport, Borgo Panigale Airport"
TSF,Treviso Airport,45.648399,12.1944,large_airport,Italy,意大利,IT,Treviso,Treviso (TV),"Venice-Treviso, Treviso-Sant'Angelo, Treviso Antonio Canova Airport"
FRL,Forlì-Luigi Ridolfi International Airport,44.194801,12.0701,medium_airport,Italy,意大利,IT,Forlì,Forlì (FC),"L Ridolfi, Ronco di Forlì"
VBS,Brescia Gabriele d'Annunzio Airport,45.428902,10.3306,medium_airport,Italy,意大利,IT,Montichiari,Montichiari (BS),Brescia-Montichiari
TRS,Trieste Airport,45.827862,13.466672,large_airport,Italy,意大利,IT,Ronchi dei Legionari/Trieste,,"Ronchi Dei Legionari Airport, Trieste-Ronchi dei Legionari Airport"
RMI,Federico Fellini International Airport,44.020024,12.612198,large_airport,Italy,意大利,IT,Rimini,Rimini (RN),"Rimini Miramare Airport, Rimini San Marino International Airport"
VRN,Verona Villafranca Valerio Catullo Airport,45.394955,10.887303,large_airport,Italy,意大利,IT,Caselle,Caselle (VR),"Valerio Catullo, Villafranca International Airport, Valerio Catullo Airport, Villafranca Airport"
AOI,Marche Airport,43.616299,13.3623,medium_airport,Italy,意大利,IT,Falconara Marittima,Falconara Marittima (AN),"Ancona, Ancona Falconara Airport, Falconara, Raffaello Sanzio Airport"
VCE,Venice Marco Polo Airport,45.505299,12.3519,large_airport,Italy,意大利,IT,Venezia,Venezia (VE),"Venezia-Tessera, Venice-Tessera"
CIA,Ciampino–G. B. Pastine International Airport,41.798769,12.595331,large_airport,Italy,意大利,IT,Rome,,"ROM, Giovan Battista Pastine Airport"
FCO,Rome–Fiumicino Leonardo da Vinci International Airport,41.804532,12.251998,large_airport,Italy,意大利,IT,Rome,,"ROM, Rome Fiumicino Airport, Fiumicino Airport"
QSR,Salerno Costa d'Amalfi Airport,40.620399,14.9113,medium_airport,Italy,意大利,IT,Salerno,,"Mario Martucci Airport, Aeroporto di Salerno Costa d'Amalfi, Salerno-Pontecagnano Airport"
EBA,Marina di Campo Airport,42.760871,10.239811,medium_airport,Italy,意大利,IT,Campo nell'Elba,Campo nell'Elba (LI),Elba
NAP,Naples International Airport,40.886002,14.2908,large_airport,Italy,意大利,IT,Napoli,,"Capodichino Airport, Aeroporto Internazionale di Napoli-Capodichino Ugo Niutta, Ariopuorto 'nternazziunale 'e Napule-Capodichino Ugo Niutta"
PSA,Pisa International Airport,43.683899,10.3927,large_airport,Italy,意大利,IT,Pisa,Pisa (PI),"Galileo Galilei Airport, San Giusto Airport"
FLR,"Florence Airport, Peretola",43.808558,11.202822,large_airport,Italy,意大利,IT,Firenze,Firenze (FI),"Firenze, Amerigo Vespucci Airport, Aeroporto di Firenze-Peretola"
GRS,Grosseto Corrado Baccarini Air Base / Grosseto Airport,42.759701,11.0719,medium_airport,Italy,意大利,IT,Grosseto,Grosseto (GR),C Baccarini
PEG,Perugia San Francesco d'Assisi – Umbria International Airport,43.095901,12.5132,large_airport,Italy,意大利,IT,Perugia,Perugia (PG),"Perugia San Francesco d'Assisi, Perugia Sant'Egidio Airport, Umbria International Airport"
LJU,Ljubljana Jože Pučnik Airport,46.223701,14.4576,large_airport,Slovenia,斯洛文尼亚,SI,Zgornji Brnik,,"Ljubljana, Kranj"
MBX,Maribor Edvard Rusjan Airport,46.4799,15.6861,medium_airport,Slovenia,斯洛文尼亚,SI,Maribor,,
POW,Portorož Airport,45.47201,13.615951,medium_airport,Slovenia,斯洛文尼亚,SI,Sečovlje,,Sečovlje
JCL,České Budějovice South Bohemian Airport,48.948171,14.42832,large_airport,Czechia,捷克,CZ,České Budějovice,,Jihočeské letiště České Budějovice
UHE,Kunovice Airport,49.0294,17.439699,medium_airport,Czechia,捷克,CZ,Uherské Hradiště,,Letiště Kunovice
KLV,Karlovy Vary Airport,50.202999,12.915,large_airport,Czechia,捷克,CZ,Karlovy Vary,,Karlovy Vary International
OSR,Leoš Janáček Airport Ostrava,49.696301,18.111099,large_airport,Czechia,捷克,CZ,Mošnov,,Ostrava-Mošnov International Airport
PED,Pardubice Airport,50.015049,15.73981,large_airport,Czechia,捷克,CZ,Pardubice,,Letiště Pardubice
PRV,Přerov Air Base,49.4258,17.404699,medium_airport,Czechia,捷克,CZ,Přerov,,
PRG,Václav Havel Airport Prague,50.100874,14.259911,large_airport,Czechia,捷克,CZ,Prague,,"Letiště Praha-Ruzyně, Ruzyně International Airport, Letiště Václava Havla Praha"
BRQ,Brno-Tuřany Airport,49.151276,16.693972,medium_airport,Czechia,捷克,CZ,Brno,,
VOD,Vodochody Airport,50.216599,14.3958,medium_airport,Czechia,捷克,CZ,Vodochody,,
TLV,Ben Gurion International Airport,32.011398,34.8867,large_airport,Israel,以色列,IL,Tel Aviv,,
ETM,Ramon International Airport,29.727009,35.014116,large_airport,Israel,以色列,IL,Eilat,,
HFA,Uri Michaeli Haifa International Airport,32.810219,35.043719,medium_airport,Israel,以色列,IL,Haifa,,RAF Haifa
RPN,Rosh Pina Airport,32.980999,35.571899,medium_airport,Israel,以色列,IL,Rosh Pina,,Mahanayim Ben Yaakov Airport
MTZ,Bar Yehuda Airfield,31.328199,35.388599,medium_airport,Israel,以色列,IL,Masada,,Masada Airfield
VTM,Nevatim Air Base,31.208299636799996,35.012298584,medium_airport,Israel,以色列,IL,Beersheba,,"Malhata, Be'er Sheva"
MLA,Malta International Airport,35.845932,14.491546,large_airport,Malta,马耳他,MT,Valletta,,"Luqa Airport, Valletta, Gudja, RAF Luqa"
GRZ,Graz Airport,46.9911,15.4396,large_airport,Austria,奥地利,AT,Feldkirchen bei Graz,,"Thalerhof Airport, Fliegerhorst Nittner, Nittner Air Base, Christophorus 12"
INN,Innsbruck Airport,47.260201,11.344,large_airport,Austria,奥地利,AT,Innsbruck,,Kranebitten Airport
KLU,Klagenfurt Airport,46.642502,14.3377,large_airport,Austria,奥地利,AT,Klagenfurt am Wörthersee,,"Kärnten Airport, Christophorus 11"
LNZ,Linz-Hörsching Airport,48.235362,14.188128,large_airport,Austria,奥地利,AT,Linz,,"Blue Danube Airport, Vogler Air Base, Fliegerhorst Vogler, Christophorus 10"
SZG,Salzburg Airport,47.793301,13.0043,large_airport,Austria,奥地利,AT,Salzburg,,Christophorus 6
VIE,Vienna International Airport,48.110298,16.5697,large_airport,Austria,奥地利,AT,Vienna,,
SMA,Santa Maria Airport,36.97140121459961,-25.17060089111328,medium_airport,Portugal,葡萄牙,PT,Vila do Porto,,
BGC,Bragança Airport,41.8578,-6.70713,medium_airport,Portugal,葡萄牙,PT,Bragança,,
BYJ,Beja Airport / Airbase,38.078899,-7.9324,medium_airport,Portugal,葡萄牙,PT,Beja,,"Beja Air Base, Base Aérea de Beja, Base Aérea Nº 11, BA11"
CVU,Corvo Airport,39.671501,-31.1136,small_airport,Portugal,葡萄牙,PT,Corvo,,
CAT,Cascais Airport,38.724998,-9.35523,medium_airport,Portugal,葡萄牙,PT,Cascais,,Tires
FLW,Flores Airport,39.455299377441406,-31.131399154663086,medium_airport,Portugal,葡萄牙,PT,Santa Cruz das Flores,,
FAO,Faro - Gago Coutinho International Airport,37.015909,-7.970939,large_airport,Portugal,葡萄牙,PT,Faro,,
GRW,Graciosa Airport,39.092201232910156,-28.029800415039062,medium_airport,Portugal,葡萄牙,PT,Santa Cruz da Graciosa,,
HOR,Horta Airport,38.519901275634766,-28.715900421142578,medium_airport,Portugal,葡萄牙,PT,Horta,,
TER,Lajes Airport,38.761799,-27.090799,medium_airport,Portugal,葡萄牙,PT,Praia da Vitória,,Terceira Island
FNC,Cristiano Ronaldo International Airport,32.697812,-16.774613,large_airport,Portugal,葡萄牙,PT,Funchal,,"Madeira, Funchal"
PDL,João Paulo II Airport,37.7411994934,-25.6979007721,large_airport,Portugal,葡萄牙,PT,Ponta Delgada,,
PIX,Pico Airport,38.554298,-28.441299,medium_airport,Portugal,葡萄牙,PT,Pico Island,,
PRM,Portimão Airport,37.1493,-8.58396,medium_airport,Portugal,葡萄牙,PT,Portimão,,
OPO,Francisco de Sá Carneiro Airport,41.2481002808,-8.68138980865,large_airport,Portugal,葡萄牙,PT,Porto,,
PXO,Porto Santo Airport,33.0733985901,-16.3500003815,medium_airport,Portugal,葡萄牙,PT,Vila Baleira,,
LIS,Lisbon Humberto Delgado Airport,38.7813,-9.13592,large_airport,Portugal,葡萄牙,PT,Lisbon,,"Lisboa, Portela"
SJZ,São Jorge Airport,38.665501,-28.1758,medium_airport,Portugal,葡萄牙,PT,Velas,,
VRL,Vila Real Airport,41.2743,-7.72047,medium_airport,Portugal,葡萄牙,PT,Vila Real,,
VSE,Aerodromo Goncalves Lobato (Viseu Airport),40.725498,-7.88899,medium_airport,Portugal,葡萄牙,PT,Viseu,,
BNX,Banja Luka International Airport,44.941399,17.297501,large_airport,Bosnia and Herz.,波斯尼亚和黑塞哥维那,BA,Mahovljani,,Mahovljani Airport
OMO,Mostar International Airport,43.282489,17.846101,large_airport,Bosnia and Herz.,波斯尼亚和黑塞哥维那,BA,Mostar,,
SJJ,Sarajevo International Airport,43.8246,18.331499,large_airport,Bosnia and Herz.,波斯尼亚和黑塞哥维那,BA,Sarajevo,,
TZL,Tuzla International Airport,44.459858,18.723627,large_airport,Bosnia and Herz.,波斯尼亚和黑塞哥维那,BA,Dubrave Gornje,,
ARW,Arad International Airport,46.176136,21.264322,medium_airport,Romania,罗马尼亚,RO,Arad,,
BCM,Bacău George Enescu International  Airport,46.5219,26.910299,large_airport,Romania,罗马尼亚,RO,Bacău,,"Bacau, RoAF 95th Air Base"
BAY,Maramureș International Airport,47.658444,23.464445,medium_airport,Romania,罗马尼亚,RO,Tăuții-Măgherăuș,,Baia Mare
BBU,Bucharest Băneasa Aurel Vlaicu International Airport,44.503133,26.102944,large_airport,Romania,罗马尼亚,RO,Bucharest,,"BUH, Băneasa, Aurel Vlaicu International, Bucharest City"
GHV,Brașov-Ghimbav International Airport,45.70558,25.522871,large_airport,Romania,罗马尼亚,RO,Brașov,Brașov (Ghimbav),Aeroportul Internațional Brașov-Ghimbav
CND,Mihail Kogălniceanu International Airport,44.362202,28.4883,large_airport,Romania,罗马尼亚,RO,Constanța,,"Constanța, Mihail Kogalniceanu, RoAF 57th Air Base"
CLJ,Avram Iancu Cluj International Airport,46.786042,23.685733,large_airport,Romania,罗马尼亚,RO,Cluj-Napoca,,Someşeni Airport
CSB,Caransebeş Airport,45.420142,22.252507,medium_airport,Romania,罗马尼亚,RO,Caransebeş,,"Caransebes, Reşiţa"
CRA,Craiova International Airport,44.3181,23.888599,large_airport,Romania,罗马尼亚,RO,Craiova,,
IAS,Iaşi International Airport,47.179633,27.621431,large_airport,Romania,罗马尼亚,RO,Iaşi,,"Iasi, Jassy"
OMR,Oradea International Airport,47.025299,21.9025,large_airport,Romania,罗马尼亚,RO,Oradea,,
OTP,Bucharest Henri Coandă International Airport,44.571792,26.103285,large_airport,Romania,罗马尼亚,RO,Otopeni,,"BUH, Otopeni Airport, RoAF 90th Airlift Base"
SBZ,Sibiu International Airport,45.785841,24.086666,large_airport,Romania,罗马尼亚,RO,Sibiu,,
SUJ,Satu Mare International Airport,47.7033,22.8857,medium_airport,Romania,罗马尼亚,RO,Satu Mare,,
SCV,Suceava Ștefan cel Mare International Airport,47.6875,26.354099,large_airport,Romania,罗马尼亚,RO,Suceava,,
TCE,Tulcea Danube Delta Airport,45.0625,28.7143,medium_airport,Romania,罗马尼亚,RO,Mihail Kogălniceanu,,"Cataloi Airport, Aeroportul Delta Dunării Tulcea"
TGM,Târgu Mureş Transilvania International Airport,46.467701,24.4125,medium_airport,Romania,罗马尼亚,RO,Recea,,"Vidrasau, Vidrasău"
TSR,Timișoara Traian Vuia International Airport,45.809898,21.3379,large_airport,Romania,罗马尼亚,RO,Timişoara,,"RoAF 93rd Air Base, Giarmata Airport, Temesvár, Temeschburg, Temeswar, Temeschwar, Тимишоара, Темишвар, Temišvar, Banat"
GVA,Geneva International Airport,46.238098,6.10895,large_airport,Switzerland,瑞士,CH,Geneva,,Cointrin Airport
SIR,Sion Airport,46.219166,7.326944,medium_airport,Switzerland,瑞士,CH,Sion,,LSMS
EML,Emmen Air Base,47.092444,8.305184,medium_airport,Switzerland,瑞士,CH,Emmen,,
VIP,Payerne Air Base,46.8432,6.91506,medium_airport,Switzerland,瑞士,CH,Payerne,,Payerne Airport
LUG,Lugano Airport,46.004299,8.91058,medium_airport,Switzerland,瑞士,CH,Agno,,
BRN,Bern Airport,46.912736,7.498819,medium_airport,Switzerland,瑞士,CH,Bern,,"LSZB, Belp, Bern-Belp, Bern-Belp Regional Airfield, Regionalflugplatz Bern-Belp"
ZRH,Zürich Airport,47.458056,8.548056,large_airport,Switzerland,瑞士,CH,Zurich,,
ACH,Sankt Gallen Altenrhein Airport,47.485001,9.56077,medium_airport,Switzerland,瑞士,CH,St. Gallen,,
SMV,Engadin Airport,46.5341,9.88411,medium_airport,Switzerland,瑞士,CH,Samedan,,Engadin
ESB,Esenboğa International Airport,40.128101,32.995098,large_airport,Turkey,土耳其,TR,Ankara,,
ANK,Etimesgut Air Base,39.949798584,32.6885986328,medium_airport,Turkey,土耳其,TR,Ankara,,
UAB,İncirlik Air Base,37.002102,35.4259,medium_airport,Turkey,土耳其,TR,Sarıçam,,ADA
AFY,Afyon Air Base,38.726398,30.601101,medium_airport,Turkey,土耳其,TR,Afyonkarahisar,,Afyonkarahisar
AYT,Antalya International Airport,36.898701,30.800501,large_airport,Turkey,土耳其,TR,Antalya,,
GZT,Gaziantep Oğuzeli International Airport,36.947201,37.478699,large_airport,Turkey,土耳其,TR,Gaziantep,,
KFS,Kastamonu Airport,41.314201,33.795799,medium_airport,Turkey,土耳其,TR,Kastamonu,,
KYA,Konya Airport,37.979,32.561901,large_airport,Turkey,土耳其,TR,Konya,,
MZH,Amasya Merzifon Airport,40.829399,35.521999,medium_airport,Turkey,土耳其,TR,Amasya,,
VAS,Sivas Nuri Demirağ Airport,39.813801,36.9035,medium_airport,Turkey,土耳其,TR,Sivas,,
ONQ,Zonguldak Çaycuma Airport,41.506401,32.0886,medium_airport,Turkey,土耳其,TR,Zonguldak,,
MLX,Malatya Erhaç Airport,38.435298919699996,38.0909996033,medium_airport,Turkey,土耳其,TR,Malatya,,
ASR,Kayseri Erkilet International Airport,38.770401,35.495399,large_airport,Turkey,土耳其,TR,Kayseri,,Erkilet
TJK,Tokat Airport,40.32472,36.39056,medium_airport,Turkey,土耳其,TR,Tokat,,
DNZ,Çardak Airport,37.7855987549,29.7012996674,medium_airport,Turkey,土耳其,TR,Denizli,,
NAV,Nevşehir Kapadokya Airport,38.7719,34.5345,large_airport,Turkey,土耳其,TR,Nevşehir,,
ISL,İstanbul Atatürk Airport,40.971913,28.823714,large_airport,Turkey,土耳其,TR,Istanbul,Istanbul(Bakırköy),"Ataturk, Yeşilköy, Yesilkoy"
BZI,Balıkesir Airport,39.619301,27.926001,medium_airport,Turkey,土耳其,TR,Balıkesir,,"Balıkesir Air Base, Balıkesir Central, Balıkesir Merkez"
BDM,Bandırma Airport,40.318001,27.977699,medium_airport,Turkey,土耳其,TR,Bandırma,,
CKZ,Çanakkale Airport,40.1376991272,26.4267997742,medium_airport,Turkey,土耳其,TR,Çanakkale,,
ESK,Eskişehir Air Base,39.7841,30.5821,medium_airport,Turkey,土耳其,TR,Eskişehir,,
ADB,Adnan Menderes International Airport,38.2924,27.157,large_airport,Turkey,土耳其,TR,Gaziemir,,İzmir
IGL,Çiğli Airbase,38.513,27.010099,medium_airport,Turkey,土耳其,TR,Çiğli,,
USQ,Uşak Airport,38.681499,29.471701,medium_airport,Turkey,土耳其,TR,Uşak,,
KCO,Cengiz Topel Airport,40.735001,30.0833,medium_airport,Turkey,土耳其,TR,Kartepe,,
YEI,Bursa Yenişehir Airport,40.255199,29.562599,medium_airport,Turkey,土耳其,TR,Yenişehir,,
DLM,Dalaman International Airport,36.7131,28.7925,large_airport,Turkey,土耳其,TR,Dalaman,,
TEQ,Tekirdağ Çorlu Airport,41.138199,27.9191,medium_airport,Turkey,土耳其,TR,Çorlu,,
AOE,Hasan Polatkan Airport,39.811644,30.519268,large_airport,Turkey,土耳其,TR,Eskişehir,,Anadolu Airport
KZR,Zafer Airport,39.111107,30.130405,medium_airport,Turkey,土耳其,TR,Altıntaş,,
EZS,Elazığ Airport,38.597974,39.28348,medium_airport,Turkey,土耳其,TR,Elazığ,,
OGU,Ordu–Giresun Airport,40.966872,38.085995,medium_airport,Turkey,土耳其,TR,Ordu,,
DIY,Diyarbakır Airport,37.893902,40.201,medium_airport,Turkey,土耳其,TR,Diyarbakır,,
ERC,Erzincan Airport,39.7102012634,39.527000427199994,medium_airport,Turkey,土耳其,TR,Erzincan,,
ERZ,Erzurum International Airport,39.956501,41.1702,medium_airport,Turkey,土耳其,TR,Erzurum,,
KSY,Kars Airport,40.562198638916016,43.1150016784668,medium_airport,Turkey,土耳其,TR,Kars,,
TZX,Trabzon International Airport,40.995098,39.7897,medium_airport,Turkey,土耳其,TR,Trabzon,,
VAN,Van Ferit Melen Airport,38.46820068359375,43.332298278808594,medium_airport,Turkey,土耳其,TR,Van,,
BAL,Batman Airport,37.929001,41.1166,medium_airport,Turkey,土耳其,TR,Batman,,
MSR,Muş Airport,38.747798919677734,41.66120147705078,medium_airport,Turkey,土耳其,TR,Muş,,
SXZ,Siirt Airport,37.97890090942383,41.84040069580078,medium_airport,Turkey,土耳其,TR,Siirt,,
NOP,Sinop Airport,42.018313,35.071774,medium_airport,Turkey,土耳其,TR,Sinop,,SIC
KCM,Kahramanmaraş Airport,37.5388259888,36.9535217285,medium_airport,Turkey,土耳其,TR,Kahramanmaraş,,
AJI,Ağrı Airport,39.655642,43.025742,medium_airport,Turkey,土耳其,TR,Ağrı,,
ADF,Adıyaman Airport,37.7314,38.468899,medium_airport,Turkey,土耳其,TR,Adıyaman,,
MQM,Mardin Airport,37.223300933800004,40.6316986084,medium_airport,Turkey,土耳其,TR,Mardin,,
GNY,Şanlıurfa GAP Airport,37.445663,38.895592,large_airport,Turkey,土耳其,TR,Şanlıurfa,,
IGD,Iğdır Airport,39.976627,43.876648,medium_airport,Turkey,土耳其,TR,Iğdır,,
BGG,Bingöl Airport,38.860131,40.594489,medium_airport,Turkey,土耳其,TR,Bingöl,,Çeltiksuyu
NKT,Şırnak Şerafettin Elçi Airport,37.3647,42.0582,medium_airport,Turkey,土耳其,TR,Şırnak,,
YKO,Hakkari Yüksekova Airport,37.5497,44.2381,medium_airport,Turkey,土耳其,TR,Hakkari,,
HTY,Hatay Airport,36.36079,36.285589,medium_airport,Turkey,土耳其,TR,Antakya,,"hatay, antakya, samandag"
COV,Çukurova International Airport,36.891478,35.071235,large_airport,Turkey,土耳其,TR,Tarsus,,Çukurova International Airport
ISE,Süleyman Demirel International Airport,37.8554,30.368401,medium_airport,Turkey,土耳其,TR,Isparta,,
EDO,Balıkesir Koca Seyit Airport,39.552533,27.010192,large_airport,Turkey,土耳其,TR,Edremit,,
BJV,Milas Bodrum International Airport,37.249314,27.66401,large_airport,Turkey,土耳其,TR,Bodrum,,
GZP,Gazipaşa-Alanya Airport,36.298832,32.297017,medium_airport,Turkey,土耳其,TR,Gazipaşa,,
SZF,Samsun-Çarşamba Airport,41.253988,36.567546,medium_airport,Turkey,土耳其,TR,Samsun,,
SAW,Istanbul Sabiha Gökçen International Airport,40.898602,29.3092,large_airport,Turkey,土耳其,TR,"Pendik, Istanbul",,Sabiha Gökçen Havalimanı
IST,İstanbul Airport,41.274874,28.732136,large_airport,Turkey,土耳其,TR,Istanbul,,Arnavutköy
RZV,Rize–Artvin Airport,41.179766,40.848802,medium_airport,Turkey,土耳其,TR,Rize,,
BZY,Bălți-Leadoveni International Airport,47.837666,27.781108,medium_airport,Moldova,摩尔多瓦,MD,Bălți,,"Beltsy International Airport, Lyadoveny Airport, Leadoveny Airport, Lyadoveni Airport, Leadoveni Airport, Аэропорт Бельцы"
RMO,Chişinău International Airport,46.92774,28.931704,large_airport,Moldova,摩尔多瓦,MD,Chişinău,,KIV
OHD,Ohrid St. Paul the Apostle Airport,41.18,20.7423,large_airport,North Macedonia,北马其顿,MK,Ohrid,,
SKP,Skopje International Airport,41.958087,21.622581,large_airport,North Macedonia,北马其顿,MK,Ilinden,,Petrovec
GIB,Gibraltar Airport,36.151679,-5.34978,large_airport,Gibraltar,直布罗陀,GI,Gibraltar,,
BCQ,Brak Airport,27.653,14.272,medium_airport,Libya,利比亚,LY,Brak,,Brach
BEG,Belgrade Nikola Tesla Airport,44.818401,20.309099,large_airport,Serbia,塞尔维亚,RS,Belgrade,,"Beograd, Surčin Airport"
BJY,Batajnica Air Base,44.935299,20.2575,medium_airport,Serbia,塞尔维亚,RS,Zemun,,Batajnica Colonel Milenko Pavlović Air Base
KVO,Morava Airport,43.817519,20.586662,medium_airport,Serbia,塞尔维亚,RS,Kraljevo,,Lađevci Airport
INI,Niš Constantine the Great Airport,43.336538,21.856242,large_airport,Serbia,塞尔维亚,RS,Niš,,Aerodrom Konstantin Veliki Niš
TGD,Podgorica Airport / Podgorica Golubovci Airbase,42.359402,19.2519,large_airport,Montenegro,黑山,ME,Podgorica,,"Podgorica Airbase, Golubovci Airbase, Аеродром Подгорица, Aerodrom Podgorica"
TIV,Tivat Airport,42.404701,18.723301,medium_airport,Montenegro,黑山,ME,Tivat,,"Аеродром Тиват, Aerodrom Tivat, Zračna luka Tivat"
UZC,Ponikve Airport,43.898899,19.697701,medium_airport,Serbia,塞尔维亚,RS,Stapari,,"Аеродром Ужице-Поникве, Lepa Glava, Užice"
LZG,Langzhong Gucheng Airport,31.50191,106.034417,medium_airport,China,中华人民共和国,CN,Nanchong,Nanchong (Langzhong),
BTS,M. R. Štefánik Airport,48.1702,17.2127,large_airport,Slovakia,斯洛伐克,SK,Bratislava,,
KSC,Košice International Airport,48.663101,21.2411,medium_airport,Slovakia,斯洛伐克,SK,Košice,,
PZY,Piešťany Airport,48.62519836425781,17.828399658203125,medium_airport,Slovakia,斯洛伐克,SK,Piešťany,,
SLD,Sliač Airport,48.63779830932617,19.13409996032715,medium_airport,Slovakia,斯洛伐克,SK,Sliač,,
TAT,Poprad-Tatry Airport,49.070994,20.241394,medium_airport,Slovakia,斯洛伐克,SK,Poprad,,
ILZ,Žilina-Dolný Hričov Airport,49.233292,18.613386,medium_airport,Slovakia,斯洛伐克,SK,Dolný Hričov,,
GDT,JAGS McCartney International Airport,21.4445,-71.142303,medium_airport,Turks and Caicos Is.,特克斯和凯科斯群岛,TC,Cockburn Town,,
NCA,North Caicos Airport,21.916094,-71.942954,medium_airport,Turks and Caicos Is.,特克斯和凯科斯群岛,TC,North Caicos,,
PLS,Providenciales International Airport,21.773697,-72.268321,large_airport,Turks and Caicos Is.,特克斯和凯科斯群岛,TC,Providenciales,,
XSC,South Caicos Airport,21.515699,-71.528503,medium_airport,Turks and Caicos Is.,特克斯和凯科斯群岛,TC,South Caicos,,
SLX,Salt Cay Airport,21.333000183099998,-71.1999969482,small_airport,Turks and Caicos Is.,特克斯和凯科斯群岛,TC,Salt Cay,,
BRX,Maria Montez International Airport,18.25149917602539,-71.12039947509766,medium_airport,Dominican Rep.,多米尼加,DO,Barahona,,
CBJ,Cabo Rojo Airport,17.929000854492188,-71.6447982788086,medium_airport,Dominican Rep.,多米尼加,DO,Cabo Rojo,,
AZS,Samaná El Catey International Airport,19.269259,-69.737405,medium_airport,Dominican Rep.,多米尼加,DO,Samana,,
JBQ,La Isabela International Airport,18.572500228881836,-69.98560333251953,medium_airport,Dominican Rep.,多米尼加,DO,La Isabela,,"MDLI, SDI, Dr Joaquin Balaguer International Airport"
LRM,Casa De Campo International Airport,18.452222,-68.911111,large_airport,Dominican Rep.,多米尼加,DO,La Romana,,
PUJ,Punta Cana International Airport,18.567093,-68.364558,large_airport,Dominican Rep.,多米尼加,DO,Punta Cana,,
POP,Gregorio Luperon International Airport,19.7579,-70.57,medium_airport,Dominican Rep.,多米尼加,DO,Puerto Plata,,La Union
SDQ,Las Américas International Airport,18.42970085144,-69.668899536133,large_airport,Dominican Rep.,多米尼加,DO,Santo Domingo,,"Aeropuerto Internacional de Las Américas, José Francisco Peña Gómez Intl"
STI,Cibao International Airport,19.40406,-70.604431,large_airport,Dominican Rep.,多米尼加,DO,Santiago,,
CBV,Coban Airport,15.469,-90.4067,medium_airport,Guatemala,危地马拉,GT,Coban,,
GUA,La Aurora International Airport,14.582896,-90.527515,large_airport,Guatemala,危地马拉,GT,Guatemala City,,
HUG,Huehuetenango Airport,15.316667,-91.505556,small_airport,Guatemala,危地马拉,GT,Huehuetenango,,
PBR,Puerto Barrios Airport,15.7309,-88.583801,medium_airport,Guatemala,危地马拉,GT,Puerto Barrios,,
AAZ,Quezaltenango Airport,14.8656,-91.501999,small_airport,Guatemala,危地马拉,GT,Quezaltenango,,"Los Altos Airport, Xelajú , Xela"
RUV,Rubelsanto Airport,15.992,-90.445297,medium_airport,Guatemala,危地马拉,GT,Rubelsanto,,
RER,Retalhuleu Airport,14.521431,-91.697001,medium_airport,Guatemala,危地马拉,GT,Retalhuleu,,
GSJ,San José Airport,13.9362,-90.8358,medium_airport,Guatemala,危地马拉,GT,Puerto San José,,
FRS,Mundo Maya International Airport,16.913707,-89.866143,medium_airport,Guatemala,危地马拉,GT,San Benito,,Flores International Airport
UJE,Ujae Atoll Airport,8.92806,165.761993,small_airport,Marshall Is.,马绍尔群岛,MH,Ujae Atoll,,
AUL,Aur Island Airport,8.14528,171.173004,small_airport,Marshall Is.,马绍尔群岛,MH,Aur Atoll,,
JEJ,Jeh Airport,7.565350055690001,168.962005615,small_airport,Marshall Is.,马绍尔群岛,MH,Ailinglapalap Atoll,,
LIK,Likiep Airport,9.82316,169.307999,small_airport,Marshall Is.,马绍尔群岛,MH,Likiep Island,,
MJE,Majkin Airport,8.163362,168.173862,small_airport,Marshall Is.,马绍尔群岛,MH,Majkin,,
RNP,Rongelap Island Airport,11.1572,166.886993,small_airport,Marshall Is.,马绍尔群岛,MH,Rongelap Island,,
UIT,Jaluit Airport,5.909213,169.637256,small_airport,Marshall Is.,马绍尔群岛,MH,Jabor Jaluit Atoll,,
WTE,Wotje Airport,9.458333,170.238611,small_airport,Marshall Is.,马绍尔群岛,MH,Wotje,,
WTO,Wotho Island Airport,10.1733,166.003006,small_airport,Marshall Is.,马绍尔群岛,MH,Wotho Island,,
LCE,Golosón International Airport,15.7425,-86.852997,medium_airport,Honduras,洪都拉斯,HN,La Ceiba,,"Hector C. Moncada Air Base, Guillermo Anderson International Airport"
SAP,Ramón Villeda Morales International Airport,15.4526,-87.923599,large_airport,Honduras,洪都拉斯,HN,San Pedro Sula,,
GJA,La Laguna Airport,16.4454,-85.906601,medium_airport,Honduras,洪都拉斯,HN,Guanaja,,
PEU,Puerto Lempira Airport,15.2622,-83.781197,small_airport,Honduras,洪都拉斯,HN,Puerto Lempira,,
RTB,Juan Manuel Gálvez International Airport,16.316799,-86.523003,large_airport,Honduras,洪都拉斯,HN,Coxen Hole,,"Roatán, Roatan International"
XPL,Palmerola International Airport,14.3824,-87.621201,large_airport,Honduras,洪都拉斯,HN,Palmerola,,"Comayagua International, MHSC, Soto Cano, Palmerola Air Base, José Enrique Soto Cano Air Base, Tegucigalpa"
TEA,Tela Airport,15.7759,-87.4758,medium_airport,Honduras,洪都拉斯,HN,Tela,,
TGU,Toncontín Airport,14.0609,-87.217201,medium_airport,Honduras,洪都拉斯,HN,Tegucigalpa,,Teniente Coronel Hernán Acosta Mejía Airport
TJI,Trujillo Airport,15.926599,-85.938573,medium_airport,Honduras,洪都拉斯,HN,Trujillo,,
UII,Utila Airport,16.1131,-86.880302,small_airport,Honduras,洪都拉斯,HN,Utila Island,,
OCJ,Ian Fleming International Airport,18.404079,-76.969754,medium_airport,Jamaica,牙买加,JM,Boscobel,,Boscobel Aerodrome
KIN,Norman Manley International Airport,17.935699462890625,-76.7874984741211,large_airport,Jamaica,牙买加,JM,Kingston,,
MBJ,Sangster International Airport,18.50342,-77.91323,large_airport,Jamaica,牙买加,JM,Montego Bay,,Montego Bay
POT,Ken Jones Airport,18.1987991333,-76.53450012210001,medium_airport,Jamaica,牙买加,JM,Ken Jones,,
KTP,Tinson Pen Airport,17.98859977722168,-76.82379913330078,medium_airport,Jamaica,牙买加,JM,Tinson Pen,,
MIJ,Mili Island Airport,6.084754,171.731419,small_airport,Marshall Is.,马绍尔群岛,MH,Mili Island,,
ACA,General Juan N. Álvarez International Airport,16.757126,-99.753113,large_airport,Mexico,墨西哥,MX,Acapulco,,Acapulco International Airport
NTR,Del Norte International Airport,25.865601,-100.237,medium_airport,Mexico,墨西哥,MX,Monterrey,,BAM 14 Monterrey/Apodaca
AGU,Aguascalientes International Airport,21.699589,-102.318372,large_airport,Mexico,墨西哥,MX,Aguascalientes,,"Jesús Terán Peredo International Airport, Licenciado Jesús Terán Peredo, Aeropuerto Internacional Jesús Terán Peredo"
HUX,Bahías de Huatulco International Airport,15.775437,-96.260456,large_airport,Mexico,墨西哥,MX,Huatulco,,
CVJ,General Mariano Matamoros International Airport,18.833922,-99.261818,medium_airport,Mexico,墨西哥,MX,Temixco,,Aeropuerto Internacional Mariano Matamoros
ACN,Ciudad Acuña International Airport,29.333662,-101.100555,medium_airport,Mexico,墨西哥,MX,Ciudad Acuña,,
CME,Ciudad del Carmen International Airport,18.651516,-91.799355,medium_airport,Mexico,墨西哥,MX,Ciudad del Carmen,,
CUL,Bachigualato Federal International Airport,24.76504,-107.475228,large_airport,Mexico,墨西哥,MX,Culiacán,,"Federal de Bachigualato International Airport, Culiacán International Airport"
CTM,Chetumal International Airport,18.504985,-88.328018,medium_airport,Mexico,墨西哥,MX,Chetumal,,Aeropuerto Internacional de Chetumal
CEN,Ciudad Obregón International Airport,27.39259910583496,-109.83300018310547,medium_airport,Mexico,墨西哥,MX,Ciudad Obregón,,
CPE,Ingeniero Alberto Acuña Ongay International Airport,19.815969,-90.500125,medium_airport,Mexico,墨西哥,MX,Campeche,,
CJS,Abraham González International Airport,31.636673,-106.428533,large_airport,Mexico,墨西哥,MX,Ciudad Juárez,,
CUU,General Roberto Fierro Villalobos International Airport,28.702649,-105.963764,large_airport,Mexico,墨西哥,MX,Chihuahua,,
CVM,General Pedro Jose Mendez International Airport,23.7033,-98.956497,medium_airport,Mexico,墨西哥,MX,Ciudad Victoria,,
CYW,Captain Rogelio Castillo National Airport,20.545998,-100.886539,medium_airport,Mexico,墨西哥,MX,Celaya,,Aeropuerto Nacional Capitan Rogelio Castillo
CZM,Cozumel International Airport,20.514922,-86.928538,large_airport,Mexico,墨西哥,MX,Cozumel,,
CUA,Ciudad Constitución National Airport,25.053801,-111.614998,small_airport,Mexico,墨西哥,MX,Comondú,,"MM71, Cap. Jaime Emilio Real Cossio"
DGO,General Guadalupe Victoria International Airport,24.125468,-104.527938,medium_airport,Mexico,墨西哥,MX,Durango,,Aeropuerto Internacional General Guadalupe Victoria
TPQ,Amado Nervo National Airport,21.419833,-104.842472,medium_airport,Mexico,墨西哥,MX,Tepic,,Tepic Airport
ESE,Ensenada International Airport / El Ciprés Air Base,31.794516,-116.602384,medium_airport,Mexico,墨西哥,MX,Ensenada,,"""El Ciprés"" Military Airbase Number 3, Gral. Alberto L. Salinas Carranza, Aeropuerto Internacional de Ensenada"
GDL,Guadalajara International Airport,20.523342,-103.310108,large_airport,Mexico,墨西哥,MX,Guadalajara,,Miguel Hidalgo y Costilla Guadalajara
GYM,General José María Yáñez International Airport,27.9689998626709,-110.92500305175781,medium_airport,Mexico,墨西哥,MX,Guaymas,,
GUB,Guerrero Negro Airport,28.0261,-114.024002,small_airport,Mexico,墨西哥,MX,San Quintín,,MM58
HMO,General Ignacio L. Pesqueira International Airport,29.092811,-111.053015,large_airport,Mexico,墨西哥,MX,Hermosillo,,
CLQ,Licenciado Miguel de la Madrid International Airport,19.277,-103.577002,medium_airport,Mexico,墨西哥,MX,Colima,,"Aeropuerto Internacional Licenciado Miguel de la Madrid, Colima Airport"
SLW,Plan de Guadalupe International Airport,25.53786,-100.928346,medium_airport,Mexico,墨西哥,MX,Saltillo,,Saltillo International Airport
IZT,General Antonio Cárdenas Rodríguez National Airport / Ixtepec Air Base,16.445961,-95.093708,medium_airport,Mexico,墨西哥,MX,Ixtepec,,Aeropuerto Nacional General Antonio Cárdenas Rodríguez
JAL,El Lencero Airport,19.475107,-96.797008,medium_airport,Mexico,墨西哥,MX,Emiliano Zapata,,Xalapa
LZC,Lázaro Cárdenas Airport,18.001672,-102.220316,medium_airport,Mexico,墨西哥,MX,Lázaro Cárdenas,,
LMM,Valle del Fuerte International Airport,25.685503,-109.081159,medium_airport,Mexico,墨西哥,MX,Los Mochis,,
BJX,Guanajuato International Airport,20.992695,-101.480284,large_airport,Mexico,墨西哥,MX,Silao,,"Del Bajío International Airport, León/Bajío International Airport"
LAP,Manuel Márquez de León International Airport,24.072331,-110.362662,medium_airport,Mexico,墨西哥,MX,La Paz,,
LTO,Loreto International Airport,25.989549,-111.348408,large_airport,Mexico,墨西哥,MX,Loreto,,
MAM,General Servando Canales International Airport,25.7698993683,-97.5252990723,medium_airport,Mexico,墨西哥,MX,Matamoros,,
MID,Manuel Crescencio Rejón International Airport,20.930485,-89.645462,large_airport,Mexico,墨西哥,MX,Mérida,,
MXL,General Rodolfo Sánchez Taboada International Airport,32.630629,-115.242805,medium_airport,Mexico,墨西哥,MX,Mexicali,,"Mexicali Airport, Aeropuerto Internacional Gral. Rodolfo Sánchez Taboada"
MLM,General Francisco J. Mujica International Airport,19.849899,-101.025002,large_airport,Mexico,墨西哥,MX,Morelia,,
MTT,Minatitlán/Coatzacoalcos International Airport,18.103399,-94.580704,medium_airport,Mexico,墨西哥,MX,Cosoleacaque,,
LOV,Monclova International Airport,26.9557,-101.470001,medium_airport,Mexico,墨西哥,MX,Monclova,,
MEX,Mexico City Benito Juárez International Airport,19.435822,-99.07033,large_airport,Mexico,墨西哥,MX,Mexico City,,"AICM, Ciudad de México"
MTY,Monterrey International Airport,25.778521,-100.106989,large_airport,Mexico,墨西哥,MX,Monterrey,,"General Mariano Escobedo, Apodaca"
MZT,General Rafael Buelna International Airport,23.162823,-106.264517,large_airport,Mexico,墨西哥,MX,Mazatlàn,,
NOG,Nogales International Airport,31.225756,-110.976934,medium_airport,Mexico,墨西哥,MX,Nogales,,
NLD,Quetzalcóatl International Airport,27.443899,-99.570503,medium_airport,Mexico,墨西哥,MX,Nuevo Laredo,,
OAX,Xoxocotlán International Airport,16.998773,-96.726092,large_airport,Mexico,墨西哥,MX,Oaxaca,,"Aeropuerto Internacional Xoxocotlán, Oaxaca International Airport"
PAZ,El Tajín National Airport,20.6026992798,-97.46080017090001,medium_airport,Mexico,墨西哥,MX,Poza Rica,,
PBC,Hermanos Serdán International Airport,19.158465,-98.371582,large_airport,Mexico,墨西哥,MX,Puebla,,"Aeropuerto Internacional Hermanos Serdán, Puebla International Airport"
PPE,Mar de Cortés International Airport,31.351987,-113.305177,small_airport,Mexico,墨西哥,MX,Puerto Peñasco,,
PDS,Piedras Negras International Airport,28.627873,-100.53524,medium_airport,Mexico,墨西哥,MX,Piedras Negras,,
UPN,Uruapan - Licenciado y General Ignacio Lopez Rayon International Airport,19.3967,-102.039001,medium_airport,Mexico,墨西哥,MX,Uruapan,,
PVR,Puerto Vallarta International Airport,20.679913,-105.254391,large_airport,Mexico,墨西哥,MX,Puerto Vallarta,,Licenciado Gustavo Díaz Ordaz
PXM,Puerto Escondido International Airport,15.876808,-97.0891,medium_airport,Mexico,墨西哥,MX,Puerto Escondido,,Aeropuerto Internacional de Puerto Escondido
QRO,Querétaro Intercontinental Airport,20.618779,-100.186449,large_airport,Mexico,墨西哥,MX,Querétaro,,
REX,General Lucio Blanco International Airport,26.0089,-98.2285,medium_airport,Mexico,墨西哥,MX,Reynosa,,
SJD,Los Cabos International Airport,23.151919,-109.720731,large_airport,Mexico,墨西哥,MX,San José del Cabo,,
CSW,Cabo San Lucas International Airport,22.949072,-109.939479,medium_airport,Mexico,墨西哥,MX,Cabo San Lucas,,MM15
NLU,Felipe Ángeles International Airport,19.743824,-99.01507,large_airport,Mexico,墨西哥,MX,Mexico City,,"Santa Lucia AFB, Mexico City Santa Lucía Airport, Zumpango, Aeropuerto Internacional General Felipe Ángeles"
SLP,Ponciano Arriaga International Airport,22.262026,-100.935692,medium_airport,Mexico,墨西哥,MX,San Luis Potosí,,Estafeta
TRC,Francisco Sarabia Tinoco International Airport,25.562265,-103.404608,medium_airport,Mexico,墨西哥,MX,Torreón,,
TGZ,Angel Albino Corzo International Airport,16.561611,-93.025731,medium_airport,Mexico,墨西哥,MX,Tuxtla Gutiérrez,,Tuxtla Gutiérrez International Airport
TIJ,General Abelardo L. Rodriguez International Airport,32.541043,-116.969976,large_airport,Mexico,墨西哥,MX,Tijuana,,
TQO,Felipe Carrillo Puerto International Airport Tulum,20.172098,-87.660272,large_airport,Mexico,墨西哥,MX,Tulum,,
TAM,General Francisco Javier Mina International Airport,22.292622,-97.867058,medium_airport,Mexico,墨西哥,MX,Ciudad Madero,,Tampico
TLC,Adolfo López Mateos International Airport,19.3369,-99.56583,large_airport,Mexico,墨西哥,MX,Toluca,,Aeropuerto Internacional Adolfo López Mateos
TAP,Tapachula International Airport,14.794549,-92.369871,medium_airport,Mexico,墨西哥,MX,Tapachula,,Aeropuerto Internacional de Tapachula
CUN,Cancún International Airport,21.040817,-86.87347,large_airport,Mexico,墨西哥,MX,Cancún,,
VSA,Carlos Rovirosa Pérez International Airport,17.994283,-92.818199,large_airport,Mexico,墨西哥,MX,Villahermosa,,Villahermosa International Airport
VER,General Heriberto Jara International Airport,19.139589,-96.188602,large_airport,Mexico,墨西哥,MX,Veracruz,,
ZCL,General Leobardo C. Ruiz International Airport,22.894942,-102.687154,medium_airport,Mexico,墨西哥,MX,Zacatecas,,"Zacatecas International Airport, Aeropuerto Internacional General Leobardo C. Ruiz"
ZIH,Ixtapa-Zihuatanejo International Airport,17.601771,-101.460629,large_airport,Mexico,墨西哥,MX,Ixtapa,,Aeropuerto Internacional de Zihuatanejo
ZLO,Playa de Oro International Airport,19.1448,-104.558998,medium_airport,Mexico,墨西哥,MX,Manzanillo,,"Manzanillo Costalegre, Aeropuerto Internacional Playa de Oro"
BEF,Bluefields Airport,11.991,-83.774101,medium_airport,Nicaragua,尼加拉瓜,NI,Bluefields,,
RNI,Corn Island Airport,12.174785,-83.059445,small_airport,Nicaragua,尼加拉瓜,NI,Corn Island,,
MGA,Augusto C. Sandino (Managua) International Airport,12.1415,-86.168198,large_airport,Nicaragua,尼加拉瓜,NI,Managua,,
PUZ,Puerto Cabezas Airport,14.047200202941895,-83.38670349121094,medium_airport,Nicaragua,尼加拉瓜,NI,Puerto Cabezas,,
MOH,Maleo Airport,-2.201143,121.662884,small_airport,Indonesia,印度尼西亚,ID,Morowali,,
BOC,"Bocas del Toro ""Isla Colón"" International Airport",9.34085,-82.250801,medium_airport,Panama,巴拿马,PA,Isla Colón,,Jose Ezequiel Hall
CTD,Alonso Valderrama Airport,7.98784,-80.409837,medium_airport,Panama,巴拿马,PA,Chitré,,
CHX,Changuinola Captain Manuel Niño International Airport,9.458962,-82.515062,medium_airport,Panama,巴拿马,PA,Changuinola,,
DAV,Enrique Malek International Airport,8.388983,-82.436425,medium_airport,Panama,巴拿马,PA,David,,
ONX,Enrique Adolfo Jimenez Airport,9.35664,-79.867401,medium_airport,Panama,巴拿马,PA,Colón,,
BLB,Panamá Pacífico International Airport,8.91479,-79.599602,small_airport,Panama,巴拿马,PA,Panamá City,,"HOW, Howard Air Force Base, Panama Pacifico"
PAC,Marcos A. Gelabert International Airport,8.97334,-79.555603,medium_airport,Panama,巴拿马,PA,Albrook,,Balboa. Albrook AFS. MPLB
PDM,Capt. J. Montenegro Airport,7.534801,-80.043347,small_airport,Panama,巴拿马,PA,Pedasí,,
SYP,Ruben Cantu Airport,8.085599899291992,-80.94529724121094,medium_airport,Panama,巴拿马,PA,Santiago,,Santiago
RIH,Scarlett Martinez International Airport,8.375880241394,-80.127899169922,small_airport,Panama,巴拿马,PA,Río Hato,,"MPRH, Río Hato Army Air Base, Captain Scarlett Martinez"
PTY,Tocumen International Airport,9.07136,-79.383499,large_airport,Panama,巴拿马,PA,Tocumen,,La Joya No 1
FON,La Fortuna Arenal Airport,10.469311,-84.579073,medium_airport,Costa Rica,哥斯达黎加,CR,La Fortuna,,El Tanque Airport
BAI,Buenos Aires Airport,9.163949,-83.330171,medium_airport,Costa Rica,哥斯达黎加,CR,Punta Arenas,,
BCL,Barra del Colorado Airport,10.7687,-83.585602,medium_airport,Costa Rica,哥斯达黎加,CR,Pococi,,
OTR,Coto 47 Airport,8.60156,-82.968754,medium_airport,Costa Rica,哥斯达黎加,CR,Corredores,,
GLF,Golfito Airport,8.65401,-83.182198,medium_airport,Costa Rica,哥斯达黎加,CR,Golfito,,
GPL,Guapiles Airport,10.2172002792,-83.79699707030001,medium_airport,Costa Rica,哥斯达黎加,CR,Pococi,,
LIR,Daniel Oduber Quirós International Airport,10.5933,-85.544403,large_airport,Costa Rica,哥斯达黎加,CR,Liberia,,"Guanacaste, Liberia International"
LSL,Los Chiles Airport,11.0353,-84.7061,medium_airport,Costa Rica,哥斯达黎加,CR,Los Chiles,,
LIO,Limón International Airport,9.95796,-83.022003,medium_airport,Costa Rica,哥斯达黎加,CR,Limón,,
NOB,Nosara Airport,9.976490020750001,-85.65299987790002,medium_airport,Costa Rica,哥斯达黎加,CR,Nicoya,,
SJO,Juan Santamaría International Airport,9.99386,-84.208801,large_airport,Costa Rica,哥斯达黎加,CR,San José,San José (Alajuela),
PJM,Puerto Jimenez Airport,8.533329963684082,-83.30000305175781,medium_airport,Costa Rica,哥斯达黎加,CR,Puerto Jimenez,,Corcovado National Park
PMZ,Palmar Sur Airport,8.95103,-83.468597,medium_airport,Costa Rica,哥斯达黎加,CR,Palmar Sur,,
SYQ,Tobías Bolaños International Airport,9.95705,-84.139801,medium_airport,Costa Rica,哥斯达黎加,CR,San Jose,,Aeropuerto Internacional Tobías Bolaños Palma
XQP,Quepos Managua Airport,9.44316,-84.129799,medium_airport,Costa Rica,哥斯达黎加,CR,Quepos,,
UPL,Upala Airport,10.8922,-85.016197,medium_airport,Costa Rica,哥斯达黎加,CR,Upala,,
SAL,El Salvador International Airport Saint Óscar Arnulfo Romero y Galdámez,13.44447,-89.055784,large_airport,El Salvador,萨尔瓦多,SV,San Salvador,San Salvador (San Luis Talpa),"Monseñor Óscar Arnulfo Romero International Airport, Comalapa International Airport"
ILS,Ilopango International Airport,13.6995,-89.119904,medium_airport,El Salvador,萨尔瓦多,SV,San Salvador,,
CYA,Antoine-Simon International Airport,18.271099,-73.7883,medium_airport,Haiti,海地,HT,Les Cayes,,
CAP,Cap Haitien International Airport,19.725547,-72.20071,large_airport,Haiti,海地,HT,Cap Haitien,,
JAK,Jacmel Airport,18.2411,-72.518501,medium_airport,Haiti,海地,HT,Jacmel,,
JEE,Jérémie Airport,18.663099,-74.170303,medium_airport,Haiti,海地,HT,Carrefour Sanon,,
PAP,Toussaint Louverture International Airport,18.580023,-72.292596,large_airport,Haiti,海地,HT,Port-au-Prince,,
PAX,Port-de-Paix Airport,19.934045,-72.84801,medium_airport,Haiti,海地,HT,Port-de-Paix,,
BCA,Gustavo Rizo Airport,20.365299224853516,-74.5062026977539,medium_airport,Cuba,古巴,CU,Baracoa,,
BYM,Carlos Manuel de Cespedes Airport,20.3964,-76.621399,medium_airport,Cuba,古巴,CU,Bayamo,,
AVI,Máximo Gómez Airport,22.0271,-78.789597,medium_airport,Cuba,古巴,CU,Ciro Redondo,,Ciego de Ávila
CCC,Jardines Del Rey Airport,22.461000442499998,-78.32839965820001,medium_airport,Cuba,古巴,CU,Cayo Coco,,Cayo Coco
CFG,Jaime Gonzalez Airport,22.149999618530273,-80.41419982910156,medium_airport,Cuba,古巴,CU,Cienfuegos,,Las Villas Airport
CYO,Vilo Acuña International Airport,21.6165008545,-81.5459976196,medium_airport,Cuba,古巴,CU,Cayo Largo del Sur,,
CMW,Ignacio Agramonte International Airport,21.419909,-77.848039,large_airport,Cuba,古巴,CU,Camaguey,,
SCU,Antonio Maceo International Airport,19.97474,-75.835504,large_airport,Cuba,古巴,CU,Santiago,,
NBW,Leeward Point Field,19.9065,-75.2071,medium_airport,Cuba,古巴,CU,Guantanamo Bay Naval Station,,"Gitmo, Leeward Point Fld"
GAO,Mariana Grajales Airport,20.0853,-75.158302,medium_airport,Cuba,古巴,CU,Guantánamo,,Aerodromo los Caños
HAV,José Martí International Airport,22.989200592041016,-82.40910339355469,large_airport,Cuba,古巴,CU,Havana,,Habana
HOG,Frank Pais International Airport,20.785148,-76.315526,large_airport,Cuba,古巴,CU,Holguin,,
VRO,Kawama Airport,23.124001,-81.301598,medium_airport,Cuba,古巴,CU,Santa Marta,,Varadero
MOA,Orestes Acosta Airport,20.653900146484375,-74.92220306396484,medium_airport,Cuba,古巴,CU,Moa,,
MZO,Sierra Maestra International Airport,20.288605,-77.087545,medium_airport,Cuba,古巴,CU,Manzanillo,,
GER,Rafael Cabrera Airport,21.834699630737305,-82.78379821777344,medium_airport,Cuba,古巴,CU,Nueva Gerona,,
UPB,Playa Baracoa Airport,23.032801,-82.579399,medium_airport,Cuba,古巴,CU,Havana,,
SNU,Abel Santamaria International Airport,22.492215,-79.943119,large_airport,Cuba,古巴,CU,Santa Clara,,
SNJ,San Julián Air Base,22.100525,-84.157376,medium_airport,Cuba,古巴,CU,Sandino,,
SZJ,Siguanea Airport,21.6425,-82.955101,medium_airport,Cuba,古巴,CU,Isla de la Juventud,,
TND,Alberto Delgado Airport,21.7883,-79.9972,medium_airport,Cuba,古巴,CU,Trinidad,,
VRA,Juan Gualberto Gomez International Airport,23.034401,-81.435303,large_airport,Cuba,古巴,CU,Matanzas,,Varadero
VTU,Hermanos Ameijeiras Airport,20.9876,-76.935799,medium_airport,Cuba,古巴,CU,Las Tunas,,
FMT,Faresmaathoda Airport,0.192647,73.196755,small_airport,Maldives,马尔代夫,MV,Faresmaathodaa,,
CYB,Charles Kirkconnell International Airport,19.687,-79.882797,medium_airport,Cayman Is.,开曼群岛,KY,West End,,
LYB,Edward Bodden Little Cayman Airfield,19.660161,-80.088826,medium_airport,Cayman Is.,开曼群岛,KY,Blossom Village,,Little Cayman Airport
GCM,Owen Roberts International Airport,19.292801,-81.357697,large_airport,Cayman Is.,开曼群岛,KY,George Town,,"Grand Cayman, George Town"
LBP,Long Banga Airport,3.202138,115.401811,small_airport,Malaysia,马来西亚,MY,Long Banga,,
MAY,Clarence A. Bain Airport,24.287701,-77.684601,medium_airport,Bahamas,巴哈马,BS,Mangrove Cay,,
ASD,Andros Town Airport,24.697901,-77.795601,medium_airport,Bahamas,巴哈马,BS,Andros Town,,
TZN,Congo Town Airport,24.158701,-77.589798,medium_airport,Bahamas,巴哈马,BS,Andros,,"Congotown Airport, South Andros Airport"
MHH,Leonard M. Thompson International Airport,26.510711,-77.084262,medium_airport,Bahamas,巴哈马,BS,Marsh Harbour,,Marsh Harbour International Airport
SAQ,San Andros Airport,25.053800582885742,-78.04900360107422,medium_airport,Bahamas,巴哈马,BS,Andros Island,,
AXP,Spring Point Airport,22.441799,-73.970901,medium_airport,Bahamas,巴哈马,BS,Spring Point,,
TCB,Treasure Cay Airport,26.745300293,-77.3912963867,medium_airport,Bahamas,巴哈马,BS,Treasure Cay,,
CCZ,Chub Cay Airport,25.417101,-77.880898,medium_airport,Bahamas,巴哈马,BS,Chub Cay,,
GHC,Great Harbour Cay Airport,25.7383,-77.840103,medium_airport,Bahamas,巴哈马,BS,Bullocks Harbour,,
BIM,South Bimini Airport,25.6998996735,-79.2647018433,medium_airport,Bahamas,巴哈马,BS,South Bimini,,
ATC,Arthur's Town Airport,24.6294,-75.673797,medium_airport,Bahamas,巴哈马,BS,Arthur's Town,,
TBI,New Bight Airport,24.3153,-75.452301,medium_airport,Bahamas,巴哈马,BS,Cat Island,,
CRI,Colonel Hill Airport,22.7456,-74.182404,medium_airport,Bahamas,巴哈马,BS,Colonel Hill,,Crooked Island Airport
GGT,Exuma International Airport,23.562599,-75.877998,medium_airport,Bahamas,巴哈马,BS,Moss Town,,
ELH,North Eleuthera Airport,25.475823,-76.680784,medium_airport,Bahamas,巴哈马,BS,North Eleuthera,,
GHB,Governor's Harbour Airport,25.2847,-76.331001,medium_airport,Bahamas,巴哈马,BS,Governor's Harbour,,
NMC,Normans Cay Airport,24.594299,-76.820198,medium_airport,Bahamas,巴哈马,BS,Normans Cay,,
RSD,Rock Sound International Airport,24.89165,-76.177602,medium_airport,Bahamas,巴哈马,BS,Rock Sound,,
TYM,Staniel Cay Airport,24.1691,-76.439102,medium_airport,Bahamas,巴哈马,BS,Staniel Cay,,
FPO,Grand Bahama International Airport,26.557996,-78.695583,large_airport,Bahamas,巴哈马,BS,Freeport,,
IGA,Inagua Airport,20.975,-73.666901,medium_airport,Bahamas,巴哈马,BS,Matthew Town,,Inagua International
MYK,May Creek Airport,61.335701,-142.686996,small_airport,United States of America,美国,US,May Creek,,
LGI,Deadman's Cay Airport,23.1790008545,-75.09359741210001,medium_airport,Bahamas,巴哈马,BS,Deadman's Cay,,
SML,Stella Maris Airport,23.582317,-75.268621,medium_airport,Bahamas,巴哈马,BS,Stella Maris,,
MYG,Mayaguana Airport,22.379499,-73.013494,medium_airport,Bahamas,巴哈马,BS,Abraham Bay Settlement,,
NAS,Lynden Pindling International Airport,25.039,-77.466202,large_airport,Bahamas,巴哈马,BS,Nassau,,"Windsor Field, Nassau International Airport"
DCT,Duncan Town Airport,22.181801,-75.7295,medium_airport,Bahamas,巴哈马,BS,Duncan Town,,
ZSA,San Salvador International Airport,24.063041,-74.523233,large_airport,Bahamas,巴哈马,BS,San Salvador,,Cockburn Town Airport
BZE,Philip S. W. Goldson International Airport,17.539951,-88.303556,large_airport,Belize,伯利兹,BZ,Belize City,,"Belize International, Ladyville"
PLJ,Placencia Airport,16.536957,-88.361511,medium_airport,Belize,伯利兹,BZ,Placencia,,
AIT,Aitutaki Airport,-18.8309,-159.764008,small_airport,Cook Is.,库克群岛,CK,Aitutaki,,
AIU,Enua Airport,-19.96780014038086,-158.11900329589844,small_airport,Cook Is.,库克群岛,CK,Atiu Island,,
MHX,Manihiki Island Airport,-10.38091,-160.999424,small_airport,Cook Is.,库克群岛,CK,Manihiki Island,,"Humphrey Island, Te Fuinga o Niva"
MUK,Mauke Airport,-20.13610076904297,-157.34500122070312,small_airport,Cook Is.,库克群岛,CK,Mauke Island,,Akatoka Manava Airport
MOI,Mitiaro Island Airport,-19.842501,-157.703003,small_airport,Cook Is.,库克群岛,CK,Mitiaro Island,,Nukuroa Airport
RAR,Rarotonga International Airport,-21.2027,-159.806,large_airport,Cook Is.,库克群岛,CK,Avarua,,
ICI,Cicia Airport,-17.7432994843,-179.341995239,small_airport,Fiji,斐济,FJ,Cicia,,
NAN,Nadi International Airport,-17.761822,177.437843,large_airport,Fiji,斐济,FJ,Nadi,,
PTF,Malolo Lailai Island Airport,-17.778448,177.196996,small_airport,Fiji,斐济,FJ,Malolo Lailai Island,,
KDV,Vunisea Airport,-19.058099746699998,178.156997681,small_airport,Fiji,斐济,FJ,Vunisea,,Kadavu Island
MNF,Mana Island Airport,-17.672844,177.0985,small_airport,Fiji,斐济,FJ,Mana Island,,
MFJ,Moala Airport,-18.566699981699998,179.951004028,small_airport,Fiji,斐济,FJ,Moala,,
SUV,Nausori International Airport,-18.044226,178.561486,large_airport,Fiji,斐济,FJ,Nausori,,
LEV,Levuka Airfield,-17.7110996246,178.759002686,small_airport,Fiji,斐济,FJ,Bureta,,
NGI,Ngau Airport,-18.115600585899998,179.339996338,small_airport,Fiji,斐济,FJ,Ngau,,
LKB,Lakeba Island Airport,-18.1991996765,-178.817001343,small_airport,Fiji,斐济,FJ,Lakeba Island,,
LBS,Labasa Airport,-16.4667,179.339996,medium_airport,Fiji,斐济,FJ,Labasa,,
TVU,Matei Airport,-16.690599,-179.876999,small_airport,Fiji,斐济,FJ,Matei,,Taveuni
KXF,Koro Island Airport,-17.3458003998,179.42199707,small_airport,Fiji,斐济,FJ,Koro Island,,
RTA,Rotuma Airport,-12.482500076293945,177.0709991455078,small_airport,Fiji,斐济,FJ,Rotuma,,Elsee
SVU,Savusavu Airport,-16.803394,179.340587,small_airport,Fiji,斐济,FJ,Savusavu,,
YAS,Yasawa Island Airport,-16.7589,177.544998,small_airport,Fiji,斐济,FJ,Yasawa Island,,
EUA,Kaufana Airport,-21.378299713100002,-174.957992554,small_airport,Tonga,汤加,TO,Eua Island,,
TBU,Fua'amotu International Airport,-21.241438,-175.149164,large_airport,Tonga,汤加,TO,Nuku'alofa,,
HPA,Lifuka Island Airport,-19.777000427246094,-174.34100341796875,medium_airport,Tonga,汤加,TO,Lifuka,,"Salote Pilolevu Airport, Haapai"
NTT,Kuini Lavenia Airport,-15.977297,-173.791089,small_airport,Tonga,汤加,TO,Niuatoputapu,,
VAV,Vava'u International Airport,-18.5853,-173.962006,large_airport,Tonga,汤加,TO,Vava'u Island,,"Vavau, Lupepau'u"
VBV,Vanua Balavu Airport,-17.268999099731445,-178.9759979248047,small_airport,Fiji,斐济,FJ,Vanua Balavu,,Vanuabalavu
PHG,Port Harcourt City Airport / Port Harcourt Air Force Base,4.846111,7.021389,medium_airport,Nigeria,尼日利亚,NG,Port Harcourt,,Port Harcourt NAF Base
FUN,Funafuti International Airport,-8.523885,179.196976,medium_airport,Tuvalu,图瓦卢,TV,Funafuti,,
TRW,Bonriki International Airport,1.38164,173.147003,large_airport,Kiribati,基里巴斯,KI,South Tarawa,,"Bonriki, Mullinix, Tarawa"
TBF,Tabiteuea North Airport,-1.22447,174.776001,medium_airport,Kiribati,基里巴斯,KI,,,
BBG,Butaritari Airport,3.08583,172.811005,small_airport,Kiribati,基里巴斯,KI,Butaritari,,Makin
AAK,Aranuka Airport,0.185278,173.636993,small_airport,Kiribati,基里巴斯,KI,Buariki,,Tarawa
IUE,Niue International Airport,-19.080109,-169.923493,medium_airport,Niue,纽埃,NU,Alofi,,Hanan International Airport
NLH,Ninglang Luguhu Airport,27.5403,100.7593,medium_airport,China,中华人民共和国,CN,Ninglang,,
FUT,Pointe Vele Airport,-14.311565,-178.066492,small_airport,Wallis and Futuna Is.,瓦利斯和富图纳,WF,Futuna Island,,
WLS,Hihifo Airport,-13.239445,-176.19865,large_airport,Wallis and Futuna Is.,瓦利斯和富图纳,WF,Wallis Island,,
PHH,Pokhara International Airport,28.1838,84.0147,large_airport,Nepal,尼泊尔,NP,Pokhara,,
OFU,Ofu Airport,-14.1844,-169.669998,small_airport,American Samoa,美属萨摩亚,AS,Ofu,,
APW,Faleolo International Airport,-13.83,-172.007996,large_airport,Samoa,萨摩亚,WS,Apia,,
FTI,Fitiuta Airport,-14.216131,-169.423771,small_airport,American Samoa,美属萨摩亚,AS,Fitiuta Village,,
PPG,Pago Pago International Airport,-14.331,-170.710007,large_airport,American Samoa,美属萨摩亚,AS,Pago Pago,,
PPT,Fa'a'ā International Airport,-17.553472,-149.606936,large_airport,Fr. Polynesia,法属波利尼西亚,PF,Papeete,,
RMT,Rimatara Airport,-22.63725,-152.8059,small_airport,Fr. Polynesia,法属波利尼西亚,PF,Rimatara Island,,
RUR,Rurutu Airport,-22.434099197387695,-151.36099243164062,medium_airport,Fr. Polynesia,法属波利尼西亚,PF,,,
TUB,Tubuai Airport,-23.365400314331055,-149.5240020751953,medium_airport,Fr. Polynesia,法属波利尼西亚,PF,,,
RVV,Raivavae Airport,-23.885201,-147.662003,small_airport,Fr. Polynesia,法属波利尼西亚,PF,,,
AAA,Anaa Airport,-17.3526,-145.509995,medium_airport,Fr. Polynesia,法属波利尼西亚,PF,Anaa,,
FGU,Fangatau Airport,-15.820044,-140.888071,medium_airport,Fr. Polynesia,法属波利尼西亚,PF,Fangatau,,
TIH,Tikehau Airport,-15.1196,-148.231003,medium_airport,Fr. Polynesia,法属波利尼西亚,PF,Tuherahera,,Palliser Islands
APK,Apataki Airport,-15.5736,-146.414993,small_airport,Fr. Polynesia,法属波利尼西亚,PF,Apataki,,
REA,Reao Airport,-18.46652,-136.43855,medium_airport,Fr. Polynesia,法属波利尼西亚,PF,Reao,,
FAV,Fakarava Airport,-16.054100036621094,-145.65699768066406,medium_airport,Fr. Polynesia,法属波利尼西亚,PF,,,
HHZ,Hikueru Airport,-17.548297,-142.612037,small_airport,Fr. Polynesia,法属波利尼西亚,PF,Hikueru,,
XMH,Manihi Airport,-14.436800003051758,-146.07000732421875,medium_airport,Fr. Polynesia,法属波利尼西亚,PF,,,
GMR,Totegegie Airport,-23.07990074157715,-134.88999938964844,medium_airport,Fr. Polynesia,法属波利尼西亚,PF,,,
KKR,Kaukura Airport,-15.6633,-146.884995,medium_airport,Fr. Polynesia,法属波利尼西亚,PF,Raitahiti,,
MKP,Makemo Airport,-16.5839,-143.658005,medium_airport,Fr. Polynesia,法属波利尼西亚,PF,Makemo,,
NAU,Napuka Island Airport,-14.177397,-141.266112,small_airport,Fr. Polynesia,法属波利尼西亚,PF,Napuka Island,,
TKV,Tatakoto Airport,-17.355226,-138.44734,small_airport,Fr. Polynesia,法属波利尼西亚,PF,Tatakoto,,
PKP,Puka Puka Airport,-14.80955,-138.812621,small_airport,Fr. Polynesia,法属波利尼西亚,PF,,,
TKP,Takapoto Airport,-14.709500312805176,-145.24600219726562,medium_airport,Fr. Polynesia,法属波利尼西亚,PF,,,
AXR,Arutua Airport,-15.248299598693848,-146.61700439453125,medium_airport,Fr. Polynesia,法属波利尼西亚,PF,,,
MVT,Mataiva Airport,-14.8681001663208,-148.7169952392578,medium_airport,Fr. Polynesia,法属波利尼西亚,PF,,,
AHE,Ahe Airport,-14.428099632263184,-146.2570037841797,medium_airport,Fr. Polynesia,法属波利尼西亚,PF,Ahe Atoll,,Tenukupara
KHZ,Kauehi Airport,-15.780622,-145.128443,small_airport,Fr. Polynesia,法属波利尼西亚,PF,Kauehi,,
FHZ,Fakahina Airport,-15.992259,-140.164246,small_airport,Fr. Polynesia,法属波利尼西亚,PF,Fakahina,,
NIU,Naiu Airport,-16.119296,-146.368768,small_airport,Fr. Polynesia,法属波利尼西亚,PF,Naiu Atoll,,Tupana
RRR,Raroia Airport,-16.050485,-142.476568,small_airport,Fr. Polynesia,法属波利尼西亚,PF,Raroia,,
TKX,Takaroa Airport,-14.45580005645752,-145.02499389648438,medium_airport,Fr. Polynesia,法属波利尼西亚,PF,,,
NHV,Nuku Hiva Airport,-8.7956,-140.229004,medium_airport,Fr. Polynesia,法属波利尼西亚,PF,Nuku Hiva,,
AUQ,Hiva Oa-Atuona Airport,-9.76879024506,-139.011001587,medium_airport,Fr. Polynesia,法属波利尼西亚,PF,Hiva Oa Island,,HIX
UAP,Ua Pou Airport,-9.35167,-140.078003,small_airport,Fr. Polynesia,法属波利尼西亚,PF,Ua Pou,,
UAH,Ua Huka Airport,-8.936228,-139.554062,small_airport,Fr. Polynesia,法属波利尼西亚,PF,Ua Huka,,
BOB,Bora Bora Airport,-16.444400787353516,-151.75100708007812,medium_airport,Fr. Polynesia,法属波利尼西亚,PF,Motu Mute,,
RGI,Rangiroa Airport,-14.954299926757812,-147.66099548339844,medium_airport,Fr. Polynesia,法属波利尼西亚,PF,,,
HUH,Huahine-Fare Airport,-16.687084,-151.021593,medium_airport,Fr. Polynesia,法属波利尼西亚,PF,Fare,,
MOZ,Moorea Temae Airport,-17.48979,-149.761777,medium_airport,Fr. Polynesia,法属波利尼西亚,PF,Moorea-Maiao,,"Temae Airport, Moorea Temae Airport"
HOI,Hao Airport,-18.0748,-140.945999,medium_airport,Fr. Polynesia,法属波利尼西亚,PF,Otepa,,
MAU,Maupiti Airport,-16.42650032043457,-152.24400329589844,medium_airport,Fr. Polynesia,法属波利尼西亚,PF,,,
RFP,Raiatea Airport,-16.7229,-151.466003,medium_airport,Fr. Polynesia,法属波利尼西亚,PF,Uturoa,,
SLH,Sola Airport,-13.8516998291,167.537002563,small_airport,Vanuatu,瓦努阿图,VU,Sola,,Vanua Lava Airport
CCV,Craig Cove Airport,-16.264999,167.923996,small_airport,Vanuatu,瓦努阿图,VU,Craig Cove,,
LOD,Longana Airport,-15.3066997528,167.966995239,small_airport,Vanuatu,瓦努阿图,VU,Longana,,
SSR,Sara Airport,-15.4708003998,168.151992798,small_airport,Vanuatu,瓦努阿图,VU,Pentecost Island,,
PBJ,Tavie Airport,-16.431955,168.235511,small_airport,Vanuatu,瓦努阿图,VU,Paama Island,,Paama Airport
LPM,Lamap Airport,-16.4611228,167.829253,small_airport,Vanuatu,瓦努阿图,VU,Lamap,,Malekoula Airport
LNB,Lamen Bay Airport,-16.584199905400002,168.158996582,small_airport,Vanuatu,瓦努阿图,VU,Lamen Bay,,
LNE,Lonorore Airport,-15.865599632299999,168.17199707,small_airport,Vanuatu,瓦努阿图,VU,Lonorore,,Pentecost Island
NUS,Norsup Airport,-16.0797,167.401001,small_airport,Vanuatu,瓦努阿图,VU,Norsup,,
ZGU,Gaua Island Airport,-14.2181,167.587006,medium_airport,Vanuatu,瓦努阿图,VU,Gaua Island,,Banks Islands
SON,Santo Pekoa International Airport,-15.505000114399998,167.220001221,medium_airport,Vanuatu,瓦努阿图,VU,Luganville,,
TGH,Tongoa Airport,-16.8910999298,168.550994873,small_airport,Vanuatu,瓦努阿图,VU,Tongoa Island,,
VLS,Valesdir Airport,-16.796100616500002,168.177001953,small_airport,Vanuatu,瓦努阿图,VU,Epi Island,,
WLH,Walaha Airport,-15.412,167.690994,small_airport,Vanuatu,瓦努阿图,VU,Walaha,,
OLJ,North West Santo Airport,-14.881699562099998,166.557998657,small_airport,Vanuatu,瓦努阿图,VU,Olpoi,,"Lajmoli Airport, Olpoi Airport"
FTA,Futuna Airport,-19.516399383499998,170.231994629,small_airport,Vanuatu,瓦努阿图,VU,Futuna Island,,
VLI,Bauerfield International Airport,-17.699301,168.320007,large_airport,Vanuatu,瓦努阿图,VU,Port Vila,,"Efate Field, Vila Field, McDonald Field, Bauer Field"
TAH,Whitegrass Airport,-19.455099,169.223999,medium_airport,Vanuatu,瓦努阿图,VU,Tanna Island,,
TGJ,Tiga Airport,-21.096407,167.80379,medium_airport,New Caledonia,新喀里多尼亚,NC,Tiga,,
BMY,Île Art - Waala Airport,-19.720521,163.661077,small_airport,New Caledonia,新喀里多尼亚,NC,Waala,,Belep Islands Airport
KNQ,Koné Airport,-21.053551,164.838768,medium_airport,New Caledonia,新喀里多尼亚,NC,Koné,,
ILP,Île des Pins Airport,-22.5889,167.455994,medium_airport,New Caledonia,新喀里多尼亚,NC,Île des Pins,,
KOC,Koumac Airport,-20.546323,164.255648,small_airport,New Caledonia,新喀里多尼亚,NC,Koumac,,
LIF,Lifou Airport,-20.774563,167.239328,medium_airport,New Caledonia,新喀里多尼亚,NC,Lifou,,
GEA,Nouméa Magenta Airport,-22.257706,166.472822,medium_airport,New Caledonia,新喀里多尼亚,NC,Nouméa,,l'Aéroport de Nouméa Magenta
MEE,Maré Airport,-21.482438,168.038465,medium_airport,New Caledonia,新喀里多尼亚,NC,Maré,,
TOU,Touho Airport,-20.790127,165.259524,medium_airport,New Caledonia,新喀里多尼亚,NC,Touho,,
UVE,Ouvéa Airport,-20.640932,166.573024,medium_airport,New Caledonia,新喀里多尼亚,NC,Ouvéa,,
NOU,La Tontouta International Airport,-22.014601,166.212997,large_airport,New Caledonia,新喀里多尼亚,NC,Nouméa,Nouméa (La Tontouta),Aéroport de Nouméa - La Tontouta
AKL,Auckland International Airport,-37.01199,174.786331,large_airport,New Zealand,新西兰,NZ,Auckland,,
TUO,Taupo Airport,-38.73970031738281,176.08399963378906,medium_airport,New Zealand,新西兰,NZ,Taupo,,
AMZ,Ardmore Airport,-37.029701232910156,174.97300720214844,medium_airport,New Zealand,新西兰,NZ,Manurewa,,
CHC,Christchurch International Airport,-43.489029,172.532065,large_airport,New Zealand,新西兰,NZ,Christchurch,,
CHT,Inia William Tuuta Memorial Airport,-43.81189,-176.46514,medium_airport,New Zealand,新西兰,NZ,Te One,,Karewa
DUD,Dunedin International Airport,-45.929017,170.197758,medium_airport,New Zealand,新西兰,NZ,Dunedin,,Momona Airport
GBZ,Great Barrier Aerodrome,-36.241402,175.472,small_airport,New Zealand,新西兰,NZ,Claris,,
GIS,Gisborne Airport,-38.6633,177.977997,medium_airport,New Zealand,新西兰,NZ,Gisborne,,
GTN,Glentanner Airport,-43.906700134277344,170.1280059814453,medium_airport,New Zealand,新西兰,NZ,Glentanner Station,,Lake Pukaki
HKK,Hokitika Airfield,-42.713600158691406,170.98500061035156,medium_airport,New Zealand,新西兰,NZ,,,
HLZ,Hamilton International Airport,-37.866961,175.331952,medium_airport,New Zealand,新西兰,NZ,Hamilton,,
KKE,Kerikeri Airport,-35.259148,173.913317,medium_airport,New Zealand,新西兰,NZ,Kerikeri,,Bay of Islands Airport
KAT,Kaitaia Airport,-35.069837,173.287053,medium_airport,New Zealand,新西兰,NZ,Awanui,,
ALR,Alexandra Aerodrome,-45.210495,169.371113,medium_airport,New Zealand,新西兰,NZ,Alexandra,,
MON,Mount Cook Airport,-43.764999,170.132996,medium_airport,New Zealand,新西兰,NZ,,,
TEU,Manapouri Airport,-45.5331,167.649994,medium_airport,New Zealand,新西兰,NZ,,,
MRO,Hood Airport,-40.974634,175.63454,medium_airport,New Zealand,新西兰,NZ,Masterton,,
NPL,New Plymouth Airport,-39.00859832763672,174.1790008544922,medium_airport,New Zealand,新西兰,NZ,New Plymouth,,
NPE,Hawke's Bay Airport,-39.465801,176.869995,medium_airport,New Zealand,新西兰,NZ,Napier,,
NSN,Nelson Airport,-41.296709,173.224323,medium_airport,New Zealand,新西兰,NZ,Nelson,,
IVC,Invercargill Airport,-46.41239929199219,168.31300354003906,medium_airport,New Zealand,新西兰,NZ,Invercargill,,
OHA,RNZAF Base Ohakea,-40.20600128173828,175.38800048828125,medium_airport,New Zealand,新西兰,NZ,,,
OAM,Oamaru Airport,-44.970001,171.082001,medium_airport,New Zealand,新西兰,NZ,,,
PMR,Palmerston North Airport,-40.320599,175.617004,medium_airport,New Zealand,新西兰,NZ,Palmerston North,,
PCN,Picton Aerodrome,-41.346099853516,173.95599365234,small_airport,New Zealand,新西兰,NZ,Koromiko,,
PPQ,Paraparaumu Airport,-40.904701232910156,174.98899841308594,medium_airport,New Zealand,新西兰,NZ,,,
ZQN,Queenstown Airport,-45.019205,168.746379,large_airport,New Zealand,新西兰,NZ,Queenstown,,
ROT,Rotorua Regional Airport,-38.1092,176.317001,medium_airport,New Zealand,新西兰,NZ,Rotorua,,
TRG,Tauranga Airport,-37.67190170288086,176.1959991455078,medium_airport,New Zealand,新西兰,NZ,Tauranga,,
TIU,Timaru Airport,-44.302799224853516,171.22500610351562,medium_airport,New Zealand,新西兰,NZ,,,
TWZ,Pukaki Airport,-44.2350006104,170.117996216,medium_airport,New Zealand,新西兰,NZ,Twitzel,,
BHE,Woodbourne Airport,-41.5182991027832,173.8699951171875,medium_airport,New Zealand,新西兰,NZ,Blenheim,,
WKA,Wanaka Airport,-44.722091,169.246287,medium_airport,New Zealand,新西兰,NZ,Wanaka,,Luggate Airport
WHK,Whakatāne Airport,-37.922224,176.91696,medium_airport,New Zealand,新西兰,NZ,Whakatāne,,Whakatane
WLG,Wellington International Airport,-41.326839,174.806862,large_airport,New Zealand,新西兰,NZ,Wellington,,
WIR,Wairoa Airport,-39.011862,177.404401,medium_airport,New Zealand,新西兰,NZ,Wairoa,,
WRE,Whangarei Airport,-35.769253,174.363713,medium_airport,New Zealand,新西兰,NZ,Whangarei,,
WSZ,Westport Airport,-41.737111,171.579033,medium_airport,New Zealand,新西兰,NZ,Westport,,
WAG,Wanganui Airport,-39.963467,175.02444,medium_airport,New Zealand,新西兰,NZ,Wanganui,,
FBD,Fayzabad Airport,37.122148,70.5201,small_airport,Afghanistan,阿富汗,AF,Fayzabad,,
HEA,Herat - Khwaja Abdullah Ansari International Airport,34.209999,62.228298,large_airport,Afghanistan,阿富汗,AF,Guzara,,
OAI,Bagram Airfield,34.946098,69.264999,medium_airport,Afghanistan,阿富汗,AF,Bagram,,Bagram Air Base
JAA,Jalalabad Airport,34.399799,70.498596,medium_airport,Afghanistan,阿富汗,AF,Jalalabad,,
KBL,Kabul International Airport,34.565899,69.212303,large_airport,Afghanistan,阿富汗,AF,Kabul,,"Hamid Karzai International Airport, Khwaja Rawash Airport"
KDH,Ahmad Shah Baba International Airport,31.505769,65.847963,large_airport,Afghanistan,阿富汗,AF,Kandahar,,"Kandahar International Airport, Kandahar Airfield"
KHT,Khost International Airport,33.284605,69.80734,medium_airport,Afghanistan,阿富汗,AF,Khost,,FOB Chapman
MMZ,Maymana Zahiraddin Faryabi Airport,35.930801,64.760902,medium_airport,Afghanistan,阿富汗,AF,Maymana,,Maimana
MZR,Mazar-i-Sharif International Airport,36.70412,67.210459,large_airport,Afghanistan,阿富汗,AF,Mazar-i-Sharif,,Mazari Sharif
UND,Kunduz Airport,36.6651,68.910797,medium_airport,Afghanistan,阿富汗,AF,Kunduz,,Konduz
BAH,Bahrain International Airport,26.267295,50.63764,large_airport,Bahrain,巴林,BH,Manama,,"مطار البحرين الدولي, EGYR, RAF Bahrain, RAF Muharraq"
OCS,Corisco International Airport,0.910937,9.33027,large_airport,Eq. Guinea,赤道几内亚,GQ,Corisco Island,,
AHB,Abha International Airport,18.2404,42.656601,large_airport,Saudi Arabia,沙特阿拉伯,SA,Abha,,Abha International Airport
HOF,Al-Ahsa International Airport,25.285299,49.485199,large_airport,Saudi Arabia,沙特阿拉伯,SA,Hofuf,,
ULH,Al-Ula International Airport,26.483634,38.117048,large_airport,Saudi Arabia,沙特阿拉伯,SA,Al-Ula,,Prince Abdul majeed bin Abdulaziz Domestic Airport
ABT,King Saud Bin Abdulaziz (Al Baha) Airport,20.298506,41.636153,medium_airport,Saudi Arabia,沙特阿拉伯,SA,Al-Baha,,Al-Aqiq
BHH,Bisha Airport,19.9844,42.620899,medium_airport,Saudi Arabia,沙特阿拉伯,SA,Bisha,,
DMM,King Fahd International Airport,26.4691,49.798209,large_airport,Saudi Arabia,沙特阿拉伯,SA,Ad Dammam,,
DWD,Dawadmi Domestic Airport,24.4499,44.121201,medium_airport,Saudi Arabia,沙特阿拉伯,SA,Dawadmi,,Al Dawadmi Airport
DHA,King Abdulaziz Air Base,26.2654,50.152,large_airport,Saudi Arabia,沙特阿拉伯,SA,Dhahran,,"Dhahran international Airport, Dhahran Air Base, Dhahran Airport, Dhahran Airfield"
GIZ,Jizan Regional Airport / King Abdullah bin Abdulaziz Airport,16.9011,42.5858,medium_airport,Saudi Arabia,沙特阿拉伯,SA,Jizan,,Gizan
ELQ,Prince Naif bin Abdulaziz International Airport,26.302799,43.774399,large_airport,Saudi Arabia,沙特阿拉伯,SA,Qassim,,Gassim
URY,Gurayat Domestic Airport,31.412413,37.278898,medium_airport,Saudi Arabia,沙特阿拉伯,SA,Gurayat,,Guriat Airport
HAS,Hail International Airport,27.437901,41.686298,large_airport,Saudi Arabia,沙特阿拉伯,SA,Hail,,Hail Airport
JED,King Abdulaziz International Airport,21.680241,39.157436,large_airport,Saudi Arabia,沙特阿拉伯,SA,Jeddah,,"Mecca, Hajj"
KMC,King Khaled Military City Airport,27.9009,45.528198,medium_airport,Saudi Arabia,沙特阿拉伯,SA,King Khaled Military City,,
KMX,King Khalid Air Base,18.2973,42.803501,medium_airport,Saudi Arabia,沙特阿拉伯,SA,Khamis Mushait,,
MED,Prince Mohammad Bin Abdulaziz Airport,24.5534,39.705101,large_airport,Saudi Arabia,沙特阿拉伯,SA,Medina,,Medinah
EAM,Najran Domestic Airport,17.611401,44.419201,medium_airport,Saudi Arabia,沙特阿拉伯,SA,Najran,,
NUM,Neom Bay Airport,27.924261,35.29358,large_airport,Saudi Arabia,沙特阿拉伯,SA,Sharma,,"Neom Bay, Sharma"
AQI,Qaisumah–Hafar Al-Batin International Airport,28.335726,46.127108,large_airport,Saudi Arabia,沙特阿拉伯,SA,Qaisumah,,"HBT, Qaisumah Domestic Airport"
AKH,Prince Sultan Air Base,24.0627,47.580502,medium_airport,Saudi Arabia,沙特阿拉伯,SA,Al Kharj,,OEKH
RAH,Rafha Domestic Airport,29.626399993896484,43.4906005859375,medium_airport,Saudi Arabia,沙特阿拉伯,SA,Rafha,,
RUH,King Khalid International Airport,24.9576,46.698799,large_airport,Saudi Arabia,沙特阿拉伯,SA,Riyadh,,Riyad
RAE,Arar Domestic Airport,30.906600952148438,41.13819885253906,medium_airport,Saudi Arabia,沙特阿拉伯,SA,Arar,,
SHW,Sharurah Domestic Airport,17.4669,47.121399,medium_airport,Saudi Arabia,沙特阿拉伯,SA,Sharurah,,
AJF,Al-Jawf International Airport,29.783301,40.100905,large_airport,Saudi Arabia,沙特阿拉伯,SA,Al-Jawf,,"Al Jouf Airport, Al Jawf, Al Jawf Airport, Al Jouf Regional Airport, Al Jawf Regional Airport"
TUU,Prince Sultan bin Abdulaziz International Airport,28.3711,36.624865,large_airport,Saudi Arabia,沙特阿拉伯,SA,Tabuk,,"Tabuk Airport, Tabuk Regional Airport"
TIF,Taif International Airport,21.484739,40.544074,large_airport,Saudi Arabia,沙特阿拉伯,SA,Taif,,"Taif Airport, Ta'if Airport, Taif Regional Airport"
TUI,Turaif Domestic Airport,31.692188,38.731544,medium_airport,Saudi Arabia,沙特阿拉伯,SA,Turaif,,
WAE,Wadi Al Dawasir Domestic Airport,20.504299,45.1996,medium_airport,Saudi Arabia,沙特阿拉伯,SA,Wadi Al Dawasir,,
EJH,Al Wajh Domestic Airport,26.198601,36.476398,medium_airport,Saudi Arabia,沙特阿拉伯,SA,Al Wajh,,"Wedjh, Wejh"
YNB,Prince Abdulmohsen Bin Abdulaziz International Airport,24.144199,38.0634,large_airport,Saudi Arabia,沙特阿拉伯,SA,Yanbu,,"Yenbo, Yanbu Airport, Prince Abdul Mohsin bin Abdulaziz International Airport, Prince Abdulmohsin bin Abdulaziz International Airport"
ABD,Abadan Ayatollah Jami International Airport,30.367887,48.230075,large_airport,Iran,伊朗,IR,Abadan,,"Abadan Airport, فرودگاه بین‌المللی آبادان"
DEF,Dezful Airport,32.434399,48.397598,medium_airport,Iran,伊朗,IR,Dezful,,Vahdati Air Base
AKW,Aghajari Airport,30.7444,49.6772,medium_airport,Iran,伊朗,IR,Omidiyeh,,
GCH,Gachsaran Airport,30.333869,50.833796,medium_airport,Iran,伊朗,IR,Gachsaran,,
QMJ,Shahid Asiyaee Airport,32.001719,49.268599,medium_airport,Iran,伊朗,IR,Masjed Soleyman,,Shahid Asyaee
MRX,Mahshahr Airport,30.5562,49.151901,medium_airport,Iran,伊朗,IR,Mahshahr,,
AWZ,Qasem Soleimani International Airport,31.3364,48.763789,large_airport,Iran,伊朗,IR,Ahvaz,,"Ahvaz, Ahvaz International Airport, Ahwaz"
AEU,Abu Musa Island Airport,25.8757,55.033001,medium_airport,Iran,伊朗,IR,Abu Musa,,
BUZ,Bushehr Airport,28.9447994232,50.8345985413,medium_airport,Iran,伊朗,IR,Bushehr,,
KNR,Jam Airport,27.820499,52.3522,medium_airport,Iran,伊朗,IR,Jam,,"Kangan, Tohid, OIBM"
KIH,Kish International Airport,26.525427,53.980462,large_airport,Iran,伊朗,IR,Kish Island,,
BDH,Bandar Lengeh International Airport,26.532283,54.82484,medium_airport,Iran,伊朗,IR,Bandar Lengeh,,Lengeh
PGU,Persian Gulf International Airport,27.379601,52.737701,medium_airport,Iran,伊朗,IR,Khiyaroo,,"Asalouyeh, Khalije Fars, PSEEZ, Bandar Asalouyeh, Pars-Special-Zone, عسلویه"
KHK,Khark Airport,29.260503,50.322193,medium_airport,Iran,伊朗,IR,Khark,,
SXI,Siri Airport,25.908899,54.539398,medium_airport,Iran,伊朗,IR,Siri,,
LVP,Lavan Airport,26.810742,53.354302,medium_airport,Iran,伊朗,IR,Lavan Airport,,
KSH,Shahid Ashrafi Esfahani Airport,34.3459014893,47.1581001282,medium_airport,Iran,伊朗,IR,Kermanshah,,
IIL,Ilam Airport,33.58660125732422,46.40480041503906,medium_airport,Iran,伊朗,IR,Ilam,,
KHD,Khoram Abad Airport,33.43539810180664,48.282901763916016,medium_airport,Iran,伊朗,IR,,,
SDG,Sanandaj Airport,35.24589920043945,47.00920104980469,medium_airport,Iran,伊朗,IR,,,
KKS,Kashan Airport,33.895302,51.577,medium_airport,Iran,伊朗,IR,Kashan,,
IFN,Isfahan Shahid Beheshti International Airport,32.755142,51.883877,large_airport,Iran,伊朗,IR,Isfahan,,Esfahan
CQD,Shahrekord Airport,32.2971992493,50.842201232899995,medium_airport,Iran,伊朗,IR,Shahrekord,,
RAS,Sardar-e-Jangal Airport,37.323333,49.617778,medium_airport,Iran,伊朗,IR,Rasht,,
HDM,Hamadan Airport,34.866416,48.56069,medium_airport,Iran,伊朗,IR,Hamadan,,
NUJ,Nojeh Air Base,35.211601,48.6534,medium_airport,Iran,伊朗,IR,Amirabad,,"Hamadan Air Base, Shahrokhi, Noje"
IKA,Imam Khomeini International Airport,35.416099548339844,51.152198791503906,large_airport,Iran,伊朗,IR,Tehran,,Ahmadabad
THR,Mehrabad International Airport,35.689175,51.314392,large_airport,Iran,伊朗,IR,Tehran,,
GZW,Qazvin Airport,36.240101,50.0471,medium_airport,Iran,伊朗,IR,Qazvin,,Ghazvin
PYK,Payam International Airport,35.7761,50.826698,large_airport,Iran,伊朗,IR,Karaj,,
SNX,Semnan Municipal Airport,35.591099,53.495098,small_airport,Iran,伊朗,IR,Semnan,,
BND,Bandar Abbas International Airport,27.2183,56.3778,large_airport,Iran,伊朗,IR,Bandar Abbas,,
JYR,Jiroft Airport,28.723519,57.675037,medium_airport,Iran,伊朗,IR,Jiroft,,Sabzevaran
KER,Ayatollah Hashemi Rafsanjani International Airport,30.271276,56.949692,large_airport,Iran,伊朗,IR,Kerman,,
BXR,Bam Airport,29.0842,58.450001,medium_airport,Iran,伊朗,IR,Bam,,
GSM,Qeshm International Airport,26.754639,55.902353,large_airport,Iran,伊朗,IR,Qeshm,Qeshm(Dayrestan),Qeshm Island
RJN,Rafsanjan Airport,30.298345,56.048979,medium_airport,Iran,伊朗,IR,Rafsanjan,,
SYJ,Sirjan Airport,29.5509,55.672699,medium_airport,Iran,伊朗,IR,Sirjan,,
XBJ,Birjand International Airport,32.896525,59.281258,large_airport,Iran,伊朗,IR,Birjand,,
CKT,Sarakhs Airport,36.501202,61.064899,medium_airport,Iran,伊朗,IR,Sarakhs,,
MHD,Mashhad International Airport,36.234821,59.642949,large_airport,Iran,伊朗,IR,Mashhad,,"Shahid Hashemi Nejad Airport, Mashhad Shahid Hasheminejad International Airport"
BJB,Bojnord Airport,37.49300003051758,57.30820083618164,medium_airport,Iran,伊朗,IR,Bojnord,,Bojnourd
AFZ,Sabzevar National Airport,36.16809844970703,57.59519958496094,medium_airport,Iran,伊朗,IR,Sabzevar,,
TCX,Tabas Airport,33.667801,56.8927,medium_airport,Iran,伊朗,IR,Tabas,,
GBT,Gorgan Airport,36.909400939899996,54.4012985229,medium_airport,Iran,伊朗,IR,Gorgan,,
NSH,Nowshahr Airport,36.664286,51.46273,medium_airport,Iran,伊朗,IR,Nowshahr,,Noshahr
RZR,Ramsar Airport,36.90701,50.687316,medium_airport,Iran,伊朗,IR,Ramsar,,
SRY,Sari Dasht-e Naz International Airport,36.644408,53.188761,medium_airport,Iran,伊朗,IR,Sari,,
FAZ,Fasa Airport,28.8918,53.723301,medium_airport,Iran,伊朗,IR,Fasa,,
LRR,Lar Airport,27.6747,54.383301,medium_airport,Iran,伊朗,IR,Lar,,
LFM,Lamerd Airport,27.3727,53.188801,medium_airport,Iran,伊朗,IR,Lamerd,,
SYZ,Shiraz Shahid Dastghaib International Airport,29.5392,52.589802,large_airport,Iran,伊朗,IR,Shiraz,,
YES,Yasuj Airport,30.702238,51.542988,medium_airport,Iran,伊朗,IR,Yasuj,,Yasouj
ADU,Ardabil Airport,38.3256988525,48.4244003296,medium_airport,Iran,伊朗,IR,Ardabil,,
PFQ,Parsabad-Moghan Airport,39.6036,47.8815,small_airport,Iran,伊朗,IR,Parsabad,,
OMH,Urmia Airport,37.6680984497,45.0686988831,medium_airport,Iran,伊朗,IR,Urmia,,
TBZ,Tabriz International Airport,38.1339,46.235001,large_airport,Iran,伊朗,IR,Tabriz,,IRIAF
IMQ,Maku National Airport,39.191293,44.928505,medium_airport,Iran,伊朗,IR,Showt,,Makou
JWN,Zanjan Airport,36.7737007141,48.3594017029,medium_airport,Iran,伊朗,IR,Zanjan,,
AZD,Shahid Sadooghi Airport,31.9048995972,54.2765007019,medium_airport,Iran,伊朗,IR,Yazd,,
ACZ,Zabol Airport,31.098301,61.5439,medium_airport,Iran,伊朗,IR,Zabol,,
ZBR,Chabahar Konarak International Airport,25.44319,60.382167,medium_airport,Iran,伊朗,IR,Konarak,,
ZAH,Zahedan International Airport,29.4757,60.9062,large_airport,Iran,伊朗,IR,Zahedan,,
IHR,Iranshahr Airport,27.236099,60.720001,medium_airport,Iran,伊朗,IR,Iranshahr,,
JSK,Jask Airport,25.654757,57.801718,small_airport,Iran,伊朗,IR,Bandar-e-Jask,,
AMM,Queen Alia International Airport,31.7226009369,35.9931983948,large_airport,Jordan,约旦,JO,Amman,,
ADJ,Marka International (Amman Civil) Airport,31.9727,35.9916,large_airport,Jordan,约旦,JO,Amman,,"King Abdullah Air Base, Amman Civil Airport, Amman City Airport, Marka International Airport"
AQJ,King Hussein International Airport,29.611601,35.018101,large_airport,Jordan,约旦,JO,Aqaba,,
XIJ,Ahmed Al Jaber Air Base,28.9347991943,47.791900634799994,medium_airport,Kuwait,科威特,KW,Ahmed Al Jaber AB,,
KWI,Kuwait International Airport,29.224487,47.969813,large_airport,Kuwait,科威特,KW,Kuwait City,,"OKBK, Al Mubarak Air Base, مطار الكويت الدولي"
BEY,Beirut Rafic Hariri International Airport,33.819833,35.487443,large_airport,Lebanon,黎巴嫩,LB,Beirut,,"Chaldea, Beirut Air Base, مطار بيروت رفيق الحريري الدولي"
OLH,Old Harbor Airport,57.218102,-153.270004,small_airport,United States of America,美国,US,Old Harbor,,
KYE,Rene Mouawad Air Base,34.589298,36.011299,medium_airport,Lebanon,黎巴嫩,LB,Tripoli,,"Kleyate Airport, Al Qulay'at, Qulayaat, El Qlaïaat, Ṭarābulus, مطار الرئيس الشهيد رينيه"
DQM,Duqm International Airport,19.501944,57.634167,large_airport,Oman,阿曼,OM,Duqm,,
MNH,Mussanah Airport,23.640556,57.4875,medium_airport,Oman,阿曼,OM,Al Masna'ah,,"Musanaa, Wadi al Maawil, Al Muladdah, OORQ, Rustaq Airport"
AUH,Zayed International Airport,24.440966,54.649237,large_airport,United Arab Emirates,阿拉伯联合酋长国,AE,Abu Dhabi,,Abu Dhabi International Airport
AZI,Al Bateen Executive Airport,24.427062,54.459866,large_airport,United Arab Emirates,阿拉伯联合酋长国,AE,Abu Dhabi,,Former Abu Dhabi International Airport
AAN,Al Ain International Airport,24.2617,55.6092,large_airport,United Arab Emirates,阿拉伯联合酋长国,AE,Al Ain,,
DHF,Al Dhafra Air Base,24.248199462900004,54.547698974599996,medium_airport,United Arab Emirates,阿拉伯联合酋长国,AE,,,
XSB,Sir Bani Yas Airport,24.283611,52.580278,medium_airport,United Arab Emirates,阿拉伯联合酋长国,AE,Sir Bani Yas,,Yas Island
DXB,Dubai International Airport,25.24979,55.370992,large_airport,United Arab Emirates,阿拉伯联合酋长国,AE,Dubai,,مطار دبي الدولي‎
ZDY,Delma Airport,24.51,52.3352,small_airport,United Arab Emirates,阿拉伯联合酋长国,AE,Delma Island,,Dalma
NHD,Al Minhad Air Base,25.0268001556,55.3661994934,medium_airport,United Arab Emirates,阿拉伯联合酋长国,AE,Dubai,,
DWC,Al Maktoum International Airport,24.896171,55.16235,large_airport,United Arab Emirates,阿拉伯联合酋长国,AE,Dubai,Dubai(Jebel Ali),Dubai World Central
FJR,Fujairah International Airport,25.108411,56.328061,large_airport,United Arab Emirates,阿拉伯联合酋长国,AE,Fujairah,,
RKT,Ras Al Khaimah International Airport,25.613501,55.938801,large_airport,United Arab Emirates,阿拉伯联合酋长国,AE,Ras Al Khaimah,,
SHJ,Sharjah International Airport,25.3286,55.5172,large_airport,United Arab Emirates,阿拉伯联合酋长国,AE,Sharjah,,
KHS,Khasab Airport,26.171,56.240601,medium_airport,Oman,阿曼,OM,Khasab,,
MSH,RAFO Masirah,20.6754,58.890499,medium_airport,Oman,阿曼,OM,Masirah,,
MCT,Muscat International Airport,23.600218,58.285268,large_airport,Oman,阿曼,OM,Muscat/Seeb,,"Seeb International Airport, Masqat, Seeb"
SLL,Salalah International Airport,17.0387,54.091301,large_airport,Oman,阿曼,OM,Salalah,,مطار صلالة
OHS,Suhar International Airport,24.38604,56.62541,large_airport,Oman,阿曼,OM,Suhar,,"Majis, Sohar, Sohar Airport"
TTH,Thumrait Air Base,17.666,54.024601,medium_airport,Oman,阿曼,OM,Thumrait,,
BHV,Bahawalpur Airport,29.348100662231445,71.71800231933594,medium_airport,Pakistan,巴基斯坦,PK,Bahawalpur,,
CJL,Chitral Airport,35.886213,71.799922,medium_airport,Pakistan,巴基斯坦,PK,Chitral,,
DBA,Dalbandin Airport,28.878299713100002,64.3998031616,small_airport,Pakistan,巴基斯坦,PK,Dalbandin,,OPXX
DEA,Dera Ghazi Khan Airport,29.961000442504883,70.48590087890625,medium_airport,Pakistan,巴基斯坦,PK,Dera Ghazi Khan,,
DSK,Dera Ismael Khan Airport [IN-ACTIVE],31.909401,70.896599,medium_airport,Pakistan,巴基斯坦,PK,Dera Ismael Khan,,
LYP,Faisalabad International Airport,31.364923,72.995319,large_airport,Pakistan,巴基斯坦,PK,Faisalabad,,OPLF
GWD,New Gwadar International Airport,25.296733,62.498822,large_airport,Pakistan,巴基斯坦,PK,Gurandani,,Feroz Khan Noon
GIL,Gilgit Airport,35.918800354003906,74.33360290527344,medium_airport,Pakistan,巴基斯坦,PK,Gilgit,,
ISB,Islamabad International Airport,33.549,72.82566,large_airport,Pakistan,巴基斯坦,PK,Attock,,
JAG,Shahbaz Air Base,28.28420066833496,68.44969940185547,medium_airport,Pakistan,巴基斯坦,PK,Jacobabad,,
KHI,Jinnah International Airport,24.9065,67.160797,large_airport,Pakistan,巴基斯坦,PK,Karachi,,"OPQR, OPHQ, Drigh Road Airstrip, Quaid-E-Azam International Airport"
HDD,Hyderabad Airport,25.3181,68.366096,small_airport,Pakistan,巴基斯坦,PK,Hyderabad,,
KDD,Khuzdar Airport,27.790599823,66.6473007202,small_airport,Pakistan,巴基斯坦,PK,Khuzdar,,
LHE,Allama Iqbal International Airport,31.521601,74.403603,large_airport,Pakistan,巴基斯坦,PK,Lahore,,OPLR
XJM,Mangla Airport,33.05009841918945,73.63839721679688,medium_airport,Pakistan,巴基斯坦,PK,Mangla,,
MFG,Muzaffarabad Airport,34.338835,73.508886,small_airport,Pakistan,巴基斯坦,PK,Muzaffarabad,,
MWD,Mianwali Air Base,32.5630989074707,71.5707015991211,medium_airport,Pakistan,巴基斯坦,PK,Mianwali,,
MJD,Moenjodaro Airport,27.335199,68.143097,medium_airport,Pakistan,巴基斯坦,PK,Moenjodaro,,
ATG,Minhas Air Base,33.8690986633,72.4009017944,medium_airport,Pakistan,巴基斯坦,PK,Kamra,,Attock
MUX,Multan International Airport,30.203199,71.419098,large_airport,Pakistan,巴基斯坦,PK,Multan,,Multan Air Base
WNS,Shaheed Benazirabad Airport,26.2194,68.390099,medium_airport,Pakistan,巴基斯坦,PK,Nawabashah,,
PJG,Panjgur Airport,26.9545,64.1325,medium_airport,Pakistan,巴基斯坦,PK,Panjgur,,
PSI,Pasni Airport,25.290501,63.3451,medium_airport,Pakistan,巴基斯坦,PK,Pasni,,
PEW,Bacha Khan International Airport,33.9939,71.514603,large_airport,Pakistan,巴基斯坦,PK,Peshawar,,Peshawar International Airport
UET,Quetta International Airport,30.2514,66.937798,large_airport,Pakistan,巴基斯坦,PK,Quetta,,
RYK,Shaikh Zaid Airport,28.383899688720703,70.27960205078125,medium_airport,Pakistan,巴基斯坦,PK,Rahim Yar Khan,,Rahim Yar Khan Airport
RAZ,Rawalakot Airport,33.849701,73.798103,medium_airport,Pakistan,巴基斯坦,PK,Rawalakot,,
KDU,Skardu International Airport,35.33866,75.538648,large_airport,Pakistan,巴基斯坦,PK,Skardu,,
SKZ,Begum Nusrat Bhutto International Airport Sukkur,27.722,68.791702,medium_airport,Pakistan,巴基斯坦,PK,Sukkur,,Sukkur Airport
SYW,Sehwan Sharif Airport,26.473101,67.717201,medium_airport,Pakistan,巴基斯坦,PK,Sehwan Sharif,,
SGI,Mushaf Air Base,32.04859924316406,72.66500091552734,medium_airport,Pakistan,巴基斯坦,PK,Sargodha,,BHW
SDT,Saidu Sharif Airport,34.813599,72.352798,medium_airport,Pakistan,巴基斯坦,PK,Saidu Sharif,,
SKT,Sialkot International Airport,32.535941,74.364623,large_airport,Pakistan,巴基斯坦,PK,Sialkot,,سیالکوٹ بین الاقوامی ہوائی اڈا
SUL,Sui Airport,28.645099639892578,69.1769027709961,medium_airport,Pakistan,巴基斯坦,PK,Sui,,
TUK,Turbat International Airport,25.984767,63.028856,large_airport,Pakistan,巴基斯坦,PK,Turbat,,
PZH,Zhob Airport,31.358400344848633,69.4636001586914,medium_airport,Pakistan,巴基斯坦,PK,Fort Sandeman,,
IQA,Al Asad Air Base,33.7855987549,42.4412002563,medium_airport,Iraq,伊拉克,IQ,Hīt,,Qadisiyah Airbase
TQD,Al Taqaddum Air Base,33.33810043335,43.597099304199,medium_airport,Iraq,伊拉克,IQ,Al Habbaniyah,,"Tammuz Airbase, Al Fallujah, Greene Field"
BGW,Baghdad International Airport / New Al Muthana Air Base,33.262501,44.2346,large_airport,Iraq,伊拉克,IQ,Baghdad,,"SDA, BIAP, VBC, ORBS, Camp Sather, Saddam International Airport, Al Anbar Airport"
OSM,Mosul International Airport,36.305801,43.1474,large_airport,Iraq,伊拉克,IQ,Mosul,,OSB
EBL,Erbil International Airport,36.236047,43.946615,large_airport,Iraq,伊拉克,IQ,Arbil,,"Irbil, Kurdistan, فروکه‌خانه‌ی نيوده‌وله‌تی هه‌ولير"
ORI,Port Lions Airport,57.884905,-152.847719,small_airport,United States of America,美国,US,Port Lions,,
KIK,Kirkuk International Airport,35.469501,44.3489,large_airport,Iraq,伊拉克,IQ,Kirkuk,,Kirkuk Air Base
BSR,Basra International Airport,30.549101,47.662102,large_airport,Iraq,伊拉克,IQ,Basra,,Basrah
NJF,Al Najaf International Airport,31.991116,44.405019,large_airport,Iraq,伊拉克,IQ,Najaf,,
RQW,Qayyarah West Airport,35.7672,43.125099,medium_airport,Iraq,伊拉克,IQ,Qayyarah,,
ISU,Jalal Talabani International Airport,35.560487,45.315137,medium_airport,Iraq,伊拉克,IQ,Sulaymaniyah,,"ORSU, Kurd, Kurdish, Kurdistan"
XNH,Ali Air Base,30.935801,46.090099,medium_airport,Iraq,伊拉克,IQ,Nasiriyah,,"Tallil Air Base, Camp Adder"
ALP,Aleppo International Airport,36.181262,37.226869,large_airport,Syria,叙利亚,SY,Aleppo,,مطار حلب الدولي
DAM,Damascus International Airport,33.4114990234375,36.51559829711914,large_airport,Syria,叙利亚,SY,Damascus,,مطار دمشق الدولي
DEZ,Deir ez-Zor Airport,35.2854,40.175999,medium_airport,Syria,叙利亚,SY,Deir ez-Zor,,"Al Jafrah Airport, مطار دير الزور"
KAC,Qamishli International Airport,37.020599,41.191399,medium_airport,Syria,叙利亚,SY,Qamishli,,"مطار القامشلي‎, Kamishly, Kamishly International Airport"
LTK,Latakia International Airport,35.4011,35.9487,medium_airport,Syria,叙利亚,SY,Latakia,,"مطار الشهيد باسل الأسد الدولي, Hmeimim Air Base"
PMS,Palmyra Airport,34.5574,38.316898,medium_airport,Syria,叙利亚,SY,Tadmur,,
DIA,Doha International Airport,25.259431,51.565528,large_airport,Qatar,卡塔尔,QA,Doha,,مطار الدوحة الدولى
XJD,Al Udeid Air Base,25.1173000336,51.3149986267,medium_airport,Qatar,卡塔尔,QA,Ar Rayyan,,
DOH,Hamad International Airport,25.273056,51.608056,large_airport,Qatar,卡塔尔,QA,Doha,,New Doha International Airport
ADE,Aden International Airport,12.829564,45.029976,large_airport,Yemen,也门,YE,Aden,,RAF Khormaksar
AXK,Ataq Airport,14.5513,46.826199,medium_airport,Yemen,也门,YE,Ataq,,
AAY,Al Ghaydah International Airport,16.193341,52.174186,medium_airport,Yemen,也门,YE,Al Ghaydah,,
RIY,Riyan International Airport,14.662241,49.375289,large_airport,Yemen,也门,YE,Mukalla,Mukalla(Riyan),"ريان المكلا الدولي, Riyan Mukalla International Airport"
SAH,Sanaa International Airport,15.4763,44.2197,large_airport,Yemen,也门,YE,Sanaa,,
SCT,Socotra Airport,12.632093,53.906173,medium_airport,Yemen,也门,YE,Mori,,Hadibu
GXF,Seiyun Hadhramaut International Airport,15.965887,48.788146,large_airport,Yemen,也门,YE,Seiyun,,
TAI,Taiz International Airport,13.686,44.139099,medium_airport,Yemen,也门,YE,Taiz,,Ganed Airport
BFQ,Bahia Piña Airport,7.58737,-78.179939,small_airport,Panama,巴拿马,PA,Puerto Piña,,
OTD,Raul Arias Espinoza Airport,8.62876,-79.034698,small_airport,Panama,巴拿马,PA,Contadora Island,,Contadora Airport
AKB,Atka Airport,52.220299,-174.205994,small_airport,United States of America,美国,US,Atka,,40A
PAQ,"Warren ""Bud"" Woods Palmer Municipal Airport",61.594898,-149.08901,medium_airport,United States of America,美国,US,Palmer,,"Palmer Muni, Palmer Buddy Woods Municipal"
BTI,Barter Island Long Range Radar Station Airport,70.134003,-143.582001,medium_airport,United States of America,美国,US,Barter Island,,
BET,Bethel Airport,60.77980042,-161.8379974,medium_airport,United States of America,美国,US,Bethel,,
BIG,Allen Army Airfield,63.994499,-145.722,medium_airport,United States of America,美国,US,Delta Junction Ft Greely,,Big Delta Army Airfield
BKC,Buckland Airport,65.981598,-161.149002,small_airport,United States of America,美国,US,Buckland,,7K5
BRW,Wiley Post Will Rogers Memorial Airport,71.285402,-156.766008,medium_airport,United States of America,美国,US,Utqiaġvik,,Barrow
BTT,Bettles Airport,66.913902,-151.529007,small_airport,United States of America,美国,US,Bettles,,
CDB,Cold Bay Airport,55.207871,-162.725029,medium_airport,United States of America,美国,US,Cold Bay,,
CEM,Central Airport,65.573815,-144.780707,small_airport,United States of America,美国,US,Central,,
CIK,Chalkyitsik Airport,66.644997,-143.740005,small_airport,United States of America,美国,US,Chalkyitsik,,
CYF,Chefornak Airport,60.136667,-164.279167,small_airport,United States of America,美国,US,Chefornak,,Z74
SCM,Scammon Bay Airport,61.84471,-165.575209,small_airport,United States of America,美国,US,Scammon Bay,,
IRC,Circle City (New) Airport,65.827673,-144.076195,small_airport,United States of America,美国,US,Circle,,K03
CDV,Merle K (Mudhole) Smith Airport,60.491798,-145.477997,medium_airport,United States of America,美国,US,Cordova,,Cordova Mile 13
CYT,Yakataga Airport,60.080974,-142.494541,small_airport,United States of America,美国,US,Yakataga,,Cape Yakataga
CZF,Cape Romanzof LRRS Airport,61.78030014,-166.0390015,medium_airport,United States of America,美国,US,Cape Romanzof,,
DRG,Deering Airport,66.068901,-162.766914,medium_airport,United States of America,美国,US,Deering,,0Z0
ADK,Adak Airport,51.883564,-176.642783,medium_airport,United States of America,美国,US,Adak,,
DLG,Dillingham Airport,59.04470062,-158.5050049,medium_airport,United States of America,美国,US,Dillingham,,
MLL,Marshall Don Hunter Sr Airport,61.8643,-162.026001,small_airport,United States of America,美国,US,Marshall,,3A5
ADQ,Kodiak Airport,57.75,-152.4940033,medium_airport,United States of America,美国,US,Kodiak,,
DUT,Tom Madsen (Dutch Harbor) Airport,53.89881,-166.544996,medium_airport,United States of America,美国,US,Unalaska,,"Dutch Harbor, Unalaska"
KKH,Kongiganak Airport,59.9608,-162.880997,small_airport,United States of America,美国,US,Kongiganak,,
EDF,Elmendorf Air Force Base,61.251709,-149.807097,medium_airport,United States of America,美国,US,Anchorage,,
EEK,Eek Airport,60.213173,-162.044048,small_airport,United States of America,美国,US,Eek,,
EAA,Eagle Airport,64.778003,-141.150455,small_airport,United States of America,美国,US,Eagle,,
EHM,Cape Newenham LRRS Airport,58.646400451699996,-162.06300354,medium_airport,United States of America,美国,US,Cape Newenham,,
EIL,Eielson Air Force Base,64.66570282,-147.102005,medium_airport,United States of America,美国,US,Fairbanks,,
EMK,Emmonak Airport,62.78609848,-164.4909973,medium_airport,United States of America,美国,US,Emmonak,,
ENA,Kenai Municipal Airport,60.570946,-151.245174,medium_airport,United States of America,美国,US,Kenai,,
WWT,Mertarvik Airport,60.81037,-164.499511,small_airport,United States of America,美国,US,Mertarvik,,Newtok
FAI,Fairbanks International Airport,64.815102,-147.856003,medium_airport,United States of America,美国,US,Fairbanks,,
FBK,Ladd Army Airfield,64.837502,-147.613998,medium_airport,United States of America,美国,US,Fairbanks,,Fort Wainwright
ABL,Ambler Airport,67.105529,-157.855339,medium_airport,United States of America,美国,US,Ambler,,Z60
NIB,Nikolai Airport,63.017949,-154.360399,small_airport,United States of America,美国,US,Nikolai,,5NI
GAL,Edward G. Pitka Sr Airport,64.736198,-156.936997,medium_airport,United States of America,美国,US,Galena,,
KWK,Kwigillingok Airport,59.876499,-163.169005,small_airport,United States of America,美国,US,Kwigillingok,,"A85, AK85"
SHG,Shungnak Airport,66.88809967041,-157.16200256348,small_airport,United States of America,美国,US,Shungnak,,
GKN,Gulkana Airport,62.155859,-145.454662,medium_airport,United States of America,美国,US,Gulkana,,
GLV,Golovin Airport,64.550499,-163.007004,small_airport,United States of America,美国,US,Golovin,,Formerly N93
GAM,Gambell Airport,63.767694,-171.733303,medium_airport,United States of America,美国,US,Gambell,,
GST,Gustavus Airport,58.4253006,-135.7070007,medium_airport,United States of America,美国,US,Gustavus,,
NME,Nightmute Airport,60.469129,-164.70407,small_airport,United States of America,美国,US,Nightmute,,AK08
SGY,Skagway Airport,59.460343,-135.316651,small_airport,United States of America,美国,US,Skagway,,
HCR,Holy Cross Airport,62.18830108642578,-159.77499389648438,medium_airport,United States of America,美国,US,Holy Cross,,4Z4
HSL,Huslia Airport,65.697899,-156.350998,medium_airport,United States of America,美国,US,Huslia,,
HNS,Haines Airport,59.243921,-135.523925,medium_airport,United States of America,美国,US,Haines,,
HOM,Homer Airport,59.644456,-151.479235,medium_airport,United States of America,美国,US,Homer,,
HPB,Hooper Bay Airport,61.523899,-166.147003,small_airport,United States of America,美国,US,Hooper Bay,,
HUS,Hughes Airport,66.04109955,-154.2630005,small_airport,United States of America,美国,US,Hughes,,
IGG,Igiugig Airport,59.324001,-155.901993,small_airport,United States of America,美国,US,Igiugig,,
EGX,Egegik Airport,58.184386,-157.374873,medium_airport,United States of America,美国,US,Egegik,,
IAN,Bob Baker Memorial Airport,66.976128,-160.439014,medium_airport,United States of America,美国,US,Kiana,,
ILI,Iliamna Airport,59.754398,-154.910996,medium_airport,United States of America,美国,US,Iliamna,,
UTO,Indian Mountain LRRS Airport,65.992798,-153.703995,medium_airport,United States of America,美国,US,Utopia Creek,,
WAA,Wales Airport,65.622593,-168.095,small_airport,United States of America,美国,US,Wales,,
KCG,Chignik Airport,56.311501,-158.373001,small_airport,United States of America,美国,US,Chignik,,Z79
JNU,Juneau International Airport,58.354935,-134.574416,medium_airport,United States of America,美国,US,Juneau,,
KGK,Koliganek Airport,59.726600647,-157.259002686,small_airport,United States of America,美国,US,Koliganek,,
KFP,False Pass Airport,54.84751,-163.407168,small_airport,United States of America,美国,US,False Pass,,
AKK,Akhiok Airport,56.938702,-154.182999,small_airport,United States of America,美国,US,Akhiok,,
KPN,Kipnuk Airport,59.931796,-164.028196,small_airport,United States of America,美国,US,Kipnuk,,
KKA,Koyuk Alfred Adams Airport,64.939499,-161.154007,small_airport,United States of America,美国,US,Koyuk,,
AKN,King Salmon Airport,58.677845,-156.651965,medium_airport,United States of America,美国,US,King Salmon,,Naknek Air Force Base
IKO,Nikolski Air Station,52.941552,-168.849478,small_airport,United States of America,美国,US,Nikolski,,
AKP,Anaktuvuk Pass Airport,68.133598,-151.742996,medium_airport,United States of America,美国,US,Anaktuvuk Pass,,
KTN,Ketchikan International Airport,55.35559845,-131.7140045,medium_airport,United States of America,美国,US,Ketchikan,,
KAL,Kaltag Airport,64.31864,-158.74197,small_airport,United States of America,美国,US,Kaltag,,
KLW,Klawock Airport,55.579201,-133.076004,medium_airport,United States of America,美国,US,Klawock,,9Z1
KYK,Karluk Airport,57.565919,-154.453762,small_airport,United States of America,美国,US,Karluk,,
KLN,Larsen Bay Airport,57.53516,-153.976455,small_airport,United States of America,美国,US,Larsen Bay,,09AK
KLG,Kalskag Airport,61.53630065917969,-160.34100341796875,small_airport,United States of America,美国,US,Kalskag,,
PTA,Port Alsworth Airport,60.201681,-154.325863,small_airport,United States of America,美国,US,Port Alsworth,,
LUR,Cape Lisburne LRRS Airport,68.875099,-166.110001,medium_airport,United States of America,美国,US,Cape Lisburne,,
KMO,Manokotak Airport,58.932056,-158.901886,small_airport,United States of America,美国,US,Manokotak,,17Z
MCG,McGrath Airport,62.95289993,-155.6060028,medium_airport,United States of America,美国,US,McGrath,,
LMA,Minchumina Airport,63.886002,-152.302002,small_airport,United States of America,美国,US,Minchumina,,
SMK,St Michael Airport,63.49010086,-162.1100006,small_airport,United States of America,美国,US,St Michael,,5S8
MLY,Manley Hot Springs Airport,64.99188,-150.644102,small_airport,United States of America,美国,US,Manley Hot Springs,,
MOU,Mountain Village Airport,62.095401763916016,-163.6820068359375,small_airport,United States of America,美国,US,Mountain Village,,
MRI,Merrill Field,61.212792,-149.843988,medium_airport,United States of America,美国,US,Anchorage,,
MYU,Mekoryuk Airport,60.372338,-166.269751,medium_airport,United States of America,美国,US,Mekoryuk,,
WNA,Napakiak Airport,60.6903,-161.979004,small_airport,United States of America,美国,US,Napakiak,,
ANC,Ted Stevens Anchorage International Airport,61.179004,-149.992561,large_airport,United States of America,美国,US,Anchorage,,Anchorage
ANI,Aniak Airport,61.581600189208984,-159.54299926757812,medium_airport,United States of America,美国,US,Aniak,,
ENN,Nenana Municipal Airport,64.548772,-149.074516,medium_airport,United States of America,美国,US,Nenana,,
ANN,Annette Island Airport,55.037663,-131.572609,medium_airport,United States of America,美国,US,Metlakatla,,
NUL,Nulato Airport,64.729301,-158.074005,small_airport,United States of America,美国,US,Nulato,,
ANV,Anvik Airport,62.646702,-160.190994,medium_airport,United States of America,美国,US,Anvik,,
KNW,New Stuyahok Airport,59.451838,-157.373829,small_airport,United States of America,美国,US,New Stuyahok,,
OBU,Kobuk Airport,66.9123,-156.897003,small_airport,United States of America,美国,US,Kobuk,,
HNH,Hoonah Airport,58.0961,-135.410111,small_airport,United States of America,美国,US,Hoonah,,
OME,Nome Airport,64.51219940185547,-165.44500732421875,medium_airport,United States of America,美国,US,Nome,,
OOK,Toksook Bay Airport,60.541401,-165.087006,small_airport,United States of America,美国,US,Toksook Bay,,
ORT,Northway Airport,62.9613,-141.929001,medium_airport,United States of America,美国,US,Northway,,
OTZ,Ralph Wien Memorial Airport,66.88469696,-162.598999,medium_airport,United States of America,美国,US,Kotzebue,,
NLG,Nelson Lagoon Airport,56.0075,-161.160004,small_airport,United States of America,美国,US,Nelson Lagoon,,Z73
STG,St George Airport,56.577345,-169.663823,medium_airport,United States of America,美国,US,St George,,A8L
KPC,Port Clarence Coast Guard Station,65.2537002563,-166.85899353,medium_airport,United States of America,美国,US,Port Clarence,,
KPV,Perryville Airport,55.9065,-159.16091,small_airport,United States of America,美国,US,Perryville,,"AK05, AK5"
PSG,Petersburg James A Johnson Airport,56.80170059,-132.9450073,medium_airport,United States of America,美国,US,Petersburg,,
PTH,Port Heiden Airport,56.957893,-158.630219,medium_airport,United States of America,美国,US,Port Heiden,,
PKA,Napaskiak Airport,60.7029,-161.778,small_airport,United States of America,美国,US,Napaskiak,,
PTU,Platinum Airport,59.017675,-161.827927,medium_airport,United States of America,美国,US,Platinum,,
PIP,Pilot Point Airport,57.580399,-157.572006,small_airport,United States of America,美国,US,Pilot Point,,
PHO,Point Hope Airport,68.348801,-166.798996,small_airport,United States of America,美国,US,Point Hope,,
KWN,Quinhagak Airport,59.7551,-161.845,small_airport,United States of America,美国,US,Quinhagak,,
NUI,Nuiqsut Airport,70.209999,-151.005998,medium_airport,United States of America,美国,US,Nuiqsut,,10AK
ARC,Arctic Village Airport,68.1147,-145.578995,medium_airport,United States of America,美国,US,Arctic Village,,
RSH,Russian Mission Airport,61.775071,-161.319466,small_airport,United States of America,美国,US,Russian Mission,,
RBY,Ruby Airport,64.727203,-155.470001,medium_airport,United States of America,美国,US,Ruby,,
SVA,Savoonga Airport,63.686401,-170.492996,medium_airport,United States of America,美国,US,Savoonga,,
SCC,Deadhorse Airport,70.19470215,-148.4649963,medium_airport,United States of America,美国,US,Deadhorse,,
SDP,Sand Point Airport,55.313908,-160.522099,medium_airport,United States of America,美国,US,Sand Point,,
SHH,Shishmaref Airport,66.249604,-166.089112,small_airport,United States of America,美国,US,Shishmaref,,K09
SIT,Sitka Rocky Gutierrez Airport,57.04710006713867,-135.36199951171875,medium_airport,United States of America,美国,US,Sitka,,
WLK,Selawik Airport,66.600098,-159.985992,small_airport,United States of America,美国,US,Selawik,,
SLQ,Sleetmute Airport,61.7005,-157.166,small_airport,United States of America,美国,US,Sleetmute,,
KSM,St Mary's Airport,62.060501,-163.302002,small_airport,United States of America,美国,US,St Mary's,,
SNP,St Paul Island Airport,57.166311,-170.222555,medium_airport,United States of America,美国,US,St Paul Island,,Pribilof
SOV,Seldovia Airport,59.442981,-151.705227,small_airport,United States of America,美国,US,Seldovia,,
SVW,Sparrevohn LRRS Airport,61.09740067,-155.5740051,medium_airport,United States of America,美国,US,Sparrevohn,,
SXQ,Soldotna Airport,60.474935,-151.038471,medium_airport,United States of America,美国,US,Soldotna,,
SYA,Eareckson Air Station,52.71229935,174.1139984,medium_airport,United States of America,美国,US,Shemya,,
TAL,Ralph M Calhoun Memorial Airport,65.1744,-152.108994,small_airport,United States of America,美国,US,Tanana,,
TNC,Tin City Long Range Radar Station Airport,65.563103,-167.921997,small_airport,United States of America,美国,US,Tin City,,
TLA,Teller Airport,65.240402,-166.339005,small_airport,United States of America,美国,US,Teller,,"AK54, K54"
TOG,Togiak Airport,59.052799,-160.397003,small_airport,United States of America,美国,US,Togiak Village,,
TKA,Talkeetna Airport,62.320499420166,-150.09399414062,medium_airport,United States of America,美国,US,Talkeetna,,
TLJ,Tatalina LRRS Airport,62.894401550299996,-155.977005005,medium_airport,United States of America,美国,US,Takotna,,
ATK,Atqasuk Edward Burnell Sr Memorial Airport,70.46704,-157.436013,medium_airport,United States of America,美国,US,Atqasuk,,Z46
AUK,Alakanuk Airport,62.682653,-164.722481,small_airport,United States of America,美国,US,Alakanuk,,
UNK,Unalakleet Airport,63.888401,-160.798996,medium_airport,United States of America,美国,US,Unalakleet,,
KQA,Akutan Airport,54.14459,-165.604332,small_airport,United States of America,美国,US,Akutan,,Akun Airport
VAK,Chevak Airport,61.5409,-165.6005,small_airport,United States of America,美国,US,Chevak,,
KVC,King Cove Airport,55.116299,-162.266006,small_airport,United States of America,美国,US,King Cove,,
VDZ,Valdez Pioneer Field,61.132712,-146.246567,medium_airport,United States of America,美国,US,Valdez,,Valdez Number 2
VEE,Venetie Airport,67.008698,-146.365997,small_airport,United States of America,美国,US,Venetie,,
KVL,Kivalina Airport,67.734565,-164.559917,small_airport,United States of America,美国,US,Kivalina,,
WBQ,Beaver Airport,66.362198,-147.406998,small_airport,United States of America,美国,US,Beaver,,
SWD,Seward Airport,60.130478,-149.418612,medium_airport,United States of America,美国,US,Seward,,
WRG,Wrangell Airport,56.48429871,-132.3699951,medium_airport,United States of America,美国,US,Wrangell,,
AIN,Wainwright Airport,70.638,-159.994995,medium_airport,United States of America,美国,US,Wainwright,,5WW
WMO,White Mountain Airport,64.689201,-163.412994,small_airport,United States of America,美国,US,White Mountain,,
WTK,Noatak Airport,67.561241,-162.980461,small_airport,United States of America,美国,US,Noatak,,
WWA,Wasilla Airport,61.571701,-149.539993,medium_airport,United States of America,美国,US,Wasilla,,4A1
YAK,Yakutat Airport,59.508717,-139.660435,medium_airport,United States of America,美国,US,Yakutat,,
CIS,Canton Island Airport,-2.7681200504300003,-171.710006714,medium_airport,Kiribati,基里巴斯,KI,Abariringa,,Kanton Island
AKI,Akiak Airport,60.902646,-161.23106,small_airport,United States of America,美国,US,Akiak,,
AET,Allakaket Airport,66.551804,-152.621994,small_airport,United States of America,美国,US,Allakaket,,
NCN,Chenega Bay Airport,60.077602,-147.99468,small_airport,United States of America,美国,US,Chenega,,
CLP,Clarks Point Airport,58.833698,-158.529007,small_airport,United States of America,美国,US,Clarks Point,,
ELI,Elim Airport,64.6147,-162.272003,small_airport,United States of America,美国,US,Elim,,
KUK,Kasigluk Airport,60.872747,-162.5247,small_airport,United States of America,美国,US,Kasigluk,,
KNK,Kokhanok Airport,59.433248,-154.80217,small_airport,United States of America,美国,US,Kokhanok,,
KOT,Kotlik Airport,63.030602,-163.533005,small_airport,United States of America,美国,US,Kotlik,,
KTS,Brevig Mission Airport,65.331826,-166.467848,small_airport,United States of America,美国,US,Brevig Mission,,
KYU,Koyukuk Airport,64.876099,-157.727005,small_airport,United States of America,美国,US,Koyukuk,,
KWT,Kwethluk Airport,60.790298,-161.444,small_airport,United States of America,美国,US,Kwethluk,,
ORV,Robert (Bob) Curtis Memorial Airport,66.817902,-161.018997,small_airport,United States of America,美国,US,Noorvik,,
SKK,Shaktoolik Airport,64.371101,-161.223999,small_airport,United States of America,美国,US,Shaktoolik,,
TKJ,Tok Junction Airport,63.32949829,-142.9539948,small_airport,United States of America,美国,US,Tok,,
WSN,South Naknek Number 2 Airport,58.702362,-157.005444,small_airport,United States of America,美国,US,South Naknek,,
FYU,Fort Yukon Airport,66.571651,-145.249987,medium_airport,United States of America,美国,US,Fort Yukon,,
LMY,Lake Murray Airport,-7.00992,141.494003,small_airport,Papua New Guinea,巴布亚新几内亚,PG,Lake Murray,,
PGM,Port Graham Airport,59.348355,-151.830025,small_airport,United States of America,美国,US,Port Graham,,
ROP,Rota International Airport,14.173267,145.241103,large_airport,N. Mariana Is.,北马里亚纳群岛,MP,Rota Island,,
SPN,Saipan International Airport,15.119384,145.728848,medium_airport,N. Mariana Is.,北马里亚纳群岛,MP,"I Fadang, Saipan",,Francisco C. Ada
UAM,Andersen Air Force Base,13.584,144.929998,medium_airport,Guam,关岛,GU,Yigo,,
GUM,Antonio B. Won Pat International Airport,13.485,144.797282,large_airport,Guam,关岛,GU,Hagåtña,,"NGM, NAS Agana"
TIQ,Francisco Manglona Borja / Tinian International Airport,14.999207,145.619355,medium_airport,N. Mariana Is.,北马里亚纳群岛,MP,Tinian Island,,
BKH,Barking Sands Airport,22.0228,-159.785004,medium_airport,United States of America,美国,US,Kekaha,,"Pacific Missle Range Facility Barking Sands, Kauai"
HNM,Hana Airport,20.795601,-156.014008,medium_airport,United States of America,美国,US,Hana,,
JHM,Kapalua Airport,20.9629,-156.673004,medium_airport,United States of America,美国,US,Lahaina,,
JRF,Kalaeloa Airport,21.3074,-158.070009,medium_airport,United States of America,美国,US,Kapolei,,"NAX, Naval Air Station Barbers Point, John Rodgers Field"
KOA,Ellison Onizuka Kona International Airport at Keāhole,19.738783,-156.045603,large_airport,United States of America,美国,US,Kailua-Kona,,
LIH,Lihue Airport,21.974393,-159.337146,large_airport,United States of America,美国,US,"Lihue, Kauai",,
LUP,Kalaupapa Airport,21.211,-156.973999,small_airport,United States of America,美国,US,Kalaupapa,,
MKK,Molokai Airport,21.152901,-157.095993,medium_airport,United States of America,美国,US,Kaunakakai,,
MUE,Waimea Kohala Airport,20.001301,-155.667999,medium_airport,United States of America,美国,US,Waimea,Waimea (Kamuela),
NGF,Kaneohe Bay MCAS (Marion E. Carl Field) Airport,21.4505,-157.768005,medium_airport,United States of America,美国,US,Kaneohe,,
HNL,Daniel K. Inouye International Airport,21.318387,-157.92567,large_airport,United States of America,美国,US,"Honolulu, Oahu",,"Hickam Air Force Base, HIK, PHIK, KHNL, Honolulu International"
LNY,Lanai Airport,20.785675,-156.951324,medium_airport,United States of America,美国,US,Lanai City,,
OGG,Kahului International Airport,20.896263,-156.431837,large_airport,United States of America,美国,US,Kahului,,
ITO,Hilo International Airport,19.72135,-155.045428,medium_airport,United States of America,美国,US,Hilo,,
ENT,Eniwetok Airport,11.340700149536133,162.3280029296875,small_airport,Marshall Is.,马绍尔群岛,MH,Eniwetok Atoll,,
MAJ,Marshall Islands International Airport,7.06511,171.271656,large_airport,Marshall Is.,马绍尔群岛,MH,Majuro Atoll,,
KWA,Bucholz Army Air Field,8.720120429992676,167.73199462890625,medium_airport,Marshall Is.,马绍尔群岛,MH,Kwajalein,,
CXI,Cassidy International Airport,1.986278,-157.350011,large_airport,Kiribati,基里巴斯,KI,Kiritimati,,"Christmas Island, Banana"
MDY,Henderson Field,28.2017,-177.380997,medium_airport,U.S. Minor Outlying Is.,美国本土外小岛屿,UM,Sand Island,,
PIZ,Point Lay LRRS Airport,69.732903,-163.005005,medium_airport,United States of America,美国,US,Point Lay,,
TKK,Chuuk International Airport,7.46187,151.843002,large_airport,Micronesia,密克罗尼西亚联邦,FM,Weno Island,,Erhart Aten International Airport
PNI,Pohnpei International Airport,6.985082,158.20992,medium_airport,Micronesia,密克罗尼西亚联邦,FM,Pohnpei Island,,Ponape
ROR,Roman Tmetuchl International Airport,7.366965,134.544085,large_airport,Palau,帕劳,PW,Babelthuap Island,,"Babelthuap Airport, Palau International Airport"
KSA,Kosrae International Airport,5.35698,162.957993,large_airport,Micronesia,密克罗尼西亚联邦,FM,Okat,,Caroline Islands Airport
YAP,Yap International Airport,9.49891,138.082993,large_airport,Micronesia,密克罗尼西亚联邦,FM,Yap Island,,
AWK,Wake Island Airfield,19.282437,166.636637,medium_airport,U.S. Minor Outlying Is.,美国本土外小岛屿,UM,Wake Island,,
KIO,Kili Airport,5.64386,169.124586,small_airport,Marshall Is.,马绍尔群岛,MH,Kili Island,,Q51
KNH,Kinmen Airport,24.4279,118.359001,medium_airport,"Taiwan, China",中国台湾,CN-TW,Shang-I,,"Shang Yi Airport, 金門尚義機場, 金门尚义机场, Jīnmén Shàngyì jīchǎng"
LZN,Matsu Nangan Airport,26.159656,119.958376,medium_airport,"Taiwan, China",中国台湾,CN-TW,Matsu,Matsu (Nangan),
TTT,Taitung Airport,22.754856,121.101794,medium_airport,"Taiwan, China",中国台湾,CN-TW,Taitung City,,"Fengnian Airport, 台東機場"
KHH,Kaohsiung International Airport,22.577101,120.349998,large_airport,"Taiwan, China",中国台湾,CN-TW,Kaohsiung,Kaohsiung (Xiaogang),"Siaogang International Airport, 高雄國際航空站, 小港國際機場"
CYI,Chiayi Airport,23.462577,120.390544,medium_airport,"Taiwan, China",中国台湾,CN-TW,Shuishang,,"Shueishang Airport, 嘉義航空站, 水上機場"
HCN,Hengchun Airport,22.0411,120.730003,medium_airport,"Taiwan, China",中国台湾,CN-TW,Hengchun,,
KYD,Lanyu Airport,22.027000427246094,121.53500366210938,medium_airport,"Taiwan, China",中国台湾,CN-TW,Orchid Island,,Lanyu Auxiliary Station
RMQ,Taichung International Airport / Ching Chuang Kang Air Base,24.2647,120.621002,large_airport,"Taiwan, China",中国台湾,CN-TW,Taichung,Taichung (Qingshui),臺中清泉崗機場
MFK,Matsu Beigan Airport,26.22414,120.002679,medium_airport,"Taiwan, China",中国台湾,CN-TW,Matsu,Matsu (Beigan),
TNN,Tainan International Airport / Tainan Air Base,22.950399,120.206001,large_airport,"Taiwan, China",中国台湾,CN-TW,Tainan,Tainan (Rende),"臺南機場, 臺南航空站"
HSZ,Hsinchu Air Base,24.8180007935,120.939002991,medium_airport,"Taiwan, China",中国台湾,CN-TW,Hsinchu City,,
MZG,Penghu Magong Airport,23.568701,119.627998,large_airport,"Taiwan, China",中国台湾,CN-TW,Huxi,,"Magong, Makung"
TSA,Taipei Songshan International Airport,25.067244,121.552822,large_airport,"Taiwan, China",中国台湾,CN-TW,Taipei,Taipei (Songshan),"Sungshan Airport, 台北松山機場, 臺北松山機場"
TPE,Taiwan Taoyuan International Airport,25.0777,121.233002,large_airport,"Taiwan, China",中国台湾,CN-TW,Taoyuan,,"Taoyuan County, Dayuan District. 臺灣桃園國際機場"
HUN,Hualien Chiashan Airport,24.023163,121.617991,large_airport,"Taiwan, China",中国台湾,CN-TW,Hualien City,,花蓮機場
RDV,Red Devil Airport,61.788101,-157.350006,small_airport,United States of America,美国,US,Red Devil,,
RHT,Alxa Right Banner Badanjilin Airport,39.225,101.546,small_airport,China,中华人民共和国,CN,Badanjilin,,
NRT,Narita International Airport,35.76858,140.388714,large_airport,Japan,日本,JP,Narita,,"TYO, Tokyo, Tokyo Narita Airport, New Tokyo International Airport, 成田国際空港, 成田空港, 東京都, 東京成田"
MMJ,Shinshu-Matsumoto Airport,36.166801,137.923004,medium_airport,Japan,日本,JP,Matsumoto,,
IBR,Ibaraki Airport,36.181456,140.414434,large_airport,Japan,日本,JP,Omitama,,"Hyakuri, 茨城空港"
IWO,Ioto (Iwo Jima) Airbase,24.784153,141.32261,medium_airport,Japan,日本,JP,Ogasawara,,"Iwo Jima Airport, Central Field, Ioto, Iōtō"
KIX,Kansai International Airport,34.427299,135.244003,large_airport,Japan,日本,JP,Osaka,,OSA
SHM,Nanki Shirahama Airport,33.6622009277,135.363998413,medium_airport,Japan,日本,JP,Shirahama,,
UKB,Kobe Airport,34.632801,135.223999,large_airport,Japan,日本,JP,Kobe,,
TJH,Konotori Tajima Airport,35.512798,134.787003,medium_airport,Japan,日本,JP,Toyooka,,"tajima, toyooka"
OBO,Tokachi-Obihiro Airport,42.7332992554,143.216995239,medium_airport,Japan,日本,JP,Obihiro,,
CTS,New Chitose Airport,42.774753,141.690414,large_airport,Japan,日本,JP,Sapporo,,新千歳空港
HKD,Hakodate Airport,41.77,140.822006,large_airport,Japan,日本,JP,Hakodate,,
KUH,Kushiro Airport,43.041,144.192993,medium_airport,Japan,日本,JP,Kushiro,,
MMB,Memanbetsu Airport,43.8805999756,144.164001465,medium_airport,Japan,日本,JP,Ōzora,,
SHB,Nakashibetsu Airport,43.5774993896,144.960006714,medium_airport,Japan,日本,JP,Nakashibetsu,,
OKD,Sapporo Okadama Airport,43.117447,141.38134,medium_airport,Japan,日本,JP,Sapporo,,"RJCO, OKD, Sapporo, Okadama"
WKJ,Wakkanai Airport,45.4042015076,141.800994873,medium_airport,Japan,日本,JP,Wakkanai,,
AXJ,Amakusa Airport,32.482498,130.158997,medium_airport,Japan,日本,JP,Amakusa,,
IKI,Iki Airport,33.7490005493,129.785003662,medium_airport,Japan,日本,JP,Iki,,
UBJ,Yamaguchi Ube Airport,33.93,131.279007,medium_airport,Japan,日本,JP,Ube,,
TSJ,Tsushima Airport,34.2849006653,129.330993652,medium_airport,Japan,日本,JP,Tsushima,,
MBE,Monbetsu Airport,44.303901672399995,143.404006958,medium_airport,Japan,日本,JP,Monbetsu,,
AKJ,Asahikawa Airport,43.670799,142.447006,medium_airport,Japan,日本,JP,Higashikagura,,
OIR,Okushiri Airport,42.0717010498,139.432998657,medium_airport,Japan,日本,JP,Okushiri Island,,
RIS,Rishiri Airport,45.2420005798,141.186004639,medium_airport,Japan,日本,JP,Rishiri,,
KUM,Yakushima Airport,30.385599,130.658997,medium_airport,Japan,日本,JP,Yakushima,,
FUJ,Fukue Airport,32.666302,128.832993,medium_airport,Japan,日本,JP,Goto,,"Goto-Fukue, Goto Tsubaki"
FUK,Fukuoka Airport,33.585899353027344,130.4510040283203,large_airport,Japan,日本,JP,Fukuoka,,Itazuke Air Base
TNE,New Tanegashima Airport,30.605100631699997,130.990997314,medium_airport,Japan,日本,JP,Tanegashima,,
KOJ,Kagoshima Airport,31.8034,130.718994,large_airport,Japan,日本,JP,Kagoshima,,
KMI,Miyazaki Airport,31.877199,131.449005,large_airport,Japan,日本,JP,Miyazaki,,
OIT,Oita Airport,33.479400634799994,131.736999512,medium_airport,Japan,日本,JP,Oita,,
KKJ,Kitakyushu Airport,33.845901,131.035004,large_airport,Japan,日本,JP,Kitakyushu,,"kitakyushu, kokuraminami"
HSG,Kyushu Saga International Airport,33.1497,130.302002,large_airport,Japan,日本,JP,Saga,,
KMJ,Kumamoto Airport,32.837299,130.854996,large_airport,Japan,日本,JP,Kumamoto,,
NGS,Nagasaki Airport,32.916901,129.914001,large_airport,Japan,日本,JP,Nagasaki,,
NGO,Chubu Centrair International Airport,34.858398,136.804993,large_airport,Japan,日本,JP,Tokoname,,
ASJ,Amami Airport,28.430599212646484,129.71299743652344,medium_airport,Japan,日本,JP,Amami,,
OKE,Okinoerabu Airport,27.431604,128.705564,medium_airport,Japan,日本,JP,Wadomari,,Okierabu
KKX,Kikai Airport,28.321300506599997,129.927993774,medium_airport,Japan,日本,JP,Kikai,,
TKN,Tokunoshima Airport,27.836382,128.881356,medium_airport,Japan,日本,JP,Amagi,,
NKM,Nagoya Airport / JASDF Komaki Air Base,35.255759,136.924095,medium_airport,Japan,日本,JP,Nagoya,,"Komaki Airport, Nagoya Airfield, 名古屋飛行場, Prefectural Nagoya Airport"
FKJ,Fukui Airport,36.142799,136.223999,medium_airport,Japan,日本,JP,Fukui,,
QGU,Gifu Airport,35.3941,136.869995,medium_airport,Japan,日本,JP,Gifu,,
KMQ,Komatsu Airport / JASDF Komatsu Air Base,36.393407,136.406895,large_airport,Japan,日本,JP,Kanazawa,,
OKI,Oki Global Geopark Airport,36.178388,133.323566,medium_airport,Japan,日本,JP,Okinoshima,,"oki, okinoshima, geopark, global, sekai"
FSZ,Mount Fuji Shizuoka Airport,34.795022,138.190976,large_airport,Japan,日本,JP,Makinohara / Shimada,,富士山静岡空港
TOY,Toyama Kitokito Airport,36.648416,137.187359,medium_airport,Japan,日本,JP,Toyama,,
NTQ,Noto Satoyama Airport,37.293098,136.962006,medium_airport,Japan,日本,JP,Wajima,,"Noto, Wajima"
HIJ,Hiroshima Airport,34.4361,132.919006,large_airport,Japan,日本,JP,Hiroshima,,広島空港
OKJ,Okayama Momotaro Airport,34.756901,133.854996,large_airport,Japan,日本,JP,Okayama,,okayama
IZO,Izumo Enmusubi Airport,35.413601,132.889999,medium_airport,Japan,日本,JP,Izumo,,"izumo, enmusubi, en-musubi"
YGJ,Yonago Kitaro Airport / JASDF Miho Air Base,35.492199,133.235992,medium_airport,Japan,日本,JP,Yonago,,"miho, yonago"
IWK,Iwakuni Kintaikyo Airport,34.146333,132.247238,medium_airport,Japan,日本,JP,Iwakuni,,"MCAS Iwakuni, Iwakuni Air Base"
KCZ,Kochi Ryoma Airport,33.545217,133.670166,large_airport,Japan,日本,JP,Nankoku,,"Kochi, Nankoku, RJOK, KCZ"
MYJ,Matsuyama Airport,33.826893,132.700114,large_airport,Japan,日本,JP,Matsuyama,,
ITM,Osaka Itami International Airport,34.780853,135.440829,large_airport,Japan,日本,JP,Osaka,,"OSA, Itami"
TTJ,Tottori Sand Dunes Conan Airport,35.530058,134.165023,medium_airport,Japan,日本,JP,Tottori,,"鳥取砂丘コナン空港, 鳥取, コナン, Tottori Airport"
TKS,Tokushima Awaodori Airport / JMSDF Tokushima Air Base,34.132559,134.607816,large_airport,Japan,日本,JP,Tokushima,,Tokushima
TAK,Takamatsu Airport,34.214963,134.015454,large_airport,Japan,日本,JP,Takamatsu,,
IWJ,Iwami Airport,34.676399231,131.789993286,medium_airport,Japan,日本,JP,Masuda,,
AOJ,Aomori Airport,40.733777,140.689477,large_airport,Japan,日本,JP,Aomori,,
GAJ,Yamagata Airport,38.4119,140.371002,medium_airport,Japan,日本,JP,Higashine,,
SDS,Sado Airport,38.0601997375,138.414001465,medium_airport,Japan,日本,JP,Sado,,
FKS,Fukushima Airport,37.22740173339844,140.43099975585938,medium_airport,Japan,日本,JP,Sukagawa,,福島空港
HHE,JMSDF Hachinohe Air Base / Hachinohe Airport,40.551181,141.465428,medium_airport,Japan,日本,JP,Hachinohe,,
HNA,Iwate Hanamaki Airport,39.4286,141.134995,medium_airport,Japan,日本,JP,Hanamaki,,Morioka
AXT,Akita Airport,39.615601,140.218994,medium_airport,Japan,日本,JP,Akita,,
MSJ,Misawa Airport / Misawa Air Base,40.703201,141.367996,medium_airport,Japan,日本,JP,Misawa,,
KIJ,Niigata Airport,37.954166,139.112189,large_airport,Japan,日本,JP,Niigata,,"新潟空港, 新潟"
ONJ,Odate Noshiro Airport,40.191898,140.371002,medium_airport,Japan,日本,JP,Kitaakita,,
SDJ,Sendai Airport,38.139702,140.917007,large_airport,Japan,日本,JP,Natori,,
SYO,Shonai Airport,38.812199,139.787003,medium_airport,Japan,日本,JP,Shonai,,
NJA,JMSDF Atsugi Air Base / Naval Air Facility Atsugi,35.454601,139.449997,medium_airport,Japan,日本,JP,Ayase / Yamato,,Atsugi NAF
HAC,Hachijojima Airport,33.114843,139.785645,medium_airport,Japan,日本,JP,Hachijojima,,
OIM,Oshima Airport,34.782001495399996,139.36000061,medium_airport,Japan,日本,JP,Izu Oshima,,
MYE,Miyakejima Airport,34.073600769,139.559997559,medium_airport,Japan,日本,JP,Miyakejima,,
HND,Tokyo Haneda International Airport,35.549678,139.786958,large_airport,Japan,日本,JP,Tokyo,,"TYO, Haneda, 羽田空港, 東京国際空港, 東京, 東京都"
OKO,Yokota Air Base,35.748501,139.348007,medium_airport,Japan,日本,JP,Fussa,,
MWX,Muan International Airport,34.991406,126.382814,large_airport,South Korea,大韩民国,KR,Muan,Muan (Piseo-ri),"Gwangju, Mokpo, Muan, MWX, RKJB"
KWJ,Gwangju Airport,35.123173,126.805444,medium_airport,South Korea,大韩民国,KR,Gwangju,,
KUV,Gunsan Airport / Gunsan Air Base,35.903801,126.615997,medium_airport,South Korea,大韩民国,KR,Gunsan,,Kunsan
RSU,Yeosu Airport,34.84230041503906,127.61699676513672,medium_airport,South Korea,大韩民国,KR,Yeosu,,
KAG,Gangneung Airport (K-18),37.753601,128.943915,medium_airport,South Korea,大韩民国,KR,Gangneung,,K-18
WJU,Wonju Airport / Hoengseong Air Base (K-38/K-46),37.437113,127.960051,medium_airport,South Korea,大韩民国,KR,Wonju,,"Wonju, Hoengseong Air Base, K-38, K-46, WJU, RKNW, RKNH"
YNY,Yangyang International Airport,38.060481,128.669822,large_airport,South Korea,大韩民国,KR,Gonghang-ro,,"RKNY, YNY, Yangyang, Gonghang"
CJU,Jeju International Airport,33.512058,126.492548,large_airport,South Korea,大韩民国,KR,Jeju City,,
JDG,Jeongseok Airport,33.3996009827,126.711997986,medium_airport,South Korea,大韩民国,KR,Jeju Island,,Cheju
PUS,Gimhae International Airport,35.179501,128.938004,large_airport,South Korea,大韩民国,KR,Busan,,"김해국제공항, 金海國際空港, Kimhae, Pusan, Busan Airport"
HIN,Sacheon Airport / Sacheon Air Base,35.088591,128.071747,medium_airport,South Korea,大韩民国,KR,Sacheon,,
USN,Ulsan Airport,35.59349823,129.352005005,medium_airport,South Korea,大韩民国,KR,Ulsan,,
ICN,Incheon International Airport,37.469101,126.450996,large_airport,South Korea,大韩民国,KR,Seoul,,
SSN,Seoul Air Base (K-16),37.444744,127.112718,medium_airport,South Korea,大韩民国,KR,Seongnam,,
OSN,Osan Air Base,37.091457,127.029448,medium_airport,South Korea,大韩民国,KR,Pyeongtaek,,
GMP,Seoul Gimpo International Airport,37.5583,126.791,large_airport,South Korea,大韩民国,KR,Seoul,,Kimpo
SWU,Suwon Airport,37.239399,127.007004,medium_airport,South Korea,大韩民国,KR,Suwon,,
KPO,Pohang Airport (G-815/K-3),35.987955,129.420383,medium_airport,South Korea,大韩民国,KR,Pohang,,
JWO,Jungwon Air Base/Chungju Airport,37.03024,127.886353,medium_airport,South Korea,大韩民国,KR,Gimseang-ro,,
TAE,Daegu International Airport,35.894394,128.656989,large_airport,South Korea,大韩民国,KR,Daegu,,
CJJ,Cheongju International Airport/Cheongju Air Base (K-59/G-513),36.71556,127.500289,large_airport,South Korea,大韩民国,KR,Cheongju,,
YEC,Yecheon Airbase,36.630373,128.34971,medium_airport,South Korea,大韩民国,KR,Yecheon-ri,,
RMP,Rampart Airport,65.507896,-150.141007,small_airport,United States of America,美国,US,Rampart,,
OKA,Naha International Airport,26.192437,127.639804,large_airport,Japan,日本,JP,Naha,,"那覇空港, Naha Kūkō?, AHA, Naha AFB"
DNA,Kadena Air Base,26.351667,127.769444,large_airport,Japan,日本,JP,Okinawa,,
ISG,New Ishigaki Airport,24.396389,124.245,medium_airport,Japan,日本,JP,Ishigaki,,
UEO,Kumejima Airport,26.363445,126.71384,medium_airport,Japan,日本,JP,Kumejima,,
MMD,Minamidaito Airport,25.8465,131.263,medium_airport,Japan,日本,JP,Minamidaito,,
MMY,Miyako Airport,24.782801,125.294998,medium_airport,Japan,日本,JP,Miyakojima,,
AGJ,Aguni Airport,26.592755,127.240335,small_airport,Japan,日本,JP,Aguni,,
IEJ,Iejima Airport,26.722537,127.786801,medium_airport,Japan,日本,JP,Ie,,
KTD,Kitadaito Airport,25.9447002411,131.32699585,medium_airport,Japan,日本,JP,Kitadaitōjima,,
SHI,Shimojishima Airport,24.8267,125.144997,medium_airport,Japan,日本,JP,Miyakojima,,"Miyako, Shimoji, Shimojijima"
TRA,Tarama Airport,24.653793,124.675453,medium_airport,Japan,日本,JP,Tarama,,
RNJ,Yoron Airport,27.043847,128.401648,medium_airport,Japan,日本,JP,Yoron,,
OGN,Yonaguni Airport,24.467298,122.979827,medium_airport,Japan,日本,JP,Yonaguni,,
ENI,El Nido Airport,11.202399,119.416087,small_airport,Philippines,菲律宾,PH,El Nido,,El Nido
SFS,Subic Bay International Airport / Naval Air Station Cubi Point,14.794833,120.271883,large_airport,Philippines,菲律宾,PH,Olongapo,,"Paliparang Pandaigdig ng Look ng Subic, Naval Air Station Cubi Point"
CRK,Clark International Airport / Clark Air Base,15.186,120.559998,large_airport,Philippines,菲律宾,PH,Mabalacat,,"Diosdado Macapagal International Airport, Paliparang Pandaigdig ng Diosdado Macapagal, Pangyatung Sulapawan ning Clark, Paliparang Pandaigdig ng Clark"
LLC,Cagayan North International Airport,18.182388,121.746223,medium_airport,Philippines,菲律宾,PH,Lal-lo,,"Northern Cagayan, Lal-lo, Lal-lo International Airport"
LAO,Laoag International Airport,18.175089,120.531006,large_airport,Philippines,菲律宾,PH,Laoag City,,"Gabu Airfield, Laoag Airfield"
DRP,Bicol International Airport,13.111915,123.676829,large_airport,Philippines,菲律宾,PH,Legazpi,,"Daraga, Southern Luzon International Airport"
MNL,Ninoy Aquino International Airport,14.5086,121.019997,large_airport,Philippines,菲律宾,PH,Manila,Manila (Pasay),"Manila International Airport, Jesus Villamor Air Base"
CYU,Cuyo Airport,10.8581,121.069,small_airport,Philippines,菲律宾,PH,Cuyo,,
SGL,Danilo Atienza Air Base,14.4954,120.903999,medium_airport,Philippines,菲律宾,PH,Cavite,,"NSP, Sangley Point Air Base, Sangley Point International Airport"
LBX,Lubang Airport,13.8554,120.105003,medium_airport,Philippines,菲律宾,PH,Lubang,,
AAV,Allah Valley Airport,6.367903,124.752431,medium_airport,Philippines,菲律宾,PH,Surallah,,Alah Valley Airport
CBO,Cotabato (Awang) Airport,7.164753,124.209938,medium_airport,Philippines,菲律宾,PH,Datu Odin Sinsuat,,"Awang, Kutawatu"
DVO,Francisco Bangoy International Airport,7.12552,125.646004,large_airport,Philippines,菲律宾,PH,Davao,,Davao International Airport
BXU,Bancasi Airport,8.9515,125.4788,medium_airport,Philippines,菲律宾,PH,Butuan,,
BPH,Bislig Airport,8.195052,126.321015,medium_airport,Philippines,菲律宾,PH,Bislig,,
DPL,Dipolog Airport,8.601983,123.341875,medium_airport,Philippines,菲律宾,PH,Dipolog,,
CGM,Camiguin Airport,9.253894,124.709115,medium_airport,Philippines,菲律宾,PH,Mambajao,,
JOL,Jolo Airport,6.05367,121.011002,medium_airport,Philippines,菲律宾,PH,Jolo,,
TWT,Sanga Sanga Airport,5.048196,119.743338,medium_airport,Philippines,菲律宾,PH,Bongao,,SGS
OZC,Labo Airport,8.17851,123.842003,medium_airport,Philippines,菲律宾,PH,Ozamiz,,"Barangay Labo, Ozamiz, Misamis Airfield"
PAG,Pagadian Airport,7.825632,123.459635,medium_airport,Philippines,菲律宾,PH,Pagadian,,
MXI,Mati National Airport,6.949091,126.27368,medium_airport,Philippines,菲律宾,PH,Mati,,"Mati, Imelda R. Marcos, Tugpahanan sa Mati, Paliparan ng Mati"
GES,General Santos International Airport,6.057208,125.096243,large_airport,Philippines,菲律宾,PH,General Santos,,Tambler Airport
SUG,Surigao Airport,9.755838325629998,125.480947495,medium_airport,Philippines,菲律宾,PH,Surigao City,,
TDG,Tandag Airport,9.072002,126.17132,medium_airport,Philippines,菲律宾,PH,Tandag,,
CGY,Laguindingan International Airport,8.612203,124.456496,large_airport,Philippines,菲律宾,PH,Laguindingan,,"IGN, RPML, Cagayan de Oro"
ZAM,Zamboanga International Airport,6.92242,122.059998,large_airport,Philippines,菲律宾,PH,Zamboanga,,
IAO,Siargao Airport,9.8591,126.014,small_airport,Philippines,菲律宾,PH,Del Carmen,,Sayak Airport
TAG,Bohol-Panglao International Airport,9.573045,123.770143,large_airport,Philippines,菲律宾,PH,Panglao,,
SWL,San Vicente Airport,10.524298,119.272899,small_airport,Philippines,菲律宾,PH,San Vicente,,
BAG,Loakan Airport,16.375034,120.619949,medium_airport,Philippines,菲律宾,PH,Baguio,,Baguio Airport
DTE,Daet Airport,14.1292,122.980003,medium_airport,Philippines,菲律宾,PH,Daet,,
SJI,San Jose Airport,12.361499786399998,121.04699707,medium_airport,Philippines,菲律宾,PH,San Jose,,McGuire Field
MBO,Mamburao Airport,13.208048,120.605457,medium_airport,Philippines,菲律宾,PH,Mamburao,,
WNP,Naga Airport,13.58489990234375,123.2699966430664,medium_airport,Philippines,菲律宾,PH,Naga,,
BSO,Basco Airport,20.4513,121.980003,medium_airport,Philippines,菲律宾,PH,Basco,,"Irport nu Basco, Paliparang Basco, Pagtayaban ti Basco"
BQA,Dr. Juan C. Angara Airport,15.729309,121.500034,medium_airport,Philippines,菲律宾,PH,Baler,,"Baler, Dr. Juan C. Angara, Baler Airport"
SFE,San Fernando Airport,16.5956,120.303001,medium_airport,Philippines,菲律宾,PH,San Fernando,,
TUG,Tuguegarao Airport,17.6433676823,121.733150482,medium_airport,Philippines,菲律宾,PH,Tuguegarao City,,Tugegarao
VRC,Virac Airport,13.576399803161621,124.20600128173828,medium_airport,Philippines,菲律宾,PH,Virac,,
MRQ,Marinduque Airport,13.361000061035156,121.82599639892578,medium_airport,Philippines,菲律宾,PH,Gasan,,
CYZ,Cauayan Airport,16.9298992157,121.752998352,medium_airport,Philippines,菲律宾,PH,Cauayan City,,
TAC,Daniel Z. Romualdez Airport,11.227761,125.027783,medium_airport,Philippines,菲律宾,PH,Tacloban City,,"Tacloban, Daniel Z. Romualdez, Naval Station Dioscoro Papa"
BCD,Bacolod-Silay International Airport,10.776237,123.018879,large_airport,Philippines,菲律宾,PH,Bacolod City,,
CYP,Calbayog Airport,12.072574,124.54508,medium_airport,Philippines,菲律宾,PH,Calbayog City,,
DGT,Sibulan Airport,9.334183,123.30191,medium_airport,Philippines,菲律宾,PH,Dumaguete City,,
MPH,Godofredo P. Ramos Airport,11.9245,121.954002,medium_airport,Philippines,菲律宾,PH,Caticlan,,Godofredo P. Ramos Airport
CRM,Catarman National Airport,12.50161,124.635258,medium_airport,Philippines,菲律宾,PH,Catarman,,
ILO,Iloilo International Airport,10.833017,122.493358,large_airport,Philippines,菲律宾,PH,Cabatuan,,Iloilo City
MBT,Moises R. Espinosa Airport,12.369682,123.630095,medium_airport,Philippines,菲律宾,PH,Masbate,,"Masbate, Moises R. Espinoza"
KLO,Kalibo International Airport,11.6794,122.375999,large_airport,Philippines,菲律宾,PH,Kalibo,,
CEB,Mactan Cebu International Airport,10.309261,123.97974,large_airport,Philippines,菲律宾,PH,Cebu City/Lapu-Lapu City,,"Mactan Air Base, Opon Airfield"
OMC,Ormoc Airport,11.057715,124.565622,medium_airport,Philippines,菲律宾,PH,Ormoc City,,
PPS,Puerto Princesa International Airport / PAF Antonio Bautista Air Base,9.742044,118.75911,large_airport,Philippines,菲律宾,PH,Puerto Princesa,,
RXS,Roxas Airport,11.597700119018555,122.75199890136719,medium_airport,Philippines,菲律宾,PH,Roxas City,,
EUQ,Evelio Javier Airport,10.766644,121.932506,medium_airport,Philippines,菲律宾,PH,San Jose,,Antique Airport
TBH,Tugdan Airport,12.3109998703,122.084999084,medium_airport,Philippines,菲律宾,PH,Tablas Island,,"Romblon Airport, Alcantara, Barangay Tugdan, Tablas Airport"
USU,Francisco B. Reyes (Busuanga) Airport,12.121865,120.100801,medium_airport,Philippines,菲律宾,PH,Coron,,Busuanga Airport
RSI,Red Sea International Airport,25.627975,37.088914,large_airport,Saudi Arabia,沙特阿拉伯,SA,Hanak,,RSI
TKM,Taksimo Airport,56.361668,114.93,small_airport,Russia,俄罗斯,RU,Taksimo,,"УИКГ, Таксимо"
NOI,Krymsk Air Base,44.962905,37.999071,medium_airport,Russia,俄罗斯,RU,Krymsk,,"Аэродром Крымск, ЬРКВ, Krimskaja II, Novorossiysk"
MJY,Motygino Airport,58.180921,94.745272,small_airport,Russia,俄罗斯,RU,Motygino,,"УНИМ, Мотыгино, МТГ"
VLU,Velikiye Luki Airport,56.381066,30.607846,medium_airport,Russia,俄罗斯,RU,Velikiye Luki,,"УЛОЛ, Великие Луки"
KVK,Kirovsk-Apatity Airport,67.462851,33.585294,small_airport,Russia,俄罗斯,RU,Apatity,,"Kirovsk Airport, Apatity Airport, Аэропорт Кировск, Аэропорт Апатиты, УЛМК, ЬЛМК, Хибины"
LNX,Smolensk North Airport,54.824,32.025,medium_airport,Russia,俄罗斯,RU,Smolensk,,"Smolensk Severny Airfield, Аэродром Смоленск Северный, ЬУБС"
EIK,Yeysk Airport,46.68,38.21,medium_airport,Russia,俄罗斯,RU,Yeysk,,"Eysk Airport, Аэропорт Ейск, УРКЕ, ЬРКЕ"
LPS,Lopez Island Airport,48.4838981628418,-122.93800354003906,small_airport,United States of America,美国,US,Lopez,,
COC,Comodoro Pierrestegui Airport,-31.2969,-57.9966,medium_airport,Argentina,阿根廷,AR,Concordia,,
GHU,Gualeguaychu Airport,-33.005567,-58.612833,medium_airport,Argentina,阿根廷,AR,Gualeguaychu,,
PRA,General Urquiza Airport,-31.7948,-60.4804,medium_airport,Argentina,阿根廷,AR,Parana,,
ROS,Rosario Islas Malvinas International Airport,-32.9036,-60.785,large_airport,Argentina,阿根廷,AR,Rosario,,Fisherton Airport
SFN,Sauce Viejo Airport,-31.7117,-60.8117,medium_airport,Argentina,阿根廷,AR,Santa Fe,,
AEP,Aeroparque Jorge Newbery,-34.559419,-58.415536,large_airport,Argentina,阿根廷,AR,Buenos Aires,,
COR,Ingeniero Aeronáutico Ambrosio L.V. Taravella International Airport,-31.312346,-64.208329,large_airport,Argentina,阿根廷,AR,Cordoba,,Cordoba
LPG,La Plata Airport,-34.9722,-57.8947,medium_airport,Argentina,阿根廷,AR,La Plata,,
EPA,El Palomar Airport,-34.6099,-58.6126,medium_airport,Argentina,阿根廷,AR,El Palomar,,
EZE,Ezeiza International Airport - Ministro Pistarini,-34.8222,-58.5358,large_airport,Argentina,阿根廷,AR,Buenos Aires,Buenos Aires (Ezeiza),"BUE, Ezeiza International Airport"
RDS,Rincon De Los Sauces Airport,-37.390598,-68.904198,medium_airport,Argentina,阿根廷,AR,Rincon de los Sauces,,
APZ,Zapala Airport,-38.975498,-70.113602,medium_airport,Argentina,阿根廷,AR,Zapala,,
MDZ,Governor Francisco Gabrielli International Airport,-32.831699,-68.7929,large_airport,Argentina,阿根廷,AR,Mendoza,,El Plumerillo International Airport
LGS,Comodoro D.R. Salomón Airport,-35.493599,-69.574303,medium_airport,Argentina,阿根廷,AR,Malargue,,
AFA,Suboficial Ay Santiago Germano Airport,-34.588299,-68.4039,medium_airport,Argentina,阿根廷,AR,San Rafael,,
CTC,Coronel Felipe Varela International Airport,-28.593117,-65.7512,medium_airport,Argentina,阿根廷,AR,Catamarca,,
SDE,Vicecomodoro Angel D. La Paz Aragonés Airport,-27.765556335399996,-64.3099975586,medium_airport,Argentina,阿根廷,AR,Santiago del Estero,,
IRJ,Capitan V A Almonacid Airport,-29.381599,-66.795799,medium_airport,Argentina,阿根廷,AR,La Rioja,,
RHD,Termas de Río Hondo international Airport,-27.4966,-64.93595,medium_airport,Argentina,阿根廷,AR,Termas de Río Hondo,,
TUC,Teniente Benjamín Matienzo International Airport,-26.837397,-65.104195,large_airport,Argentina,阿根廷,AR,San Miguel de Tucumán,,
UAQ,Domingo Faustino Sarmiento Airport,-31.571501,-68.418198,medium_airport,Argentina,阿根廷,AR,San Juan,,
RCU,Area De Material Airport,-33.085098,-64.261299,medium_airport,Argentina,阿根廷,AR,Rio Cuarto,,
VDR,Villa Dolores Airport,-31.9452,-65.146301,medium_airport,Argentina,阿根廷,AR,Villa Dolores,,
VME,Villa Reynolds Airport,-33.7299003601,-65.3873977661,medium_airport,Argentina,阿根廷,AR,Villa Mercedes,,Pringles
LUQ,Brigadier Mayor D Cesar Raul Ojeda Airport,-33.273201,-66.3564,medium_airport,Argentina,阿根廷,AR,San Luis,,
CNQ,Corrientes Airport,-27.4455,-58.7619,medium_airport,Argentina,阿根廷,AR,Corrientes,,
RES,Resistencia International Airport,-27.44991,-59.056125,large_airport,Argentina,阿根廷,AR,Resistencia,,
FMA,Formosa National Airport,-26.2127,-58.2281,medium_airport,Argentina,阿根廷,AR,Formosa,,Aeropuerto Nacional de Formosa
IGR,Cataratas Del Iguazú International Airport,-25.737301,-54.4734,medium_airport,Argentina,阿根廷,AR,Puerto Iguazu,,"Iguaçu, Mayor Carlos Eduardo Krause Airport"
AOL,Paso De Los Libres Airport,-29.6894,-57.1521,medium_airport,Argentina,阿根廷,AR,Paso de los Libres,,
MCS,Monte Caseros Airport,-30.2719,-57.6402,medium_airport,Argentina,阿根廷,AR,Monte Caseros,,
PSS,Libertador Gral D Jose De San Martin Airport,-27.3858,-55.9707,medium_airport,Argentina,阿根廷,AR,Posadas,,
SLA,Martín Miguel de Güemes International Airport,-24.856001,-65.486198,large_airport,Argentina,阿根廷,AR,Salta,,
JUJ,Gobernador Horacio Guzman International Airport,-24.392799,-65.097801,large_airport,Argentina,阿根廷,AR,San Salvador de Jujuy,,
ORA,Orán Airport,-23.1528,-64.329201,medium_airport,Argentina,阿根廷,AR,Orán,,
TTG,General Enrique Mosconi Airport,-22.616877,-63.793015,medium_airport,Argentina,阿根廷,AR,Tartagal,,
OYA,Goya Airport,-29.1058,-59.2189,medium_airport,Argentina,阿根廷,AR,Goya,,
RCQ,Reconquista Airport,-29.210278,-59.683333,medium_airport,Argentina,阿根廷,AR,Reconquista,,
UZU,Curuzu Cuatia Airport,-29.7706,-57.9789,medium_airport,Argentina,阿根廷,AR,Curuzu Cuatia,,
EHL,El Bolsón Airfield,-41.943199,-71.532303,medium_airport,Argentina,阿根廷,AR,El Bolsón,,
CRD,General Enrique Mosconi International Airport,-45.786941,-67.463355,large_airport,Argentina,阿根廷,AR,Comodoro Rivadavia,,
EQS,Esquel Brigadier Antonio Parodi International Airport,-42.908001,-71.139503,medium_airport,Argentina,阿根廷,AR,Esquel,,
LHS,Las Heras Airport,-46.538517,-68.965323,medium_airport,Argentina,阿根廷,AR,Las Heras,,
OES,Antoine de Saint Exupéry Airport,-40.7512,-65.0343,small_airport,Argentina,阿根廷,AR,San Antonio Oeste,,
REL,Almirante Marco Andres Zar Airport,-43.2105,-65.2703,medium_airport,Argentina,阿根廷,AR,Rawson,,Trelew Airport
VDM,Gobernador Castello Airport,-40.8692,-63.0004,medium_airport,Argentina,阿根廷,AR,Viedma / Carmen de Patagones,,
PMY,El Tehuelche Airport,-42.7592,-65.1027,medium_airport,Argentina,阿根廷,AR,Puerto Madryn,,
FTE,El Calafate - Commander Armando Tola International Airport,-50.280267,-72.053401,medium_airport,Argentina,阿根廷,AR,El Calafate,,
PUD,Puerto Deseado Airport,-47.7353,-65.9041,medium_airport,Argentina,阿根廷,AR,Puerto Deseado,,
RGA,Gobernador Ramón Trejo Noel International Airport,-53.7777,-67.7494,medium_airport,Argentina,阿根廷,AR,Rio Grande,,"Hermes Quijada, Gobernador Ramón Trejo Noel"
RGL,Piloto Civil Norberto Fernández International Airport,-51.608791,-69.308948,large_airport,Argentina,阿根廷,AR,Rio Gallegos,,Brigadier General D. A. Parodi
USH,Ushuaia - Malvinas Argentinas International Airport,-54.8433,-68.2958,medium_airport,Argentina,阿根廷,AR,Ushuaia,,
ULA,Capitan D Daniel Vazquez Airport,-49.306816,-67.802596,medium_airport,Argentina,阿根廷,AR,San Julian,,
PMQ,Perito Moreno Jalil Hamer Airport,-46.537899,-70.978699,medium_airport,Argentina,阿根廷,AR,Perito Moreno,,
GGS,Gobernador Gregores Airport,-48.7831,-70.150002,small_airport,Argentina,阿根廷,AR,Gobernador Gregores,,
RYO,28 de Noviembre Airport,-51.605,-72.2203,small_airport,Argentina,阿根廷,AR,Rio Turbio,,El Turbio
RZA,Santa Cruz Airport,-50.0165,-68.5792,medium_airport,Argentina,阿根廷,AR,Puerto Santa Cruz,,
BHI,Comandante Espora Airport,-38.725,-62.1693,medium_airport,Argentina,阿根廷,AR,Bahía Blanca,,Bahía Blanca Airport
GPO,General Pico Airport,-35.696201,-63.758301,medium_airport,Argentina,阿根廷,AR,General Pico,,
OYO,Tres Arroyos Airport,-38.3869,-60.3297,medium_airport,Argentina,阿根廷,AR,Tres Arroyos,,
SST,Santa Teresita Airport,-36.5423,-56.7218,medium_airport,Argentina,阿根廷,AR,Santa Teresita,,
MDQ,Ástor Piazzola International Airport,-37.9342,-57.5733,medium_airport,Argentina,阿根廷,AR,Mar del Plata,,Brigadier General Bartolome De La Colina International Airport
NQN,Presidente Perón International Airport,-38.949001,-68.155701,large_airport,Argentina,阿根廷,AR,Neuquén,,
NEC,Necochea Airport,-38.490746,-58.816337,medium_airport,Argentina,阿根廷,AR,Necochea,,
PEH,Comodoro Pedro Zanni Airport,-35.8446,-61.8576,medium_airport,Argentina,阿根廷,AR,Pehuajó,,
RSA,Santa Rosa Airport,-36.588299,-64.275703,medium_airport,Argentina,阿根廷,AR,Santa Rosa,,
BRC,Teniente Luis Candelaria International Airport,-41.151199,-71.157501,large_airport,Argentina,阿根廷,AR,San Carlos de Bariloche,,Teniente Luis Candelaria
TDL,Héroes de Malvinas Airport,-37.234634,-59.228647,medium_airport,Argentina,阿根廷,AR,Tandil,,
VLG,Villa Gesell Airport,-37.2354,-57.0292,medium_airport,Argentina,阿根廷,AR,Villa Gesell,,
CUT,Cutral-Co Airport,-38.939701,-69.264603,medium_airport,Argentina,阿根廷,AR,Cutral-Co,,
CPC,Aviador C. Campos Airport,-40.075401,-71.137299,medium_airport,Argentina,阿根廷,AR,Chapelco/San Martin de los Andes,,
CDJ,Conceição do Araguaia Airport,-8.34835,-49.301498,medium_airport,Brazil,巴西,BR,Conceição do Araguaia,,
ARX,Aracati Dragão do Mar Regional Airport,-4.568896,-37.805135,medium_airport,Brazil,巴西,BR,Aracati,,"SNAT, Dragão do Mar Regional"
JTC,Bauru/Arealva–Moussa Nakhal Tobias State Airport,-22.160755,-49.070325,medium_airport,Brazil,巴西,BR,Bauru,,SJCT
AQA,Araraquara Airport,-21.812,-48.132999,medium_airport,Brazil,巴西,BR,Araraquara,,
AJU,Aracaju - Santa Maria Airport,-10.98394,-37.072873,medium_airport,Brazil,巴西,BR,Aracaju,,
AFL,Piloto Osvaldo Marques Dias Airport,-9.866389,-56.106298,medium_airport,Brazil,巴西,BR,Alta Floresta,,
ARU,Araçatuba Airport,-21.141479,-50.424575,medium_airport,Brazil,巴西,BR,Araçatuba,,Dario Guarita State Airport
AAX,Romeu Zema Airport,-19.5632,-46.9604,medium_airport,Brazil,巴西,BR,Araxá,,
BEL,Val de Cans/Júlio Cezar Ribeiro International Airport,-1.379279,-48.476207,large_airport,Brazil,巴西,BR,Belém,,
BGX,Comandante Gustavo Kraemer Airport,-31.390499,-54.112202,medium_airport,Brazil,巴西,BR,Bagé,,
PLU,Pampulha - Carlos Drummond de Andrade Airport,-19.85074,-43.950316,medium_airport,Brazil,巴西,BR,Belo Horizonte,,BHZ
BFH,Bacacheri Airport,-25.4051,-49.231998,medium_airport,Brazil,巴西,BR,Curitiba,,
BSB,Presidente Juscelino Kubitschek International Airport,-15.869167,-47.920834,large_airport,Brazil,巴西,BR,Brasília,,
BAT,Chafei Amsei Airport,-20.584631,-48.594125,medium_airport,Brazil,巴西,BR,Barretos,,SBBT
BVB,Atlas Brasil Cantanhede International Airport,2.84615,-60.690648,large_airport,Brazil,巴西,BR,Boa Vista,,Boa Vista International Airport
BPG,Barra do Garças Airport,-15.861417,-52.389008,medium_airport,Brazil,巴西,BR,Barra do Garças,,
BZC,Umberto Modiano Airport,-22.770881,-41.96308,medium_airport,Brazil,巴西,BR,Cabo Frio,,SBBZ
CAC,Coronel Adalberto Mendes da Silva Airport,-25.000323,-53.501208,medium_airport,Brazil,巴西,BR,Cascavel,,
CFB,Cabo Frio Airport,-22.921485,-42.071874,small_airport,Brazil,巴西,BR,Cabo Frio,,
CNF,Tancredo Neves International Airport,-19.63571,-43.966928,large_airport,Brazil,巴西,BR,Belo Horizonte,,http://www.infraero.gov.br/usa/aero_prev_home.php?ai=207
CGR,Campo Grande Airport,-20.469998,-54.673988,medium_airport,Brazil,巴西,BR,Campo Grande,,
XAP,Serafin Enoss Bertaso Airport,-27.134199,-52.656601,medium_airport,Brazil,巴西,BR,Chapecó,,Chapecó Airport
CLN,Brig. Lysias Augusto Rodrigues Airport,-7.32044,-47.458698,medium_airport,Brazil,巴西,BR,Carolina,,
CKS,Carajás Airport,-6.117841,-50.003372,medium_airport,Brazil,巴西,BR,Parauapebas,,
CCM,Forquilhinha - Criciúma  Airport,-28.725743,-49.424475,medium_airport,Brazil,巴西,BR,Criciúma,,"SBCM, Diomício Freitas, Santa Líbera."
CLV,Nelson Ribeiro Guimarães Airport,-17.725096,-48.606324,small_airport,Brazil,巴西,BR,Caldas Novas,,"SWKN, Caldas Novas Airport"
QNS,Canoas Air Force Base,-29.945928,-51.144413,medium_airport,Brazil,巴西,BR,Porto Alegre,,"Porto Alegre AFB, Base Aérea de Canoas, Campo Nossa Senhora de Fatima"
CAW,Bartolomeu Lisandro Airport,-21.698299,-41.301701,medium_airport,Brazil,巴西,BR,Campos dos Goytacazes,,
CMG,Corumbá International Airport,-19.01193,-57.672772,medium_airport,Brazil,巴西,BR,Corumbá,,
CWB,Curitiba-Afonso Pena International Airport,-25.5285,-49.1758,large_airport,Brazil,巴西,BR,Curitiba,,
CRQ,Caravelas Airport,-17.6523,-39.253101,medium_airport,Brazil,巴西,BR,Caravelas,,SBCV
CXJ,Hugo Cantergiani Regional Airport,-29.197183,-51.187647,medium_airport,Brazil,巴西,BR,Caxias Do Sul,,"Campo dos Bugres Airport, Caxias do Sul Airport"
CGB,Várzea Grande–Marechal Rondon International Airport,-15.6529,-56.116699,large_airport,Brazil,巴西,BR,Cuiabá,,
CZS,Cruzeiro do Sul Airport,-7.59991,-72.769501,medium_airport,Brazil,巴西,BR,Cruzeiro Do Sul,,
BYO,Bonito Airport,-21.2473,-56.452399,small_airport,Brazil,巴西,BR,Bonito,,SJDB
PPB,Presidente Prudente Airport,-22.1751,-51.424599,medium_airport,Brazil,巴西,BR,Presidente Prudente,,
MAO,Eduardo Gomes International Airport,-3.03861,-60.049702,large_airport,Brazil,巴西,BR,Manaus,,
JCR,Jacareacanga Airport,-6.23316,-57.776901,medium_airport,Brazil,巴西,BR,Jacareacanga,,
IGU,Cataratas International Airport,-25.594167,-54.489444,large_airport,Brazil,巴西,BR,Foz do Iguaçu,,
FLN,Hercílio Luz International Airport,-27.670279,-48.552502,large_airport,Brazil,巴西,BR,Florianópolis,,http://www.infraero.gov.br/usa/aero_prev_home.php?ai=228
FEN,Fernando de Noronha Airport,-3.854534,-32.423017,medium_airport,Brazil,巴西,BR,Fernando de Noronha,,
FOR,Pinto Martins International Airport,-3.775833,-38.532222,large_airport,Brazil,巴西,BR,Fortaleza,,
GIG,Rio de Janeiro Galeão – Tom Jobim International Airport,-22.809999,-43.250557,large_airport,Brazil,巴西,BR,Rio De Janeiro,,Galeão - Antônio Carlos Jobim International Airport
GJM,Guajará-Mirim Airport,-10.78641,-65.28486,medium_airport,Brazil,巴西,BR,Guajará-Mirim,,
GYN,Santa Genoveva International Airport,-16.632,-49.220699,large_airport,Brazil,巴西,BR,Goiânia,,
GRU,São Paulo/Guarulhos–Governor André Franco Montoro International Airport,-23.431274,-46.469954,large_airport,Brazil,巴西,BR,São Paulo,,Cumbica
GVR,Coronel Altino Machado Airport,-18.895882,-41.982869,medium_airport,Brazil,巴西,BR,Governador Valadares,,Governador Valadares Airport
GUJ,Edu Chaves Field,-22.791599,-45.2048,medium_airport,Brazil,巴西,BR,Guaratinguetá,,
ATM,Altamira Interstate Airport,-3.253144,-52.253938,medium_airport,Brazil,巴西,BR,Altamira,,
ITA,Itacoatiara Airport,-3.126539,-58.481668,medium_airport,Brazil,巴西,BR,Itacoatiara,,
ITB,Itaituba Airport,-4.242131,-56.000651,medium_airport,Brazil,巴西,BR,Itaituba,,
IOS,Bahia - Jorge Amado Airport,-14.815929,-39.033458,medium_airport,Brazil,巴西,BR,Ilhéus,,
IPN,Usiminas Airport,-19.470699,-42.487598,medium_airport,Brazil,巴西,BR,Ipatinga,,Usiminas
IMP,Prefeito Renato Moreira Airport,-5.53129,-47.459999,medium_airport,Brazil,巴西,BR,Imperatriz,,
JJG,Humberto Ghizzo Bortoluzzi Regional Airport,-28.6753,-49.0596,small_airport,Brazil,巴西,BR,Jaguaruna,,"Jaguaruna Regional Airport, Aeroporto Regional Sul"
JJD,Comandante Ariston Pessoa Airport,-2.906425,-40.357338,medium_airport,Brazil,巴西,BR,Cruz,,"SSVV, Jericoacoara"
JDF,Francisco de Assis Airport,-21.791482,-43.386072,medium_airport,Brazil,巴西,BR,Juiz de Fora,,Serrinha Airport
JHF,São Paulo Catarina Executive Airport,-23.426886,-47.165658,medium_airport,Brazil,巴西,BR,São Roque,,SP9007
JPR,Ji-Paraná Airport,-10.870743,-61.846675,small_airport,Brazil,巴西,BR,Ji-Paraná,,SWJI
JPA,Presidente Castro Pinto International Airport,-7.148691,-34.950554,large_airport,Brazil,巴西,BR,João Pessoa,,
RRJ,Jacarepaguá - Roberto Marinho Airport,-22.986773,-43.372194,medium_airport,Brazil,巴西,BR,Rio de Janeiro,,
JDO,Orlando Bezerra de Menezes Airport,-7.21932,-39.269096,small_airport,Brazil,巴西,BR,Juazeiro do Norte,,Juazeiro do Norte Airport
JOI,Lauro Carneiro de Loyola Airport,-26.224501,-48.797401,medium_airport,Brazil,巴西,BR,Joinville,,
CPV,Presidente João Suassuna Airport,-7.269662,-35.896057,medium_airport,Brazil,巴西,BR,Campina Grande,,
VCP,Viracopos International Airport,-23.007404,-47.134502,large_airport,Brazil,巴西,BR,Campinas,,
LEC,Coronel Horácio de Mattos Airport,-12.4823,-41.277,small_airport,Brazil,巴西,BR,Lençóis,,"Chapada Diamantina National Park, Lençóis Airport"
LAJ,Lages Airport,-27.782101,-50.281502,medium_airport,Brazil,巴西,BR,Lages,,"Antônio Correia Pinto de Macedo Airport, Guarujá Federal Airport"
LIP,Lins Airport,-21.663491,-49.729954,medium_airport,Brazil,巴西,BR,Lins,,SBLN
LDB,Governor José Richa Airport,-23.334375,-51.128365,medium_airport,Brazil,巴西,BR,Londrina,,Londrina Airport
LAZ,Bom Jesus da Lapa Airport,-13.2621,-43.4081,medium_airport,Brazil,巴西,BR,Bom Jesus da Lapa,,
MAB,João Correa da Rocha Airport,-5.36859,-49.138,medium_airport,Brazil,巴西,BR,Marabá,,Marabá Airport
MQH,Minaçu Airport,-13.5491,-48.195301,medium_airport,Brazil,巴西,BR,Minaçu,,SBMC
MEU,Monte Dourado - Serra do Areão Airport,-0.889839,-52.6022,medium_airport,Brazil,巴西,BR,Almeirim,,
MEA,Macaé Benedito Lacerda Airport,-22.343,-41.765999,medium_airport,Brazil,巴西,BR,Macaé,,
MGF,Regional de Maringá - Sílvio Name Júnior Airport,-23.47606,-52.016187,medium_airport,Brazil,巴西,BR,Maringá,,SBMH.
MOC,Mário Ribeiro Airport,-16.706919,-43.818901,medium_airport,Brazil,巴西,BR,Montes Claros,,Montes Claros Airport
MII,Frank Miloye Milenkowichi–Marília State Airport,-22.196899,-49.926485,medium_airport,Brazil,巴西,BR,Marília,,Marília Airport
PLL,Ponta Pelada Airport / Manaus Air Base,-3.14604,-59.986301,medium_airport,Brazil,巴西,BR,Manaus,,
MCZ,Zumbi dos Palmares International Airport,-9.512559,-35.791839,large_airport,Brazil,巴西,BR,Maceió,,
MCP,Macapá - Alberto Alcolumbre International Airport,0.050664,-51.072201,medium_airport,Brazil,巴西,BR,Macapá,,
MVF,Dix-Sept Rosado Airport,-5.20192,-37.3643,medium_airport,Brazil,巴西,BR,Mossoró,,Mossoró Airport
RTE,Campo de Marte Airport,-23.5091,-46.637798,medium_airport,Brazil,巴西,BR,São Paulo,,
MNX,Manicoré Airport,-5.81138,-61.278301,medium_airport,Brazil,巴西,BR,Manicoré,,
NVT,Ministro Victor Konder International Airport,-26.879431,-48.650979,large_airport,Brazil,巴西,BR,Navegantes,,
GEL,Santo Ângelo Airport,-28.282503,-54.169623,medium_airport,Brazil,巴西,BR,Santo Ângelo,,
OYK,Oiapoque Airport,3.85412,-51.797056,medium_airport,Brazil,巴西,BR,Oiapoque,,
POA,Porto Alegre-Salgado Filho International Airport,-29.993984,-51.167482,large_airport,Brazil,巴西,BR,Porto Alegre,,
PHB,Parnaíba - Prefeito Doutor João Silva Filho International Airport,-2.89375,-41.731998,medium_airport,Brazil,巴西,BR,Parnaíba,,Santos Dumont Airport
POO,Poços de Caldas - Embaixador Walther Moreira Salles Airport,-21.842529,-46.569768,medium_airport,Brazil,巴西,BR,Poços De Caldas,,
PFB,Lauro Kurtz Airport,-28.243976,-52.32777,medium_airport,Brazil,巴西,BR,Passo Fundo,,
PGZ,Ponta Grossa Airport - Comandante Antonio Amilton Beraldo,-25.184476,-50.143822,medium_airport,Brazil,巴西,BR,Ponta Grossa,,SSZW
PMW,Brigadeiro Lysias Rodrigues Airport,-10.2915,-48.356998,medium_airport,Brazil,巴西,BR,Palmas,,
PET,João Simões Lopes Neto International Airport,-31.717189,-52.327796,medium_airport,Brazil,巴西,BR,Pelotas,,Pelotas Airport
PNZ,Senador Nilo Coelho Airport,-9.362422,-40.569098,medium_airport,Brazil,巴西,BR,Petrolina,,
PNB,Porto Nacional Airport,-10.719402,-48.3997,medium_airport,Brazil,巴西,BR,Porto Nacional,,SBPN
PTO,Juvenal Loureiro Cardoso Airport,-26.217184,-52.694463,small_airport,Brazil,巴西,BR,Pato Branco,,SSPB
PMG,Ponta Porã Airport,-22.549601,-55.702599,medium_airport,Brazil,巴西,BR,Ponta Porã,,
BPS,Porto Seguro International Airport,-16.438426,-39.080584,large_airport,Brazil,巴西,BR,Porto Seguro,,
PVH,Governador Jorge Teixeira de Oliveira International Airport,-8.708491,-63.902338,large_airport,Brazil,巴西,BR,Porto Velho,,
RBR,Rio Branco-Plácido de Castro International Airport,-9.869031,-67.893984,large_airport,Brazil,巴西,BR,Rio Branco,,
ROO,Maestro Marinho Franco Airport,-16.584292,-54.724803,medium_airport,Brazil,巴西,BR,Rondonópolis,,"SWRD, Rondonópolis Airport"
REC,Recife/Guararapes - Gilberto Freyre International Airport,-8.12747,-34.922961,large_airport,Brazil,巴西,BR,Recife,,Ibura
SDU,Santos Dumont Airport,-22.910397,-43.16282,large_airport,Brazil,巴西,BR,Rio de Janeiro,,RIO
RAO,Leite Lopes Airport,-21.134314,-47.774053,medium_airport,Brazil,巴西,BR,Ribeirão Preto,,
SNZ,Santa Cruz Air Force Base,-22.9324,-43.719101,medium_airport,Brazil,巴西,BR,Rio de Janeiro,,"Santa Cruz AB, Bartolomeu de Gusmão Airport"
NAT,Rio Grande do Norte/São Gonçalo do Amarante–Governador Aluízio Alves International Airport,-5.769822,-35.36661,large_airport,Brazil,巴西,BR,Natal,,"Greater Natal International Airport, Augusto Severo International Airport"
OPS,Presidente João Batista Figueiredo Airport,-11.885001,-55.586109,small_airport,Brazil,巴西,BR,Sinop,,SWSI
SJK,Professor Urbano Ernesto Stumpf Airport,-23.2292,-45.8615,medium_airport,Brazil,巴西,BR,São José Dos Campos,,
SLZ,Marechal Cunha Machado International Airport,-2.586386,-44.235008,large_airport,Brazil,巴西,BR,São Luís,,
RIA,Santa Maria Airport,-29.711399,-53.688202,medium_airport,Brazil,巴西,BR,Santa Maria,,
STM,Santarém - Maestro Wilson Fonseca International Airport,-2.422423,-54.79306,medium_airport,Brazil,巴西,BR,Santarém,,
SMT,Adolino Bedin Regional Airport,-12.479177,-55.672341,small_airport,Brazil,巴西,BR,Sorriso,,SDSS
CGH,Congonhas–Deputado Freitas Nobre Airport,-23.627657,-46.654601,large_airport,Brazil,巴西,BR,São Paulo,,
SJP,Prof. Eribelto Manoel Reino State Airport,-20.817113,-49.406963,medium_airport,Brazil,巴西,BR,São José do Rio Preto,,São José do Rio Preto Airport
SSZ,Santos Nero Moura Air Base / Guarujá Airport,-23.928192,-46.300195,medium_airport,Brazil,巴西,BR,Guarujá,,
SSA,Deputado Luiz Eduardo Magalhães International Airport,-12.908611,-38.322498,large_airport,Brazil,巴西,BR,Salvador,,Dois de Julho
TMT,Trombetas Airport,-1.4896,-56.396801,medium_airport,Brazil,巴西,BR,Oriximiná,,Porto Trombetas
UNA,Una-Comandatuba Airport,-15.354358,-38.998729,small_airport,Brazil,巴西,BR,Una,,Hotel Transamérica
TOW,Toledo - Luiz Dalcanale Filho Municipal Airport,-24.6863,-53.697498,small_airport,Brazil,巴西,BR,Toledo,,
THE,Senador Petrônio Portela Airport,-5.06025,-42.823712,medium_airport,Brazil,巴西,BR,Teresina,,
TFF,Tefé Airport,-3.38294,-64.724098,medium_airport,Brazil,巴西,BR,Tefé,,
TJL,Plínio Alarcom Airport,-20.752643,-51.682026,small_airport,Brazil,巴西,BR,Três Lagoas,,"SSTL, Três Lagoas Airport"
TRQ,Tarauacá Airport,-8.155534,-70.782985,medium_airport,Brazil,巴西,BR,Tarauacá,,
TEC,Telêmaco Borba Airport,-24.317801,-50.6516,medium_airport,Brazil,巴西,BR,Telêmaco Borba,,SBTL
TBT,Tabatinga International Airport,-4.25567,-69.935799,medium_airport,Brazil,巴西,BR,Tabatinga,,
TUR,Tucuruí Airport,-3.78601,-49.720299,medium_airport,Brazil,巴西,BR,Tucuruí,,
SJL,São Gabriel da Cachoeira Airport,-0.14835,-66.9855,medium_airport,Brazil,巴西,BR,São Gabriel da Cachoeira,,Uaupés
PAV,Paulo Afonso Airport,-9.40088,-38.250599,medium_airport,Brazil,巴西,BR,Paulo Afonso,,
URG,Rubem Berta Airport,-29.7822,-57.0382,medium_airport,Brazil,巴西,BR,Uruguaiana,,Ruben Berta
UDI,Ten. Cel. Aviador César Bombonato Airport,-18.883579,-48.225936,medium_airport,Brazil,巴西,BR,Uberlândia,,
UBA,Mário de Almeida Franco Airport,-19.765036,-47.964805,medium_airport,Brazil,巴西,BR,Uberaba,,
VAG,Major Brigadeiro Trompowsky Airport,-21.591375,-45.474116,medium_airport,Brazil,巴西,BR,Varginha,,Varginha Airport
BVH,Brigadeiro Camarão Airport,-12.6944,-60.098301,medium_airport,Brazil,巴西,BR,Vilhena,,Vilhena Airport
VIX,Eurico de Aguiar Salles International Airport,-20.258,-40.285,large_airport,Brazil,巴西,BR,Vitória,,Goiabeiras Airport
IZA,Presidente Itamar Franco Airport,-21.513086,-43.173069,medium_airport,Brazil,巴西,BR,Juiz de Fora,,"SDZY, Zona da Mata Regional Airport, Juiz de Fora Airport"
ARI,Chacalluta International Airport,-18.348499,-70.338699,medium_airport,Chile,智利,CL,Arica,,
CPO,Desierto de Atacama Airport,-27.2612,-70.779198,medium_airport,Chile,智利,CL,Copiapo,,
BBA,Balmaceda Airport,-45.915968,-71.689499,medium_airport,Chile,智利,CL,Balmaceda,,
TOQ,Barriles Airport,-22.1411,-70.062897,medium_airport,Chile,智利,CL,Tocopilla,,
CCH,Chile Chico Airport,-46.5831,-71.686323,medium_airport,Chile,智利,CL,Chile Chico,,
CJC,El Loa Airport,-22.498199,-68.903603,medium_airport,Chile,智利,CL,Calama,,
YAI,Gral. Bernardo O´Higgins Airport,-36.5825,-72.031403,medium_airport,Chile,智利,CL,Chillan,,
PUQ,President Carlos Ibáñez International Airport,-53.002602,-70.854599,large_airport,Chile,智利,CL,Punta Arenas,,
GXQ,Teniente Vidal Airport,-45.5942,-72.106102,medium_airport,Chile,智利,CL,Coyhaique,,
IQQ,Diego Aracena International Airport,-20.536273,-70.181373,large_airport,Chile,智利,CL,Iquique,,
SCL,Comodoro Arturo Merino Benítez International Airport,-33.393001556396484,-70.78579711914062,large_airport,Chile,智利,CL,Santiago,,
ESR,Ricardo García Posada Airport,-26.3111,-69.765198,medium_airport,Chile,智利,CL,El Salvador,,
ANF,Andrés Sabella Gálvez International Airport,-23.445274,-70.445232,large_airport,Chile,智利,CL,Antofagasta,,Cerro Moreno Airport
WPR,Captain Fuentes Martinez Airport,-53.2537,-70.319199,medium_airport,Chile,智利,CL,Porvenir,,
WPU,Guardia Marina Zañartu Airport,-54.931099,-67.626297,medium_airport,Chile,智利,CL,Puerto Williams,,Ensign Zañartu
LGR,Cochrane Airport,-47.243591,-72.58815,medium_airport,Chile,智利,CL,Cochrane,,
CCP,Carriel Sur International Airport,-36.77235,-73.062828,large_airport,Chile,智利,CL,Concepcion,,
IPC,Mataveri International Airport,-27.165411,-109.421027,large_airport,Chile,智利,CL,Isla De Pascua,,"Rapa Nui, Easter Island, Isla de Pascua Airport"
ZOS,Cañal Bajo Carlos Hott Siebert Airport,-40.611198,-73.060997,medium_airport,Chile,智利,CL,Osorno,,
VLR,Vallenar Airport,-28.596399,-70.755997,medium_airport,Chile,智利,CL,Vallenar,,
PNT,Lieutenant Julio Gallardo Airport,-51.67067,-72.529078,medium_airport,Chile,智利,CL,Puerto Natales,,
ZPC,Pucón Airport,-39.292801,-71.915901,small_airport,Chile,智利,CL,Pucon,,
MHC,Mocopulli Airport,-42.340388,-73.715693,small_airport,Chile,智利,CL,Dalcahue,,
ZCO,La Araucanía International Airport,-38.9259,-72.6515,large_airport,Chile,智利,CL,Temuco,,
CNR,Chañaral Airport,-26.3325,-70.6073,medium_airport,Chile,智利,CL,Chañaral,,
LSC,La Florida Airport,-29.916201,-71.199501,medium_airport,Chile,智利,CL,La Serena-Coquimbo,,COW
PZS,Maquehue Airport,-38.766799926758,-72.637100219727,medium_airport,Chile,智利,CL,Temuco,,ZCO
PMC,El Tepual International Airport,-41.443093,-73.094065,large_airport,Chile,智利,CL,Puerto Montt,,
TLX,Panguilemo Airport,-35.3778,-71.6017,medium_airport,Chile,智利,CL,Talca,,
WCH,Nuevo Chaitén Airport,-42.781943,-72.834999,medium_airport,Chile,智利,CL,Chaitén,,
ZIC,Victoria Airport,-38.245602,-72.348602,medium_airport,Chile,智利,CL,Victoria,,
TTC,Las Breas Airport,-25.564301,-70.3759,medium_airport,Chile,智利,CL,Taltal,,
ZAL,Pichoy Airport,-39.6500015259,-73.0860977173,medium_airport,Chile,智利,CL,Valdivia,,
KNA,Viña del Mar Airport,-32.9496,-71.4786,medium_airport,Chile,智利,CL,Viña del Mar,,Torquemada
SOD,Sorocaba Airport,-23.478001,-47.490002,small_airport,Brazil,巴西,BR,Sorocaba,,
FEC,João Durval Carneiro Airport,-12.200694,-38.906164,medium_airport,Brazil,巴西,BR,Feira de Santana,,"SNJD, SBFE"
GVX,Gävle–Sandviken Airport,60.594444,16.951111,medium_airport,Sweden,瑞典,SE,Sandviken,,
ATF,Chachoán Regional Airport,-1.21207,-78.5746,medium_airport,Ecuador,厄瓜多尔,EC,Ambato,,"Chachoan, Izamba"
OCC,Francisco De Orellana Airport,-0.462886,-76.986801,medium_airport,Ecuador,厄瓜多尔,EC,Coca,,
CUE,Mariscal Lamar Airport,-2.88947,-78.984398,medium_airport,Ecuador,厄瓜多尔,EC,Cuenca,,
GPS,Seymour Galapagos Ecological Airport,-0.453758,-90.2659,medium_airport,Ecuador,厄瓜多尔,EC,Isla Baltra,,
GYE,José Joaquín de Olmedo International Airport,-2.15742,-79.883598,large_airport,Ecuador,厄瓜多尔,EC,Guayaquil,,Simon Bolivar International Airport
IBB,General Villamil Airport,-0.942628,-90.953003,small_airport,Ecuador,厄瓜多尔,EC,Puerto Villamil,,
TNW,Jumandy Airport,-1.060185,-77.580525,medium_airport,Ecuador,厄瓜多尔,EC,Ahuano,,Tena
LTX,Cotopaxi International Airport,-0.906833,-78.615799,medium_airport,Ecuador,厄瓜多尔,EC,Latacunga,,"Latacunga, Vulcano, Ecuador, Cargo, Long runway, Height"
MRR,Jose Maria Velasco Ibarra Airport,-4.37823009491,-79.94100189210002,medium_airport,Ecuador,厄瓜多尔,EC,Macará,,
XMS,Coronel E Carvajal Airport,-2.2991700172424316,-78.12079620361328,medium_airport,Ecuador,厄瓜多尔,EC,Macas,,
MEC,Eloy Alfaro International Airport,-0.9460780024528503,-80.67880249023438,medium_airport,Ecuador,厄瓜多尔,EC,Manta,,
PVO,Reales Tamarindos Airport,-1.04165,-80.472198,medium_airport,Ecuador,厄瓜多尔,EC,Portoviejo,,
UIO,Mariscal Sucre International Airport,-0.125399,-78.354306,large_airport,Ecuador,厄瓜多尔,EC,Quito,,Nuevo Aeropuerto Internacional Mariscal Sucre
ETR,Santa Rosa - Artillery Colonel Victor Larrea International Airport,-3.441986,-79.996957,medium_airport,Ecuador,厄瓜多尔,EC,Santa Rosa,,Machala International Airport
SNC,General Ulpiano Paez International Airport,-2.210057,-80.985067,large_airport,Ecuador,厄瓜多尔,EC,Salinas/La Libertad,,
SCY,San Cristóbal Airport,-0.910206,-89.617401,small_airport,Ecuador,厄瓜多尔,EC,Puerto Baquerizo Moreno,,
LOH,Ciudad de Catamayo Airport,-3.995606,-79.371902,small_airport,Ecuador,厄瓜多尔,EC,La Toma,La Toma (Catamayo),"SETM, Camilo Ponce Enriquez"
ESM,Carlos Concha Torres International Airport,0.978519,-79.626602,large_airport,Ecuador,厄瓜多尔,EC,Tachina,,General Rivadeneira
TPC,Tarapoa Airport,-0.122956,-76.337799,medium_airport,Ecuador,厄瓜多尔,EC,Tarapoa,,
TUA,Lieutenant Colonel Luis A. Mantilla International Airport,0.809506,-77.708099,medium_airport,Ecuador,厄瓜多尔,EC,Tulcán,,Teniente Coronel Luis A. Mantilla
PSY,Port Stanley Airport,-51.685699,-57.777599,small_airport,Falkland Is.,福克兰群岛,FK,Stanley,,
ASU,Silvio Pettirossi International Airport,-25.240156,-57.519227,large_airport,Paraguay,巴拉圭,PY,Asunción,,"Luque, Stroessner, Aeropuerto Internacional Silvio Pettirossi"
AYO,Aeropuerto Nacional Juan de Ayolas,-27.378379,-56.856791,medium_airport,Paraguay,巴拉圭,PY,Ayolas,,Aeropuerto Nacional de Juan De Ayolas
CIO,Lieutenant Colonel Carmelo Peralta National Airport,-23.441609,-57.427039,medium_airport,Paraguay,巴拉圭,PY,Concepción,,Aeropuerto Nacional Tte. Cnel. Carmelo Peralta
ENO,Teniente Ramon A. Ayub Gonzalez International Airport,-27.227537,-55.837584,large_airport,Paraguay,巴拉圭,PY,Encarnación,,Aeropuerto Internacional Tte. Amin Ayub González
AGT,Guaraní International Airport,-25.457186,-54.839544,large_airport,Paraguay,巴拉圭,PY,Ciudad del Este,,Aeropuerto Internacional Guaraní
ESG,Dr. Luis María Argaña International Airport,-22.046499,-60.6217,medium_airport,Paraguay,巴拉圭,PY,Mariscal Estigarribia,,Aeropuerto Internacional Dr. Luis Maria Argaña
PIL,Aeródromo Don Carlos Miguel Gimenez,-26.881981,-58.319067,medium_airport,Paraguay,巴拉圭,PY,Pilar,,
PJC,Aeropuerto Nacional Dr. Augusto Roberto Fuster,-22.641427,-55.829993,medium_airport,Paraguay,巴拉圭,PY,Pedro Juan Caballero,,Aeropuerto Internacional Dr. Augusto Roberto Fuster
API,Gomez Nino Apiay Air Base,4.07607,-73.5627,medium_airport,Colombia,哥伦比亚,CO,Apiay,,
AXM,El Eden Airport,4.45278,-75.7664,medium_airport,Colombia,哥伦比亚,CO,Armenia,,
PUU,Tres De Mayo Airport,0.505228,-76.5008,medium_airport,Colombia,哥伦比亚,CO,Puerto Asís,,
ELB,Las Flores Airport,9.04554,-73.9749,medium_airport,Colombia,哥伦比亚,CO,El Banco,,
BGA,Palonegro Airport,7.1265,-73.1848,medium_airport,Colombia,哥伦比亚,CO,Bucaramanga,,
BOG,El Dorado International Airport,4.70159,-74.1469,large_airport,Colombia,哥伦比亚,CO,Bogota,,Cundinamarca
BAQ,Ernesto Cortissoz International Airport,10.8896,-74.7808,large_airport,Colombia,哥伦比亚,CO,Barranquilla,,
BSC,José Celestino Mutis Airport,6.20292,-77.3947,medium_airport,Colombia,哥伦比亚,CO,Bahía Solano,,
BUN,Gerardo Tobar López Airport,3.81963,-76.9898,medium_airport,Colombia,哥伦比亚,CO,Buenaventura,,
CUC,Camilo Daza International Airport,7.92757,-72.5115,medium_airport,Colombia,哥伦比亚,CO,Cúcuta,,
CTG,Rafael Nuñez International Airport,10.4424,-75.513,large_airport,Colombia,哥伦比亚,CO,Cartagena,,
CLO,Alfonso Bonilla Aragon International Airport,3.542717,-76.381898,large_airport,Colombia,哥伦比亚,CO,Cali,,"Palmaseca International, 02-20"
TCO,La Florida Airport,1.81442,-78.7492,medium_airport,Colombia,哥伦比亚,CO,Tumaco,,
CAQ,Juan H White Airport,7.96847,-75.1985,medium_airport,Colombia,哥伦比亚,CO,Caucasia,,Caucasia Airport
CVE,Coveñas Airport,9.40092,-75.6913,medium_airport,Colombia,哥伦比亚,CO,Coveñas,,
CZU,Las Brujas Airport,9.33274,-75.2856,medium_airport,Colombia,哥伦比亚,CO,Corozal,,
EBG,El Bagre Airport,7.59647,-74.8089,medium_airport,Colombia,哥伦比亚,CO,El Bagre,,El Tomin Airport
EJA,Yariguíes Airport,7.02433,-73.8068,medium_airport,Colombia,哥伦比亚,CO,Barrancabermeja,,
FLA,Gustavo Artunduaga Paredes Airport,1.58919,-75.5644,medium_airport,Colombia,哥伦比亚,CO,Florencia,,
GIR,Santiago Vila Airport,4.27624,-74.7967,medium_airport,Colombia,哥伦比亚,CO,Girardot,,
CRC,Santa Ana Airport,4.75818,-75.9557,medium_airport,Colombia,哥伦比亚,CO,Cartago,,
GPI,Guapi Airport,2.57013,-77.897969,medium_airport,Colombia,哥伦比亚,CO,Guapi,,Juan Casiano
IBE,Perales Airport,4.42161,-75.1333,medium_airport,Colombia,哥伦比亚,CO,Ibagué,,
IPI,San Luis Airport,0.861946,-77.671783,medium_airport,Colombia,哥伦比亚,CO,Ipiales,,
APO,Antonio Roldán Betancur Airport,7.81196,-76.7164,medium_airport,Colombia,哥伦比亚,CO,Carepa,,
LQM,Caucaya Airport,-0.182278,-74.7708,small_airport,Colombia,哥伦比亚,CO,Puerto Leguízamo,,
MCJ,Jorge Isaac Airport,11.2325,-72.4901,medium_airport,Colombia,哥伦比亚,CO,La Mina-Maicao,,
LPD,La Pedrera Airport,-1.324882,-69.581294,small_airport,Colombia,哥伦比亚,CO,La Pedrera,,
LET,Alfredo Vásquez Cobo International Airport,-4.191147,-69.942003,medium_airport,Colombia,哥伦比亚,CO,Leticia,,
EOH,Enrique Olaya Herrera Airport,6.219686,-75.590597,medium_airport,Colombia,哥伦比亚,CO,Medellín,,
MGN,Baracoa Airport,9.28474,-74.8461,medium_airport,Colombia,哥伦比亚,CO,Magangué,,
MTR,Los Garzones Airport,8.82374,-75.8258,medium_airport,Colombia,哥伦比亚,CO,Montería,,
MVP,Fabio Alberto Leon Bentley Airport,1.25366,-70.2339,medium_airport,Colombia,哥伦比亚,CO,Mitú,,
MZL,La Nubia Airport,5.0296,-75.4647,medium_airport,Colombia,哥伦比亚,CO,Manizales,,
LMC,La Macarena Airport,2.17565,-73.78674,small_airport,Colombia,哥伦比亚,CO,La Macarena,,Aeropuerto Javier Noreña Valencia
NQU,Reyes Murillo Airport,5.710348,-77.261868,small_airport,Colombia,哥伦比亚,CO,Nuquí,,
NVA,Benito Salas Airport,2.95015,-75.294,medium_airport,Colombia,哥伦比亚,CO,Neiva,,La Manguita
OCV,Aguas Claras Airport,8.31506,-73.3583,medium_airport,Colombia,哥伦比亚,CO,Ocaña,,
PCR,German Olano Airport,6.18472,-67.4932,medium_airport,Colombia,哥伦比亚,CO,Puerto Carreño,,Puerto Carreño Airport
PDA,Obando Cesar Gaviria Trujillo Airport,3.85353,-67.9062,medium_airport,Colombia,哥伦比亚,CO,Puerto Inírida,,
PEI,Matecaña International Airport,4.81267,-75.7395,medium_airport,Colombia,哥伦比亚,CO,Pereira,,
PTX,Pitalito Airport,1.85777,-76.0857,medium_airport,Colombia,哥伦比亚,CO,Pitalito,,
PPN,Guillermo León Valencia Airport,2.454359,-76.609253,medium_airport,Colombia,哥伦比亚,CO,Popayán,,
PAL,German Olano Air Base,5.48361,-74.6574,medium_airport,Colombia,哥伦比亚,CO,La Dorada,,Palanquero Airport
PSO,Antonio Nariño Airport,1.396722,-77.29093,medium_airport,Colombia,哥伦比亚,CO,Chachagüí,,Pasto
PVA,El Embrujo Airport,13.357461,-81.357977,medium_airport,Colombia,哥伦比亚,CO,Providencia,,
PZA,Paz de Ariporo Airport,5.876146,-71.886671,medium_airport,Colombia,哥伦比亚,CO,Paz de Ariporo,,
MQU,Mariquita Airport,5.21256,-74.8836,medium_airport,Colombia,哥伦比亚,CO,Mariquita,,
TCD,Tarapacá Airport,-2.895802,-69.749762,small_airport,Colombia,哥伦比亚,CO,Tarapacá,,
MDE,Jose Maria Córdova International Airport,6.16454,-75.4231,large_airport,Colombia,哥伦比亚,CO,Medellín,,
RCH,Almirante Padilla Airport,11.5262,-72.926,medium_airport,Colombia,哥伦比亚,CO,Riohacha,,
RVE,Los Colonizadores Airport,6.951868,-71.857179,small_airport,Colombia,哥伦比亚,CO,Saravena,,El Eden Airport
SJE,Jorge E. Gonzalez Torres Airport,2.57969,-72.6394,medium_airport,Colombia,哥伦比亚,CO,San José Del Guaviare,,
SMR,Simón Bolívar International Airport,11.1196,-74.2306,medium_airport,Colombia,哥伦比亚,CO,Santa Marta,,
ADZ,Gustavo Rojas Pinilla International Airport,12.5836,-81.7112,large_airport,Colombia,哥伦比亚,CO,San Andrés,,
SVI,Eduardo Falla Solano Airport,2.15217,-74.7663,medium_airport,Colombia,哥伦比亚,CO,San Vicente Del Caguán,,
TLU,Golfo de Morrosquillo Airport,9.50945,-75.5854,small_airport,Colombia,哥伦比亚,CO,Santiago de Tolú,,
TME,Gustavo Vargas Airport,6.45108,-71.7603,medium_airport,Colombia,哥伦比亚,CO,Tame,,
TQS,Captain Ernesto Esguerra Cubides Air Base,0.7459,-75.234,medium_airport,Colombia,哥伦比亚,CO,Tres Esquinas,,
AUC,Santiago Perez Airport,7.06888,-70.7369,medium_airport,Colombia,哥伦比亚,CO,Arauca,,
UIB,El Caraño Airport,5.69076,-76.6412,medium_airport,Colombia,哥伦比亚,CO,Quibdó,,
ULQ,Heriberto Gíl Martínez Airport,4.08836,-76.2351,medium_airport,Colombia,哥伦比亚,CO,Tuluá,,Farfan Airport
VUP,Alfonso López Pumarejo Airport,10.435,-73.2495,medium_airport,Colombia,哥伦比亚,CO,Valledupar,,
VVC,Vanguardia Airport,4.16787,-73.6138,medium_airport,Colombia,哥伦比亚,CO,Villavicencio,,
EYP,El Alcaravan - Yopal Airport,5.31911,-72.384,medium_airport,Colombia,哥伦比亚,CO,Yopal,,
SRE,Alcantarí International Airport,-19.246835,-65.149611,large_airport,Bolivia,玻利维亚,BO,Sucre,,Yamparaez
BJO,Bermejo Airport,-22.7733001709,-64.31289672850001,medium_airport,Bolivia,玻利维亚,BO,Bermejo,,
CBB,Jorge Wilsterman International Airport,-17.421105,-66.177102,large_airport,Bolivia,玻利维亚,BO,Cochabamba,,
CIJ,Capitán Aníbal Arab Airport,-11.039109,-68.782774,medium_airport,Bolivia,玻利维亚,BO,Cobija,,
SRZ,El Trompillo Airport,-17.8115997314,-63.1715011597,medium_airport,Bolivia,玻利维亚,BO,Santa Cruz,,
GYA,Guayaramerín Airport,-10.88856,-65.380955,medium_airport,Bolivia,玻利维亚,BO,Guayaramerín,,
CCA,Chimore Airport,-16.976834,-65.145568,small_airport,Bolivia,玻利维亚,BO,Chimore,,
LPB,El Alto International Airport,-16.510272,-68.189416,large_airport,Bolivia,玻利维亚,BO,La Paz / El Alto,,
ORU,Juan Mendoza International Airport,-17.956151,-67.075829,large_airport,Bolivia,玻利维亚,BO,Oruro,,
POI,Capitan Nicolas Rojas Airport,-19.543331,-65.723734,medium_airport,Bolivia,玻利维亚,BO,Potosí,,
PUR,Puerto Rico Airport,-11.107663,-67.551155,small_airport,Bolivia,玻利维亚,BO,Puerto Rico/Manuripi,,
PSZ,Capitán Av. Salvador Ogaya G. airport,-18.975301,-57.820599,medium_airport,Bolivia,玻利维亚,BO,Puerto Suárez,,
RIB,Capitán Av. Selin Zeitun Lopez Airport,-11.009355,-66.075468,medium_airport,Bolivia,玻利维亚,BO,Riberalta,,
RBQ,Rurrenabaque Airport,-14.4279,-67.496803,small_airport,Bolivia,玻利维亚,BO,Rurrenabaque,,
SBL,Santa Ana Del Yacuma Airport,-13.762200355500001,-65.4352035522,medium_airport,Bolivia,玻利维亚,BO,Santa Ana del Yacuma,,
TJA,Capitan Oriel Lea Plaza Airport,-21.5557,-64.701302,medium_airport,Bolivia,玻利维亚,BO,Tarija,,
TDD,Teniente Av. Jorge Henrich Arauz Airport,-14.8187,-64.917999,medium_airport,Bolivia,玻利维亚,BO,Trinidad,,
UYU,Joya Andina International Airport,-20.441304,-66.857553,large_airport,Bolivia,玻利维亚,BO,Quijarro,,
VLM,Teniente Coronel Rafael Pabón Airport,-21.255199432399998,-63.4056015015,medium_airport,Bolivia,玻利维亚,BO,Villamontes,,
VVI,Viru Viru International Airport,-17.6448,-63.135399,large_airport,Bolivia,玻利维亚,BO,Santa Cruz,,
BYC,Yacuiba Airport,-21.960899353027344,-63.65169906616211,medium_airport,Bolivia,玻利维亚,BO,Yacuíba,,
DRJ,Drietabbetje Airport,4.111359,-54.672766,small_airport,Suriname,苏里南,SR,Drietabbetje,,
PBM,Johan Adolf Pengel International Airport,5.45283,-55.187801,large_airport,Suriname,苏里南,SR,Paramaribo,,"Zandery, Zanderij, JAP International Airport, JAPI Airport, JAPIA, ZY Airport"
MOJ,Moengo Airstrip,5.6076,-54.4003,small_airport,Suriname,苏里南,SR,Moengo,,
AGI,Wageningen Airstrip,5.841252,-56.673247,small_airport,Suriname,苏里南,SR,Wageningen,,
ORG,Zorg en Hoop Airport,5.811211,-55.192299,small_airport,Suriname,苏里南,SR,Paramaribo,,
JSO,Dr. Luciano de Arruda Coelho Regional Airport,-3.614769,-40.232208,medium_airport,Brazil,巴西,BR,Sobral,,
BRA,Dom Ricardo Weberberger Airport,-12.0789,-45.008999,small_airport,Brazil,巴西,BR,Barreiras,,
EEA,Planalto Serrano Regional Airport,-27.634128,-50.358253,medium_airport,Brazil,巴西,BR,Correia Pinto,,
JPE,Nagib Demachki Airport,-3.019798,-47.316474,small_airport,Brazil,巴西,BR,Paragominas,,
GUZ,Guarapari Airport,-20.6465,-40.491901,small_airport,Brazil,巴西,BR,Guarapari,,
SET,Santa Magalhães Airport,-8.061433,-38.328888,small_airport,Brazil,巴西,BR,Serra Talhada,,
LHN,Linhares Municipal Airport,-19.355202,-40.07128,medium_airport,Brazil,巴西,BR,Linhares,,
CAU,Caruaru Airport,-8.28239,-36.0135,small_airport,Brazil,巴西,BR,Caruaru,,Oscar Laranjeiras
OPP,Salinópolis Airport,-0.696111,-47.336111,small_airport,Brazil,巴西,BR,Salinópolis,,
VAL,Valença Airport,-13.2965,-38.992401,small_airport,Brazil,巴西,BR,Valença,,
BVS,Breves Airport,-1.63653,-50.4436,small_airport,Brazil,巴西,BR,Breves,,
GGF,Almeirim Airport,-1.479524,-52.578214,small_airport,Brazil,巴西,BR,Almeirim,,
PYT,Pedro Rabelo de Souza Airport,-17.242599,-46.883099,small_airport,Brazil,巴西,BR,Paracatu,,
CAY,Cayenne – Félix Eboué Airport,4.819964,-52.361326,large_airport,French Guiana,法属圭亚那,GF,Matoury,,"Cayenne-Rochambeau, Matoury"
MPY,Maripasoula Airport,3.655907,-54.039431,medium_airport,French Guiana,法属圭亚那,GF,Maripasoula,,
OYP,Saint-Georges-de-l'Oyapock Airport,3.8976,-51.8041,medium_airport,French Guiana,法属圭亚那,GF,Saint-Georges-de-l'Oyapock,,
LDX,Saint-Laurent-du-Maroni Airport,5.481891,-54.034964,medium_airport,French Guiana,法属圭亚那,GF,Saint-Laurent-du-Maroni,,
AYX,Teniente General Gerardo Pérez Pinedo Airport,-10.7291,-73.766502,medium_airport,Peru,秘鲁,PE,Atalaya,,
IBP,Iberia Airport,-11.4116,-69.488701,medium_airport,Peru,秘鲁,PE,Iberia,,
PCL,Cap FAP David Abenzur Rengifo International Airport,-8.378064,-74.574495,large_airport,Peru,秘鲁,PE,Pucallpa,,
CHM,FAP Lieutenant Jaime Andres de Montreuil Morales Airport,-9.14961,-78.523804,medium_airport,Peru,秘鲁,PE,Chimbote,,
CIX,Capitán FAP José A. Quiñones González International Airport,-6.789223,-79.828254,large_airport,Peru,秘鲁,PE,Chiclayo,,
AYP,Air Force Colonel Alfredo Mendivil Duarte Airport,-13.1548,-74.204399,medium_airport,Peru,秘鲁,PE,Ayacucho,,Coronel FAP Alfredo Mendivil Duarte
ANS,Andahuaylas Airport,-13.706399917602539,-73.35040283203125,small_airport,Peru,秘鲁,PE,Andahuaylas,,
ATA,Comandante FAP German Arias Graziani Airport,-9.347439765930176,-77.59839630126953,medium_airport,Peru,秘鲁,PE,Anta,,
LIM,Jorge Chávez International Airport,-12.0219,-77.114305,large_airport,Peru,秘鲁,PE,Lima,,SPIM
RIJ,Juan Simons Vela Airport,-6.06786,-77.160004,medium_airport,Peru,秘鲁,PE,Rioja,,
JAE,Shumba Airport,-5.59248,-78.774002,medium_airport,Peru,秘鲁,PE,Jaén,,
JJI,Juanjui Airport,-7.1691,-76.7286,medium_airport,Peru,秘鲁,PE,Juanjuí,,
JAU,Francisco Carle Airport,-11.7831001282,-75.47339630130001,medium_airport,Peru,秘鲁,PE,Jauja,,
JUL,Inca Manco Capac International Airport,-15.467689,-70.15653,large_airport,Peru,秘鲁,PE,Juliaca,,
CJA,Mayor General FAP Armando Revoredo Iglesias Airport,-7.13918,-78.489403,medium_airport,Peru,秘鲁,PE,Cajamarca,,
ILQ,General Jorge Fernandez Maldon Airport,-17.695,-71.344002,medium_airport,Peru,秘鲁,PE,Ilo,,
TBP,Captain Pedro Canga Rodríguez International Airport,-3.552074,-80.381086,medium_airport,Peru,秘鲁,PE,Tumbes,,Capitan FAP Pedro Canga Rodriguez
YMS,Moises Benzaquen Rengifo Airport,-5.89377,-76.118202,medium_airport,Peru,秘鲁,PE,Yurimaguas,,
HUU,Alferez Fap David Figueroa Fernandini Airport,-9.878809928894043,-76.20480346679688,medium_airport,Peru,秘鲁,PE,Huánuco,,
CHH,Chachapoyas Airport,-6.201911,-77.856195,medium_airport,Peru,秘鲁,PE,Chachapoyas,,
IQT,Coronel FAP Francisco Secada Vignetta International Airport,-3.78474,-73.3088,large_airport,Peru,秘鲁,PE,Iquitos,,
AQP,Rodríguez Ballón International Airport,-16.340786,-71.569485,large_airport,Peru,秘鲁,PE,Arequipa,,
TRU,Capitán FAP Carlos Martínez de Pinillos International Airport,-8.082382,-79.108821,large_airport,Peru,秘鲁,PE,Trujillo,,
PIO,Captain Renán Elías Olivera International Airport,-13.7449,-76.220299,large_airport,Peru,秘鲁,PE,Pisco,,Capitán FAP Renán Elías Olivera
TPP,Cadete FAP Guillermo Del Castillo Paredes Airport,-6.508739948272705,-76.37319946289062,medium_airport,Peru,秘鲁,PE,Tarapoto,,
TCQ,Coronel FAP Carlos Ciriani Santa Rosa International Airport,-18.053300857500002,-70.2758026123,medium_airport,Peru,秘鲁,PE,Tacna,,
PEM,Padre Aldamiz International Airport,-12.6135997772,-69.2285995483,medium_airport,Peru,秘鲁,PE,Puerto Maldonado,,Puerto Maldonado International Airport
PIU,PAF Captain Guillermo Concha Iberico International Airport,-5.20575,-80.616402,medium_airport,Peru,秘鲁,PE,Piura,,
TYL,Captain Victor Montes Arias International Airport,-4.57664,-81.254097,medium_airport,Peru,秘鲁,PE,Talara,,Capitan FAP Victor Montes Arias
NZC,Maria Reiche Neuman Airport,-14.854,-74.961502,medium_airport,Peru,秘鲁,PE,Nazca,,
CUZ,Alejandro Velasco Astete International Airport,-13.535699844400002,-71.9387969971,large_airport,Peru,秘鲁,PE,Cusco,,
EAX,Eduard Alexander Gummels Airport,5.863807,-55.189504,small_airport,Suriname,苏里南,SR,Kwatta,,
SRL,Palo Verde Airport,27.0927,-112.0985,small_airport,Mexico,墨西哥,MX,Mulegé,,"CIB, PVP, Chivato Bay, San Bruno"
SRV,Stony River 2 Airport,61.7897,-156.589005,small_airport,United States of America,美国,US,Stony River,,
CEL,Canela Airport,-29.370091,-50.831729,small_airport,Brazil,巴西,BR,Canela,,
FBE,Paulo Abdala Airport,-26.05938,-53.063827,small_airport,Brazil,巴西,BR,Francisco Beltrão,,
GGJ,Guaíra Airport,-24.0811,-54.1917,small_airport,Brazil,巴西,BR,Guaíra,,"Walter Martins de Oliveira Municipal, QGA"
OAL,Cacoal Airport,-11.496,-61.4508,small_airport,Brazil,巴西,BR,Cacoal,,
UMU,Orlando de Carvalho Airport,-23.7987,-53.313801,small_airport,Brazil,巴西,BR,Umuarama,,
UVI,José Cleto Airport,-26.233224,-51.066754,small_airport,Brazil,巴西,BR,União da Vitória,,"José Cleto, QVB"
SRA,Luis Alberto Lehr Airport,-27.90658,-54.520628,small_airport,Brazil,巴西,BR,Santa Rosa,,
DZO,Santa Bernardina International Airport,-33.358898,-56.499199,medium_airport,Uruguay,乌拉圭,UY,Durazno,,Tte. 2° Mario W. Parallada Air Base
PDP,Capitan Corbeta CA Curbelo International Airport,-34.855099,-55.094299,medium_airport,Uruguay,乌拉圭,UY,Punta del Este,,
MVD,Carrasco General Cesáreo L. Berisso International Airport,-34.835647,-56.026497,large_airport,Uruguay,乌拉圭,UY,Ciudad de la Costa,,Montevideo
PDU,Tydeo Larre Borges Airport,-32.3633,-58.061901,medium_airport,Uruguay,乌拉圭,UY,Paysandú,,
RVY,Pres. Gral. Óscar D. Gestido Binational Airport,-30.9746,-55.4762,medium_airport,Uruguay,乌拉圭,UY,Rivera/Santana do Livramento,,"Santana do Livramento, Cerro Chapeu International Airport"
STY,Nueva Hesperides International Airport,-31.438499,-57.985298,medium_airport,Uruguay,乌拉圭,UY,Salto,,
AGV,Oswaldo Guevara Mujica Airport,9.553375,-69.237869,medium_airport,Venezuela,委内瑞拉,VE,Acarigua,,Acarigua-Araure Airport
AAO,Anaco Airport,9.430225,-64.470726,medium_airport,Venezuela,委内瑞拉,VE,Anaco,,
BLA,General José Antonio Anzoategui International Airport,10.111111,-64.692222,large_airport,Venezuela,委内瑞拉,VE,Barcelona,,"Barcelona, Puero La Cruz,Lecheria"
BNS,Barinas Airport,8.615,-70.214167,medium_airport,Venezuela,委内瑞拉,VE,Barinas,,
BRM,Jacinto Lara International Airport,10.042747,-69.35862,large_airport,Venezuela,委内瑞拉,VE,Barquisimeto,,
MYC,Escuela Mariscal Sucre Airport,10.249978,-67.649422,medium_airport,Venezuela,委内瑞拉,VE,Maracay,,
CBL,General Tomas de Heres Airport,8.122161,-63.536957,medium_airport,Venezuela,委内瑞拉,VE,Ciudad Bolivar,,Aeropuerto General Tomas de Heres
CXA,Caicara del Orinoco Airport,7.62551,-66.162804,medium_airport,Venezuela,委内瑞拉,VE,,,
CLZ,Calabozo Airport,8.924656,-67.417091,medium_airport,Venezuela,委内瑞拉,VE,Guarico,,
CAJ,Canaima Airport,6.231989,-62.85485,medium_airport,Venezuela,委内瑞拉,VE,Canaima,,
CUP,General Francisco Bermúdez Airport,10.660014,-63.261681,medium_airport,Venezuela,委内瑞拉,VE,Carúpano,,
CZE,José Leonardo Chirinos Airport,11.414944,-69.680901,medium_airport,Venezuela,委内瑞拉,VE,Coro,,
CUM,Antonio José de Sucre Airport,10.450333,-64.13047,medium_airport,Venezuela,委内瑞拉,VE,Cumaná,,
EOR,El Dorado Airport,6.71573,-61.638786,medium_airport,Venezuela,委内瑞拉,VE,Bolivar,,
EOZ,Elorza Airport,7.059677,-69.4967,medium_airport,Venezuela,委内瑞拉,VE,,,
GDO,Guasdualito Airport,7.210834,-70.756386,medium_airport,Venezuela,委内瑞拉,VE,Guasdualito,,
GUI,Guiria Airport,10.574077606200001,-62.3126678467,medium_airport,Venezuela,委内瑞拉,VE,,,
GUQ,Guanare Airport,9.026944,-69.75515,medium_airport,Venezuela,委内瑞拉,VE,Guanare,,
ICC,Andrés Miguel Salazar Marcano Airport,10.794432,-63.98159,small_airport,Venezuela,委内瑞拉,VE,Isla de Coche,,
LSP,Josefa Camejo International Airport,11.780775,-70.151497,medium_airport,Venezuela,委内瑞拉,VE,Paraguaná,,
LFR,La Fria Airport,8.239167,-72.271027,medium_airport,Venezuela,委内瑞拉,VE,,,
MAR,La Chinita International Airport,10.557542,-71.729307,large_airport,Venezuela,委内瑞拉,VE,Maracaibo,,
MRD,Alberto Carnevalli Airport,8.582078,-71.161041,medium_airport,Venezuela,委内瑞拉,VE,Mérida,,
PMV,Del Caribe Santiago Mariño International Airport,10.912603,-63.966599,large_airport,Venezuela,委内瑞拉,VE,Isla Margarita,,
CCS,Maiquetía Simón Bolívar International Airport,10.602214,-66.991174,large_airport,Venezuela,委内瑞拉,VE,Maiquetía,,Caracas
MUN,José Tadeo Monagas International Airport,9.749023,-63.153348,medium_airport,Venezuela,委内瑞拉,VE,Maturín,,
PYH,Cacique Aramare Airport,5.61999,-67.606102,medium_airport,Venezuela,委内瑞拉,VE,Puerto Ayacucho,,Casique Aramare Airport
PBL,General Bartolome Salom International Airport,10.4805,-68.072998,medium_airport,Venezuela,委内瑞拉,VE,Puerto Cabello,,
SCI,Paramillo Airport,7.801389,-72.202778,medium_airport,Venezuela,委内瑞拉,VE,San Cristóbal,,
PZO,General Manuel Carlos Piar International Airport,8.28853,-62.760399,large_airport,Venezuela,委内瑞拉,VE,Guyana City,,CGU
PTM,Palmarito Airport,7.575479,-70.174435,medium_airport,Venezuela,委内瑞拉,VE,Palmarito,,
LRV,Los Roques Airport,11.946935,-66.668333,small_airport,Venezuela,委内瑞拉,VE,Gran Roque Island,,
SVS,Stevens Village Airport,66.016727,-149.056835,small_airport,United States of America,美国,US,Stevens Village,,
SVZ,Juan Vicente Gómez International Airport,7.840809,-72.439878,medium_airport,Venezuela,委内瑞拉,VE,San Antonio del Tachira,,
SNV,Santa Elena de Uairén Airport,4.554699,-61.145234,medium_airport,Venezuela,委内瑞拉,VE,Santa Elena de Uairén,,
STD,Mayor Buenaventura Vivas International Airport,7.56538,-72.035103,medium_airport,Venezuela,委内瑞拉,VE,Santo Domingo,,
SNF,Sub Teniente Nestor Arias Airport,10.2787,-68.755203,medium_airport,Venezuela,委内瑞拉,VE,San Felipe,,
SFD,San Fernando de Apure Las Flecheras National Airport,7.88332,-67.444,medium_airport,Venezuela,委内瑞拉,VE,San Fernando de Apure,,
SOM,San Tomé Airport,8.9451465606689,-64.151084899902,medium_airport,Venezuela,委内瑞拉,VE,El Tigre,,"Don Edmundo Barrios, San José de Guanipa"
STB,Miguel Urdaneta Fernández Airport,8.97455,-71.943253,medium_airport,Venezuela,委内瑞拉,VE,San Carlos del Zulia,,"Relámpago del Catatumbo National, Santa Bárbara del Zulia"
TUV,Tucupita Airport,9.088994,-62.094173,medium_airport,Venezuela,委内瑞拉,VE,Tucupita,,
TMO,Tumeremo Airport,7.24938,-61.52893,medium_airport,Venezuela,委内瑞拉,VE,,,
VLN,Arturo Michelena International Airport,10.149733,-67.928398,large_airport,Venezuela,委内瑞拉,VE,Valencia,,
VIG,Juan Pablo Pérez Alfonso Airport,8.624139,-71.672668,medium_airport,Venezuela,委内瑞拉,VE,El Vigía,,
VLV,Dr. Antonio Nicolás Briceño Airport,9.340478,-70.584061,medium_airport,Venezuela,委内瑞拉,VE,Valera,,
VDP,Valle de La Pascua Airport,9.22202777863,-65.9935836792,medium_airport,Venezuela,委内瑞拉,VE,,,
BAZ,Barcelos Airport,-0.981191,-62.918603,small_airport,Brazil,巴西,BR,Barcelos,,
RBB,Borba Airport,-4.40634,-59.602402,small_airport,Brazil,巴西,BR,Borba,,
CAF,Carauari Airport,-4.871473,-66.897552,small_airport,Brazil,巴西,BR,Carauari,,
AUX,Araguaína Airport,-7.22787,-48.240501,medium_airport,Brazil,巴西,BR,Araguaína,,
LBR,Lábrea Airport,-7.27897,-64.769501,small_airport,Brazil,巴西,BR,Lábrea,,
IRZ,Tapuruquara Airport,-0.378604,-64.992558,small_airport,Brazil,巴西,BR,Santa Isabel do Rio Negro,,
TGQ,Tangará da Serra Airport,-14.662,-57.443744,small_airport,Brazil,巴西,BR,Tangará da Serra,,
SXP,Nunam Iqua Airport,62.520599,-164.848006,small_airport,United States of America,美国,US,Nunam Iqua,,Sheldon Point Airport
GEO,Cheddi Jagan International Airport,6.49855,-58.254101,large_airport,Guyana,圭亚那,GY,Georgetown,,"SYGT, Atkinson AFB. Timehri Intl"
OGL,Eugene F. Correia International Airport,6.805881,-58.107657,medium_airport,Guyana,圭亚那,GY,Ogle,,SYGO
KAI,Kaieteur Airport,5.177349,-59.48898,medium_airport,Guyana,圭亚那,GY,Kaieteur Falls,,
LTM,Lethem Airport,3.37276,-59.789398,medium_airport,Guyana,圭亚那,GY,Lethem,,
ANU,V. C. Bird International Airport,17.1367,-61.792702,large_airport,Antigua and Barb.,安提瓜和巴布达,AG,Osbourn,,St. John's
BGI,Grantley Adams International Airport,13.074667,-59.491034,large_airport,Barbados,巴巴多斯,BB,Bridgetown,,Seawell
TCT,Takotna Airport,62.993206,-156.029026,small_airport,United States of America,美国,US,Takotna,,
DCF,Canefield Airport,15.336693,-61.392108,medium_airport,Dominica,多米尼克,DM,Canefield,,
DOM,Douglas-Charles Airport,15.546673,-61.301082,medium_airport,Dominica,多米尼克,DM,Marigot,,Melville Hall
DSD,La Désirade Airport,16.296902,-61.0844,small_airport,Guadeloupe,瓜德罗普,GP,Grande Anse,,
BBR,Basse-Terre Baillif Airport,16.013648,-61.742928,small_airport,Guadeloupe,瓜德罗普,GP,Basse-Terre,,
SFC,St-François Airport,16.257799,-61.262501,small_airport,Guadeloupe,瓜德罗普,GP,St-François,,
FDF,Martinique Aimé Césaire International Airport,14.591,-61.003201,large_airport,Martinique,马提尼克,MQ,Fort-de-France,,Le Lamentin Airport
SFG,Grand Case-l'Espérance Airport,18.100057,-63.047444,medium_airport,St-Martin,法属圣马丁,MF,Grand Case,,"Aérodrome de Grand-Case Espérance, CCE, Saint-Martin"
SBH,St. Jean Airport,17.904398,-62.843333,medium_airport,St-Barthélemy,圣巴泰勒米,BL,Gustavia,,"Gustaf III Rémy de Haenen, Saint Barthélemy Airport, Saint-Jean, Aérodrome de St Jean, Saint Barth, St. Barts"
GBJ,Marie-Galante Airport,15.868925,-61.270087,medium_airport,Guadeloupe,瓜德罗普,GP,Grand-Bourg,,Marie Galante
PTP,Maryse Condé International Airport,16.265443,-61.532754,large_airport,Guadeloupe,瓜德罗普,GP,Pointe-à-Pitre,,"Le Raizet, Les Abymes"
GND,Maurice Bishop International Airport,12.003996,-61.785302,large_airport,Grenada,格林纳达,GD,Saint George's,,Point Salines
CRU,Lauriston Airport,12.4761,-61.472801,small_airport,Grenada,格林纳达,GD,Carriacou Island,,
STT,Cyril E. King Airport,18.337091,-64.977251,large_airport,U.S. Virgin Is.,美属维尔京群岛,VI,Charlotte Amalie,,Harry S. Truman Airport
STX,Henry E. Rohlsen Airport,17.701413,-64.802608,medium_airport,U.S. Virgin Is.,美属维尔京群岛,VI,Christiansted,,St Croix
ARE,Antonio Nery Juarbe Pol Airport,18.45085,-66.675768,medium_airport,Puerto Rico,波多黎各,PR,Arecibo,,
BQN,Rafael Hernández International Airport,18.4949,-67.129402,medium_airport,Puerto Rico,波多黎各,PR,Aguadilla,,"Ramey, TJFF"
CPX,Benjamin Rivera Noriega Airport,18.312954,-65.303893,medium_airport,Puerto Rico,波多黎各,PR,Culebra,,Culebra Airport
SIG,Fernando Luis Ribas Dominicci Airport,18.45680046081543,-66.09809875488281,medium_airport,Puerto Rico,波多黎各,PR,San Juan,,Isla Grande
MAZ,Eugenio Maria De Hostos Airport,18.255699,-67.148499,medium_airport,Puerto Rico,波多黎各,PR,Mayaguez,,
PSE,Mercedita International Airport,18.008301,-66.563004,medium_airport,Puerto Rico,波多黎各,PR,Ponce,,
NRR,José Aponte de la Torre Airport,18.247262,-65.63979,medium_airport,Puerto Rico,波多黎各,PR,Ceiba,,"Ceiba International Airport, NAS Roosevelt Roads, NRR, TJNR"
SJU,Luis Munoz Marin International Airport,18.4394,-66.001801,large_airport,Puerto Rico,波多黎各,PR,San Juan,,Isla Verde
VQS,Antonio Rivera Rodriguez Airport,18.1348,-65.493599,medium_airport,Puerto Rico,波多黎各,PR,Vieques,,
SKB,Robert L. Bradshaw International Airport,17.310845,-62.719117,large_airport,St. Kitts and Nevis,圣基茨和尼维斯,KN,Basseterre,,
NEV,Vance W. Amory International Airport,17.2057,-62.589901,medium_airport,St. Kitts and Nevis,圣基茨和尼维斯,KN,Charlestown,,"Nevis, Bambooshay Airport, Newcastle Airport"
SLU,George F. L. Charles Airport,14.0202,-60.992901,medium_airport,Saint Lucia,圣卢西亚,LC,Castries,,Vigie Airport
UVF,Hewanorra International Airport,13.7332,-60.952599,large_airport,Saint Lucia,圣卢西亚,LC,Vieux Fort,,
TLT,Tuluksak Airport,61.086973,-160.922842,small_airport,United States of America,美国,US,Tuluksak,,
BKN,Balkanabat International Airport,39.681052,54.206008,medium_airport,Turkmenistan,土库曼斯坦,TM,Balkanabat,,"Аэродром Джебел, Jebel Airport"
AUA,Queen Beatrix International Airport,12.501056,-70.014281,large_airport,Aruba,阿鲁巴,AW,Oranjestad,,"Playa, Dakota Field"
BON,Flamingo International Airport,12.131,-68.268501,large_airport,Caribbean Netherlands,荷兰加勒比区,BQ,Kralendijk,,Bonaire
CUR,Hato International Airport,12.1889,-68.959801,large_airport,Curaçao,库拉索,CW,Willemstad,,Curaçao
EUX,F. D. Roosevelt Airport,17.4965,-62.979401,medium_airport,Caribbean Netherlands,荷兰加勒比区,BQ,Oranjestad,,
SXM,Princess Juliana International Airport,18.041,-63.108898,large_airport,Sint Maarten,荷属圣马丁,SX,Sint Maarten,,"Saint Martin, Maho Beach, Simpson Bay"
SAB,Juancho E. Yrausquin Airport,17.64533,-63.220514,medium_airport,Caribbean Netherlands,荷兰加勒比区,BQ,Zion's Hill,,"The Bottom, Saba"
AXA,Clayton J. Lloyd International Airport,18.204773,-63.05383,medium_airport,Anguilla,安圭拉,AI,The Valley,,Wallblake Airport
MNI,John A. Osborne Airport,16.791835,-62.193204,large_airport,Montserrat,蒙特塞拉特,MS,Gerald's Park,,"Gerald's Airport, Brades"
TAB,A.N.R. Robinson International Airport,11.149571,-60.831298,large_airport,Trinidad and Tobago,特立尼达和多巴哥,TT,Scarborough,,Tobago-Crown Point Airport
POS,Piarco International Airport,10.59535,-61.337568,large_airport,Trinidad and Tobago,特立尼达和多巴哥,TT,Port of Spain,,
EIS,Terrance B. Lettsome International Airport,18.445492,-64.541707,large_airport,British Virgin Is.,英属维尔京群岛,VG,Beef Island,,"BVI, Beef Island Airport, Road Town"
VIJ,Virgin Gorda Airport,18.446634,-64.427932,medium_airport,British Virgin Is.,英属维尔京群岛,VG,Spanish Town,,
SVD,Argyle International Airport,13.159725,-61.148801,large_airport,St. Vin. and Gren.,圣文森特和格林纳丁斯,VC,Kingstown,,
BQU,J F Mitchell Airport,12.9884,-61.262001,medium_airport,St. Vin. and Gren.,圣文森特和格林纳丁斯,VC,Bequia,,
CIW,Canouan Airport,12.699,-61.3424,medium_airport,St. Vin. and Gren.,圣文森特和格林纳丁斯,VC,Canouan,,
MQS,Mustique Airport,12.8879,-61.180199,medium_airport,St. Vin. and Gren.,圣文森特和格林纳丁斯,VC,Lovell,,
UNI,Union Island International Airport,12.600135,-61.411945,medium_airport,St. Vin. and Gren.,圣文森特和格林纳丁斯,VC,Union Island,,
TWC,Tumxuk Tangwangcheng Airport,39.886663,79.233408,small_airport,China,中华人民共和国,CN,Tumxuk,,
BDA,L.F. Wade International Airport,32.363802,-64.67824,large_airport,Bermuda,百慕大,BM,Hamilton,,"Kindley Air Force Base, Fort Bell Army Airfield, NAS Bermuda, Naval Air Station Bermuda"
ALA,Almaty International Airport,43.354267,77.042828,large_airport,Kazakhstan,哈萨克斯坦,KZ,Almaty,,Alma Ata
BXH,Balkhash Airport,46.894246,75.004533,medium_airport,Kazakhstan,哈萨克斯坦,KZ,Balkhash,,Balqash
USJ,Usharal Airport,46.190767,80.830922,small_airport,Kazakhstan,哈萨克斯坦,KZ,Usharal,,Enbekshi Airport
TDK,Taldykorgan Airport,45.12255,78.442758,medium_airport,Kazakhstan,哈萨克斯坦,KZ,Taldykorgan,,"Taldy Kurgan Airport, Taldy Kurgan Northeast Airport, Аэропорт Талды-Курган"
NQZ,Nursultan Nazarbayev International Airport,51.027035,71.467094,large_airport,Kazakhstan,哈萨克斯坦,KZ,Astana,,"TSE, Astana Airport"
KOV,Kokshetau International Airport,53.329102,69.594597,large_airport,Kazakhstan,哈萨克斯坦,KZ,Kokshetau,,KOKCHETAV TROFIMOVKA
PPK,Petropavl International Airport,54.775622,69.187415,large_airport,Kazakhstan,哈萨克斯坦,KZ,Petropavl,,
DMB,Taraz International Airport,42.8536,71.303596,large_airport,Kazakhstan,哈萨克斯坦,KZ,Taraz,,"Aulie Ata, Jambyl"
BSZ,Manas International Airport,43.061298,74.4776,large_airport,Kyrgyzstan,吉尔吉斯斯坦,KG,Bishkek,,"FRU, UAFM, Manas Air Force Base"
OSS,Osh International Airport,40.609001,72.793297,large_airport,Kyrgyzstan,吉尔吉斯斯坦,KG,Osh,,UAFO
IKG,Karakol International Airport,42.508099,78.407799,medium_airport,Kyrgyzstan,吉尔吉斯斯坦,KG,Karakol,,"UAFP, Przhevalsk Airport"
CIT,Shymkent International Airport,42.365021,69.47564,large_airport,Kazakhstan,哈萨克斯坦,KZ,Shymkent,,"Chimkent Airport, Аэропорт Шымкент, Аэропорт Чимкент"
HSA,Hazrat Sultan International Airport,43.311087,68.550352,large_airport,Kazakhstan,哈萨克斯坦,KZ,Turkıstan,,
DZN,Zhezkazgan National Airport,47.708953,67.738094,large_airport,Kazakhstan,哈萨克斯坦,KZ,Zhezkazgan,,"УАКД, Жезказган, Dzhezkazgan South"
KGF,Sary-Arka Airport,49.670799,73.334396,large_airport,Kazakhstan,哈萨克斯坦,KZ,Karaganda,,
BXY,Baikonur Krayniy International Airport,45.621994,63.210773,large_airport,Kazakhstan,哈萨克斯坦,KZ,Baikonur,,"Krayniy Airport, Аэропорт Крайний"
KZO,Korkyt Ata International Airport,44.706902,65.592499,large_airport,Kazakhstan,哈萨克斯坦,KZ,Kyzylorda,,Kyzylorda Southwest
URA,Manshuk Mametova International Airport,51.151976,51.543652,large_airport,Kazakhstan,哈萨克斯坦,KZ,Uralsk,,"Podstepnyy, Uralsk International Airport, Oral Ak Zhol Airport"
EKB,Ekibastuz Airport,51.590999603271484,75.21499633789062,medium_airport,Kazakhstan,哈萨克斯坦,KZ,Ekibastuz,,Аэропорт Экибастуз
UKK,Oskemen International Airport,50.035033,82.496057,large_airport,Kazakhstan,哈萨克斯坦,KZ,Ust-Kamenogorsk,Ust-Kamenogorsk (Oskemen),"Ust-Kamennogorsk Airport, Аэропорт Усть-Каменногорск"
PWQ,Pavlodar International Airport,52.194982,77.073088,large_airport,Kazakhstan,哈萨克斯坦,KZ,Pavlodar,,Pavlodar South
PLX,Semei International Airport,50.351295,80.234398,large_airport,Kazakhstan,哈萨克斯坦,KZ,Semey,,"Semipalatinsk Airport, Semey International Airport"
SZI,Zaysan Airport,47.487491,84.887675,small_airport,Kazakhstan,哈萨克斯坦,KZ,Zaysan,,Zaisan
SCO,Aktau International Airport,43.860093,51.09086,large_airport,Kazakhstan,哈萨克斯坦,KZ,Aktau,,Akshukyr
GUW,Atyrau International Airport,47.121318,51.820343,large_airport,Kazakhstan,哈萨克斯坦,KZ,Atyrau,,
AKX,Aktobe International Airport,50.248116,57.204144,large_airport,Kazakhstan,哈萨克斯坦,KZ,Aktobe,,"Aktyubinsk Airport, Aktubinsk Airport, Аэропорт Актюбинск"
KSN,Kostanay International Airport,53.206902,63.550301,large_airport,Kazakhstan,哈萨克斯坦,KZ,Kostanay,,
GYD,Heydar Aliyev International Airport,40.47278,50.050931,large_airport,Azerbaijan,阿塞拜疆,AZ,Baku,,"BAK, Bina International Airport, Heydər Əliyev adına beynəlxalq hava limanı, Gaydar Aliyev"
GNJ,Ganja International Airport,40.738692,46.320383,large_airport,Azerbaijan,阿塞拜疆,AZ,Ganja,,"KVD, Kirovabad, Gyandzha Airport, Аэропорт Гянджа, Ganca, Gəncə"
LLK,Lankaran International Airport,38.757919,48.807042,small_airport,Azerbaijan,阿塞拜疆,AZ,Lankaran,,"UB10, Lenkoran"
NAJ,Nakhchivan International Airport,39.188801,45.458401,large_airport,Azerbaijan,阿塞拜疆,AZ,Nakhchivan,,"Nakhichevan Airport, Аэропорт Нахичевань, UB15"
GBB,Gabala International Airport,40.808617,47.725389,medium_airport,Azerbaijan,阿塞拜疆,AZ,Gabala,,"Qəbələ, Qabala"
ZTU,Zaqatala International Airport,41.557823,46.669464,medium_airport,Azerbaijan,阿塞拜疆,AZ,Zaqatala,,Zakataly Airport
LHL,Lachin International Airport,39.883787,46.363137,medium_airport,Azerbaijan,阿塞拜疆,AZ,Lachin,,
IKU,Issyk-Kul International Airport,42.585584,76.701181,large_airport,Kyrgyzstan,吉尔吉斯斯坦,KG,Tamchy,,"UAFL, Issyk-Kul Airport, Chok-Tal Airport, Аэропорт Тамчы, Аэропорт Иссык-Куль, Аэропорт Чок-Тал"
LWN,Shirak International Airport,40.750401,43.859299,large_airport,Armenia,亚美尼亚,AM,Gyumri,,UGEL
EVN,Zvartnots International Airport,40.148941,44.397887,large_airport,Armenia,亚美尼亚,AM,Yerevan,,"UGEE, Erevan Airport, Erivan Airport, Аэропорт Звартноц, Аэропорт Ереван"
BQJ,Batagay Airport,67.648003,134.695007,small_airport,Russia,俄罗斯,RU,Batagay,,"УЕББ, Батагай"
SUK,Sakkyryr Airport,67.792,130.394,small_airport,Russia,俄罗斯,RU,Batagay-Alyta,,"УЕБС, Саккырыр, Батагаы-Алыта"
UKG,Ust-Kuyga Airport,70.011002,135.645004,small_airport,Russia,俄罗斯,RU,Ust-Kuyga,,"УЕБТ, Аэропорт Усть-Куйга"
YKS,Platon Oyunsky Yakutsk International Airport,62.0933,129.770996,large_airport,Russia,俄罗斯,RU,Yakutsk,,"УЕЕЕ, ЬЕЕЕ, Якутск"
NER,Chulman Airport,56.913898468018,124.91400146484,medium_airport,Russia,俄罗斯,RU,Neryungri,,"Neryungri Airport, Аэропорт Чульман, Аэропорт Нерюнгри, CNN"
MQJ,Moma Airport,66.450861,143.261551,medium_airport,Russia,俄罗斯,RU,Khonuu,,Аэропорт Мома
GYG,Magan Airport,62.103484,129.545288,medium_airport,Russia,俄罗斯,RU,Magan,,"УЕММ, Маган"
OLZ,Olyokminsk Airport,60.401833,120.476094,medium_airport,Russia,俄罗斯,RU,Olyokminsk,,"Olekminsk Airport, Аэропорт Олёкминск, Аэропорт Олекминск, УЕМО"
USR,Ust-Nera Airport,64.550003,143.115005,medium_airport,Russia,俄罗斯,RU,Ust-Nera,,"УЕМТ, Аэропорт Усть-Нера"
UMS,Ust-Maya Airport,60.357437,134.43731,small_airport,Russia,俄罗斯,RU,Ust-Maya,,"УЕМУ, Аэропорт Усть-Мая"
VHV,Verkhnevilyuisk Airport,63.458057403564,120.26916503906,small_airport,Russia,俄罗斯,RU,Verkhnevilyuisk,,"УЕНИ, Verkhneviluisk Airport, Verhnevilyuisk Airport, Verhneviluisk Airport, Аэропорт Верхневилюйск"
SUY,Suntar Airport,62.185001373291,117.63500213623,small_airport,Russia,俄罗斯,RU,Suntar,,"УЕНС, Сунтар"
VYI,Vilyuisk Airport,63.756668,121.693336,medium_airport,Russia,俄罗斯,RU,Vilyuisk,,"УЕНВ, Вилюйск"
ULK,Lensk Airport,60.723594,114.825319,medium_airport,Russia,俄罗斯,RU,Lensk,,"УЕРЛ, Ленcк"
PYJ,Polyarny Airport,66.400398,112.029999,medium_airport,Russia,俄罗斯,RU,Yakutia,,"УЕРП, Аэропорт Полярный, Alrosa, Kimberlite, Diamonds"
MJZ,Mirny Airport,62.534698486328125,114.03900146484375,medium_airport,Russia,俄罗斯,RU,Mirny,,
SYS,Saskylakh Airport,71.927902,114.080002,medium_airport,Russia,俄罗斯,RU,Saskylakh,,"УЕРС, Аэропорт Саскылах"
BGN,Belaya Gora Airport,68.556227,146.22784,medium_airport,Russia,俄罗斯,RU,Belaya Gora,,"УЕСГ, Аэропорт Белая Гора"
SEK,Srednekolymsk Airport,67.4805,153.7364,medium_airport,Russia,俄罗斯,RU,Srednekolymsk,,"УЕСК, Среднеколымск"
CKH,Chokurdakh Airport,70.6231,147.901993,medium_airport,Russia,俄罗斯,RU,Chokurdah,,"Chokurdah Airport, Cokurdah Airport, Аэропорт Чокурдах"
CYX,Cherskiy Airport,68.740601,161.337997,medium_airport,Russia,俄罗斯,RU,Cherskiy,,"УЕСС, Chersky Airport, Аэропорт Черский"
IKS,Tiksi Airport,71.697700500488,128.90299987793,medium_airport,Russia,俄罗斯,RU,Tiksi,,"УЕСТ, Аеропорт Тикси"
ZKP,Zyryanka Airport,65.7485,150.8889,medium_airport,Russia,俄罗斯,RU,Zyryanka,,"УЕСУ, Аэропорт Зырянка"
ZIX,Zhigansk Airport,66.7965011597,123.361000061,medium_airport,Russia,俄罗斯,RU,Zhigansk,,"УЕЖЖ, Аэропорт Жиганск"
KXO,Kisoro Airport,-1.2837,29.7197,small_airport,Uganda,乌干达,UG,Kisoro,,
KHX,Savannah Airstrip,-0.7165,29.6997,medium_airport,Uganda,乌干达,UG,Kihihi,,Kihihi Airstrip
KUT,David the Builder Kutaisi International Airport,42.177448,42.485353,large_airport,Georgia,格鲁吉亚,GE,Kopitnari,,Kopitnari
BUS,Alexander Kartveli Batumi International Airport,41.60939,41.600315,large_airport,Georgia,格鲁吉亚,GE,Batumi,,"Batumi, batumi, Black Sea"
SUI,Vladislav Ardzinba Sukhum International Airport,42.8582,41.128101,medium_airport,Georgia,格鲁吉亚,GE,Sukhumi,,"Babushara Airport, Sukhumi Dranda, UG29, URAS, Sukhumi Babushara"
TBS,Tbilisi International Airport,41.669201,44.9547,large_airport,Georgia,格鲁吉亚,GE,Tbilisi,,თბილისის საერთაშორისო აეროპორტი
BQS,Ignatyevo Airport,50.426723,127.415502,medium_airport,Russia,俄罗斯,RU,Blagoveschensk,,"УХББ, Blagoveschensk Airport, Blagoveshchensk Airport, Аэропорт Игнатьево, Аэропорт Благовещенск"
KHV,Khabarovsk Novy Airport,48.528338,135.188588,medium_airport,Russia,俄罗斯,RU,Khabarovsk,,Аэропорт Хабаровск-Новый
KXK,Komsomolsk-on-Amur Airport,50.409,136.934006,medium_airport,Russia,俄罗斯,RU,Komsomolsk-on-Amur,,"УХКК, Komsomolsk-na-Amure Airport, Khurba Airport, Аэропорт Комсомольск-на-Амуре, Аэропорт Хурба"
GVN,Sovetskaya Gavan (Maygatka) Airport,48.925067,140.035348,medium_airport,Russia,俄罗斯,RU,Sovetskaya Gavan,,"Sovietskaya Gavan Airport, May-Gatka Airport, Аэропорт Советская Гавань, Аэропорт Май-Гатка"
DYR,Ugolny Yuri Ryktheu Airport,64.734902,177.740997,medium_airport,Russia,俄罗斯,RU,Anadyr,,"УХМА, Угольный, Аnadyr Airport, Аэропорт Анадырь"
PVS,Provideniya Bay Airport,64.378098,-173.242996,medium_airport,Russia,俄罗斯,RU,Chukotka,,"УХМД, ЬХМД, Bukhta Provideniya Airport, Urelik Airport, Ureliki Airport, Аэропорт Бухта Провидения, Аэропорт Урелики"
KPW,Keperveem Airport,67.845001,166.139999,medium_airport,Russia,俄罗斯,RU,Keperveem,,"Keperveyem Airport, Аэропорт Кепервеем"
GDX,Sokol Airport,59.9109992980957,150.72000122070312,medium_airport,Russia,俄罗斯,RU,Magadan,,
KVM,Markovo Airport,64.665446,170.417626,small_airport,Russia,俄罗斯,RU,Markovo,,Аэропорт Марково
PWE,Pevek Airport,69.783302,170.597,medium_airport,Russia,俄罗斯,RU,Apapelgino,,"УХМП, Аэропорт Певек"
SWV,Severo-Evensk Airport,61.921786,159.229059,medium_airport,Russia,俄罗斯,RU,Evensk,,Аэропорт Северо-Эвенск
BQG,Bogorodskoye Airport,52.381041,140.449378,small_airport,Russia,俄罗斯,RU,Bogorodskoye,,"Bogorodskoe Airport, Аэропорт Богородское, УХНБ"
NLI,Nikolayevsk-na-Amure Airport,53.154999,140.649994,medium_airport,Russia,俄罗斯,RU,Nikolayevsk-na-Amure Airport,,"Nikolaevsk-na-Amure Airport, Nikolayevsk-on-Amur Airport, Аэропорт Николаевск-на-Амуре"
OHO,Okhotsk Airport,59.410065,143.056503,medium_airport,Russia,俄罗斯,RU,Okhotsk,,
PKC,Yelizovo Airport,53.168716,158.451068,large_airport,Russia,俄罗斯,RU,Petropavlovsk-Kamchatsky,,"УХПП, Елизово, ПРЛ, Elizovo"
ITU,Iturup Airport,45.256389,147.95549,small_airport,Russia,俄罗斯,RU,Kurilsk,,
EKS,Shakhtyorsk Airport,49.1903,142.082993,small_airport,Russia,俄罗斯,RU,Shakhtyorsk,,"УХСК, Shakhtersk Airport, Аэропорт Шахтёрск, Аэропорт Шахтерск"
DEE,Yuzhno-Kurilsk Mendeleyevo Airport,43.961066,145.684977,small_airport,Russia,俄罗斯,RU,Yuzhno-Kurilsk,,"УХСМ, Mendeleevo Airport, Yuzhno-Kurilsk Airport, Island Kunashir Airport, Аэропорт Менделеево, Аэропорт Южно-Курильск, Аэропорт острова Кунашир"
NGK,Nogliki Airport,51.783955,143.141785,small_airport,Russia,俄罗斯,RU,Nogliki,,"УХСН, Ноглики"
UUS,Yuzhno-Sakhalinsk International Airport,46.885461,142.717466,large_airport,Russia,俄罗斯,RU,Yuzhno-Sakhalinsk,,"УХСС, Аэропорт Южно-Сахалинск, Khomutovo, Khomutovo International Airport"
TLY,Plastun Airport,44.814999,136.292007,small_airport,Russia,俄罗斯,RU,Plastun,,Аэропорт Пластун
VVO,Vladivostok International Airport,43.396256,132.148155,large_airport,Russia,俄罗斯,RU,Artyom,,Vladivostok-Knevichi Airport
HTA,Chita-Kadala International Airport,52.024841,113.305839,large_airport,Russia,俄罗斯,RU,Chita,,
BTK,Bratsk Airport,56.3696,101.701822,medium_airport,Russia,俄罗斯,RU,Bratsk,,"УИББ, Аэропорт Братск"
IKT,Irkutsk International Airport,52.266707,104.395563,large_airport,Russia,俄罗斯,RU,Irkutsk,,
ODO,Bodaybo Airport,57.866100311299995,114.242996216,small_airport,Russia,俄罗斯,RU,Bodaybo,,"Bodaibo Airport, Аэропорт Бодайбо"
UKX,Ust-Kut Airport,56.856701,105.730003,medium_airport,Russia,俄罗斯,RU,Ust-Kut,,"УИТТ, Аэропорт Усть-Кут"
NZG,Nizhneangarsk International Airport,55.8008,109.595001,small_airport,Russia,俄罗斯,RU,Nizhneangarsk,,
UUD,Baikal International Airport,51.808614,107.439652,large_airport,Russia,俄罗斯,RU,Ulan Ude,,"Mukhino Airport, Ulan-Ude Airport"
KBP,Boryspil International Airport,50.345001,30.894699,large_airport,Ukraine,乌克兰,UA,Boryspil,,"Borispol, Міжнародний аеропорт ""Бориспіль"", Kyiv"
MPW,Mariupol International Airport,47.076099,37.4496,medium_airport,Ukraine,乌克兰,UA,Mariupol,,"Міжнародний аеропорт ""Маріуполь"""
ERD,Berdyansk Airport,46.814999,36.758099,medium_airport,Ukraine,乌克兰,UA,Berdyansk,,"УКДБ, Бердянськ"
DNK,Dnipro International Airport,48.357201,35.100601,medium_airport,Ukraine,乌克兰,UA,Dnipro,,"Dnipropetrovsk, Міжнародний аеропорт «Дніпро»"
OZH,Zaporizhzhia International Airport,47.866962,35.314723,medium_airport,Ukraine,乌克兰,UA,Zaporizhia,,"Zaporozhye Airport, Міжнародний аеропорт Запоріжжя, Аэропорт Запорожье"
KWG,Kryvyi Rih International Airport,48.043301,33.209999,medium_airport,Ukraine,乌克兰,UA,Kryvyi Rih,,"Lozuvatka International Airport, Міжнародний аеропорт ""Кривий Ріг"""
UKS,Sevastopol International Airport / Belbek Air Base,44.691822,33.57462,medium_airport,Ukraine,乌克兰,UA,Sevastopol,,"Севастополь, Бельбек"
SIP,Simferopol International Airport,45.0522,33.975101,large_airport,Ukraine,乌克兰,UA,Simferopol,,
HRK,Kharkiv International Airport,49.926943,36.290814,medium_airport,Ukraine,乌克兰,UA,Kharkiv,,"Osnova International Airport, Міжнародний аеропорт ""Харків"""
PLV,Suprunovka Airport,49.5686,34.397202,medium_airport,Ukraine,乌克兰,UA,Poltava,,
CKC,Cherkasy International Airport,49.4156,31.9953,medium_airport,Ukraine,乌克兰,UA,Cherkasy,,
IEV,Igor Sikorsky Kyiv International Airport (Zhuliany),50.40194,30.45194,medium_airport,Ukraine,乌克兰,UA,Kyiv,,"Міжнародний аеропорт ""Київ"", Kiev, UKKK, IEV"
ZTR,Zhytomyr Airport,50.270556,28.738611,medium_airport,Ukraine,乌克兰,UA,Zhytomyr,,
HMJ,Khmelnytskyi Airport,49.359699,26.933399,medium_airport,Ukraine,乌克兰,UA,Khmelnytskyi,,"Khmelnitskiy, Khmelnytskyi Ruzhichnaya"
IFO,Ivano-Frankivsk International Airport,48.884201,24.6861,medium_airport,Ukraine,乌克兰,UA,Ivano-Frankivsk,,Міжнародний аеропорт Івано-Франківськ
LWO,Lviv International Airport,49.8125,23.9561,large_airport,Ukraine,乌克兰,UA,Lviv,,"Міжнародний аеропорт ""Львів"""
CWC,Chernivtsi International Airport,48.2593,25.980801,medium_airport,Ukraine,乌克兰,UA,Chernivtsi,,
RWN,Rivne International Airport,50.607101,26.1416,medium_airport,Ukraine,乌克兰,UA,Rivne,,"Міжнародний аеропорт ""Рівне"""
UDJ,Uzhhorod International Airport,48.6343,22.263399,medium_airport,Ukraine,乌克兰,UA,Uzhhorod,,"Міжнародний аеропорт ""Ужгород"""
KHE,Kherson International Airport,46.6758,32.506401,medium_airport,Ukraine,乌克兰,UA,Kherson,,
NLV,Mykolaiv International Airport [CLOSED],47.057899,31.9198,medium_airport,Ukraine,乌克兰,UA,Mykolaiv,,"Nikolayev Airport, Nikolaev Airport, Аэропорт Николаев, Nikolayev, UKON, NLV"
ODS,Odesa International Airport,46.427196,30.672649,large_airport,Ukraine,乌克兰,UA,Odesa,,"ODS, UKOO, УКОО, Odesa Central, Міжнародний аеропорт Одеса, Odessa Airport"
VIN,Vinnytsia/Gavyryshivka International Airport,49.242531,28.613778,medium_airport,Ukraine,乌克兰,UA,Vinnitsa,,"УКВВ, Вінниця, Gavrishevka Airport, Gavrishivka Airport, Аэропорт Гавришевка, Аэропорт Гавришiвка"
ARH,Talagi Airport,64.60030364990234,40.71670150756836,medium_airport,Russia,俄罗斯,RU,Archangelsk,,"Арха́нгельск, Archangel"
VKV,Vaskovo Airport,64.441704,40.4217,medium_airport,Russia,俄罗斯,RU,Arkhangelsk,,"Аэропорт Архангельск Васьково, УЛАХ, ЬЛАХ, Vas'kovo"
LDG,Leshukonskoye Airport,64.896004,45.723,small_airport,Russia,俄罗斯,RU,Leshukonskoye,,"УЛАЛ, Leshukonskoe Airport, Аэропорт Лешуконское"
NNM,Naryan Mar Airport,67.639999,53.121899,medium_airport,Russia,俄罗斯,RU,Naryan Mar,,Нарья́н-Мар
CSH,Solovki Airport,65.029996,35.730558,small_airport,Russia,俄罗斯,RU,Solovetsky Islands,,"Аэропорт Соловки, УЛАС"
AMV,Amderma Airport,69.763712,61.556711,medium_airport,Russia,俄罗斯,RU,Amderma,,"УЛДД, ЬЛДД, Амдерма, АМД"
KSZ,Kotlas Airport,61.235801696777344,46.6974983215332,medium_airport,Russia,俄罗斯,RU,Kotlas,,Аэропорт Котлас
LED,Pulkovo Airport,59.800301,30.262501,large_airport,Russia,俄罗斯,RU,St. Petersburg,,"Аэропо́рт Пу́лково, Leningrad, Shosseynaya Airport, Saint Petersburg, Petrograd"
MMK,Emperor Nicholas II Murmansk Airport,68.7817,32.750801,large_airport,Russia,俄罗斯,RU,Murmansk,,"Аэропо́рт Му́рманска им. Николая II or Аэропорт Мурмаши, Мурманск"
PKV,Princess Olga Pskov International Airport,57.781316,28.39384,medium_airport,Russia,俄罗斯,RU,Pskov,,"УЛОО, ЬЛОО, Псков /Кресты"
PES,Petrozavodsk Airport,61.885201,34.154701,medium_airport,Russia,俄罗斯,RU,Petrozavodsk,,"УЛПБ, ЬЛПБ, Besovets Airport, Аэропорт Петрозаводск, Аэропорт Бесовец"
CEE,Cherepovets Airport,59.273601532,38.015800476100004,medium_airport,Russia,俄罗斯,RU,Cherepovets,,"УЛВЦ, Череповец"
VUS,Velikiy Ustyug Airport,60.7883,46.259998,medium_airport,Russia,俄罗斯,RU,Velikiy Ustyug,,Аэропорт Великий Устюг
VGD,Vologda Airport,59.282501,39.944401,medium_airport,Russia,俄罗斯,RU,Vologda,,Аэропорт Вологда
BQT,Brest International Airport,52.108138,23.89676,large_airport,Belarus,白俄罗斯,BY,Brest,,Аэропорт Брест
GME,Gomel Airport,52.527000427246094,31.016700744628906,medium_airport,Belarus,白俄罗斯,BY,Gomel,,
VTB,Vitebsk Vostochny Airport,55.126499176025,30.349599838257,medium_airport,Belarus,白俄罗斯,BY,Vitebsk,,"УМІІ, УМИИ, Vitebsk Southeast, Vitebsk East Airport, Аэрапорт Віцебск, Аэропорт Витебск"
KGD,Khrabrovo Airport,54.89161,20.598559,large_airport,Russia,俄罗斯,RU,Kaliningrad,,"УМКК, Храброво"
GNA,Hrodna Airport,53.602001,24.053801,medium_airport,Belarus,白俄罗斯,BY,Hrodna,,"Grodno Airport, Гро́дна"
MSQ,Minsk National Airport,53.888071,28.039964,large_airport,Belarus,白俄罗斯,BY,Minsk,,"Нацыянальны аэрапорт, Minsk 2 Airport"
MVQ,Mogilev Airport,53.954898834228516,30.09510040283203,medium_airport,Belarus,白俄罗斯,BY,Mogilev,,
ABA,Abakan International Airport,53.740002,91.385002,large_airport,Russia,俄罗斯,RU,Abakan,,"УНАА, Абакан"
BAX,Barnaul Gherman Titov International Airport,53.361285,83.539701,large_airport,Russia,俄罗斯,RU,Barnaul,,"Аэропорт Барнаул, Barnaul West, Mikhaylovka, Novomikhaylovka"
RGK,Gorno-Altaysk Airport,51.969204,85.836539,medium_airport,Russia,俄罗斯,RU,Gorno-Altaysk,,Аэропорт Горно-Алтайск
KEJ,Alexei Leonov Kemerovo International Airport,55.2701,86.107201,large_airport,Russia,俄罗斯,RU,Kemerovo,,
BKA,Baykit Airport,61.676701,96.355003,medium_airport,Russia,俄罗斯,RU,Baykit,,Аэропорт Байкит
EIE,Yeniseysk Airport,58.474201,92.112503,medium_airport,Russia,俄罗斯,RU,Yeniseysk,,"Yeniseisk Airport, Аэропорт Енисейск"
TGP,Podkamennaya Tunguska Airport,61.589699,89.994003,medium_airport,Russia,俄罗斯,RU,Bor,,Аэропорт Подкаменная Тунгуска
VEO,Severo-Yeniseysk Airport,60.373299,93.011703,medium_airport,Russia,俄罗斯,RU,Severo-Yeniseysk,,"Severo-Eniseisk Airport, Аэропорт Северо-Енисейск"
GOY,Tura Mountain Airport,64.333511,100.432892,small_airport,Russia,俄罗斯,RU,Tura,,"УНИТ, Тура / Горный, Tura Northeast"
VAQ,Vanavara Airport,60.356229,102.309641,medium_airport,Russia,俄罗斯,RU,Vanavara,,Аэропорт Ванавара
KJA,Krasnoyarsk International Airport,56.175743,92.485788,large_airport,Russia,俄罗斯,RU,Krasnoyarsk,,Yemelyanovo
KCY,Krasnoyarsk Cheremshanka Airport,56.177584,92.545881,medium_airport,Russia,俄罗斯,RU,Krasnoyarsk,,Аэропорт Черемшанка
ACS,Achinsk Airport,56.269185,90.57511,medium_airport,Russia,俄罗斯,RU,Achinsk,,УНКС
KYZ,Kyzyl Airport,51.669399,94.400597,medium_airport,Russia,俄罗斯,RU,Kyzyl,,
OVB,Novosibirsk Tolmachevo Airport,55.019756,82.618675,large_airport,Russia,俄罗斯,RU,Novosibirsk,,
OMS,Omsk Central Airport,54.963124,73.312418,large_airport,Russia,俄罗斯,RU,Omsk,,Omsk Tsentralny Airport
SWT,Strezhevoy Airport,60.7094,77.660004,medium_airport,Russia,俄罗斯,RU,Strezhevoy,,Аэропорт Стрежевой
TOF,Tomsk Kamov Airport,56.380299,85.208298,large_airport,Russia,俄罗斯,RU,Tomsk,,Bogashevo Airport
NOZ,Spichenkovo Airport,53.811401,86.877197,medium_airport,Russia,俄罗斯,RU,Novokuznetsk,,
DKS,Dikson Airport,73.517807,80.379669,medium_airport,Russia,俄罗斯,RU,Dikson,,Аэропорт Диксон
HTG,Khatanga Airport,71.97810363769531,102.49099731445312,medium_airport,Russia,俄罗斯,RU,Khatanga,,
SES,Svetlogorsk Airport,66.839996,88.403336,medium_airport,Russia,俄罗斯,RU,Svetlogorsk,,
IAA,Igarka Airport,67.437202,86.621902,medium_airport,Russia,俄罗斯,RU,Igarka,,
NSK,Alykel International Airport,69.307951,87.325906,large_airport,Russia,俄罗斯,RU,Norilsk,,
THX,Turukhansk Airport,65.797203,87.935303,small_airport,Russia,俄罗斯,RU,Turukhansk,,
AAQ,Anapa Vityazevo Airport,45.002102,37.347301,medium_airport,Russia,俄罗斯,RU,Krasnyi Kurgan,,"УРКА, ЬРКА, Vityazevo Airport, Анапа / Витязево"
GDZ,Gelendzhik Airport,44.5820926295,38.0124807358,medium_airport,Russia,俄罗斯,RU,Gelendzhik,,Аэропорт Геленджик
KRR,Krasnodar Pashkovsky International Airport,45.034465,39.174215,large_airport,Russia,俄罗斯,RU,Krasnodar,,"Pashkovskiy Airport, Pashkovsky Airport"
GRV,Akhmat Kadyrov Grozny International Airport,43.388106,45.699772,large_airport,Russia,俄罗斯,RU,Grozny,,"Grozny North, Grozny Severny, Grozny, Аэропорт Грозный Северный, Аэропорт Грозный"
MCX,Makhachkala Uytash International Airport,42.816799,47.652302,large_airport,Russia,俄罗斯,RU,Makhachkala,,
MRV,Mineralnye Vody Airport,44.225101,43.081902,large_airport,Russia,俄罗斯,RU,Mineralnyye Vody,,
NAL,Nalchik Airport,43.512901,43.6366,medium_airport,Russia,俄罗斯,RU,Nalchik,,"УРМН, Нальчик"
OGZ,Vladikavkaz Beslan International Airport,43.205101,44.606602,medium_airport,Russia,俄罗斯,RU,Beslan,,"УРМО, Beslan Airport, Аэропорт Беслан, Аэропорт Владикавказ"
IGT,Magas Airport,43.323268,45.012568,medium_airport,Russia,俄罗斯,RU,Sunzha,,"Sleptsovskaya Airport, Ingushetiya Airport, Ingushetia Airport, Аэропорт Магас, Аэропорт Слепцовская, Аэропорт Ингушетия, Nazran"
STW,Stavropol Shpakovskoye Airport,45.10919952392578,42.11280059814453,medium_airport,Russia,俄罗斯,RU,Stavropol,,
ROV,Platov International Airport,47.493888,39.924722,large_airport,Russia,俄罗斯,RU,Rostov-on-Don,,"УРРП, Международный аэропорт Платов"
TGK,Taganrog Yuzhny Airport,47.198333,38.849167,medium_airport,Russia,俄罗斯,RU,Taganrog,,"УРРТ, ЬРРТ, Taganrog South Airport, Аэропорт Таганрог / Южный,"
AER,Sochi International Airport,43.449902,39.9566,large_airport,Russia,俄罗斯,RU,Sochi,,"Adler Airport, Black Sea, Международный Аэропорт Сочи"
ASF,Astrakhan Narimanovo Boris M. Kustodiev International Airport,46.282843,48.010511,large_airport,Russia,俄罗斯,RU,Astrakhan,,"Astrahan Airport, Narimanovo Airport, Аэропорт Астрахань, Аэропорт Нариманово"
ESL,Elista Airport,46.373901,44.330898,medium_airport,Russia,俄罗斯,RU,Elista,,
VOG,Volgograd International Airport,48.78134,44.339194,large_airport,Russia,俄罗斯,RU,Volgograd,,"Gumrak Airport, Аэропорт Волгоград, Аэропорт Гумрак"
PQS,Pilot Station Airport,61.96169,-162.941944,small_airport,United States of America,美国,US,Pilot Station,,AK10
CEK,Kurchatov Chelyabinsk International Airport,55.303141,61.504927,large_airport,Russia,俄罗斯,RU,Chelyabinsk,,"УСЦЦ, Челябинск, Balandino, Balandino Airport"
MQF,Magnitogorsk International Airport,53.391991,58.755235,large_airport,Russia,俄罗斯,RU,Magnitogorsk,,
SBT,Sabetta International Airport,71.219167,72.052222,medium_airport,Russia,俄罗斯,RU,Sabetta,,"Oil & Gas, Yamal LNG project, Sabetta terminal port, NOVATEK"
BVJ,Bovanenkovo Airport,70.315278,68.333611,medium_airport,Russia,俄罗斯,RU,Bovanenkovo,,"HELIOPS, GAZPROM, LNG"
SLY,Salekhard Airport,66.5907974243164,66.61100006103516,medium_airport,Russia,俄罗斯,RU,Salekhard,,
EZV,Berezovo Airport,63.92100143432617,65.03050231933594,medium_airport,Russia,俄罗斯,RU,,,"Beryozovo Airport, Аэропорт Березово, Аэропорт Берёзово"
HMA,Khanty Mansiysk Airport,61.0285,69.086098,medium_airport,Russia,俄罗斯,RU,Khanty-Mansiysk,,
NYA,Nyagan Airport,62.110001,65.614998,medium_airport,Russia,俄罗斯,RU,Nyagan,,"УСХН, Аэропорт Нягань"
EYK,Beloyarskiy Airport,63.686901,66.698601,medium_airport,Russia,俄罗斯,RU,,,"Beloyarsky Airport, Аэропорт Белоярский, УСХЯ"
OVS,Sovetskiy Airport,61.326622009277344,63.60191345214844,medium_airport,Russia,俄罗斯,RU,Sovetskiy,,"Sovyetskiy Airport, Sovyetsky Airport, Sovetsky Airport, Аэропорт Советский"
URJ,Uray Airport,60.103298,64.826698,medium_airport,Russia,俄罗斯,RU,Uray,,Urai
IJK,Izhevsk Airport,56.834524,53.462172,medium_airport,Russia,俄罗斯,RU,Izhevsk,,Аэропорт Ижевск
KVX,Pobedilovo Airport,58.503883,49.347831,medium_airport,Russia,俄罗斯,RU,Kirov,,Аэропорт Победилово
NYM,Nadym Airport,65.48090362548828,72.69889831542969,medium_airport,Russia,俄罗斯,RU,Nadym,,Аэропорт Надым
NUX,Novy Urengoy Airport,66.06939697265625,76.52030181884766,medium_airport,Russia,俄罗斯,RU,Novy Urengoy,,
NJC,Nizhnevartovsk Airport,60.949299,76.483597,large_airport,Russia,俄罗斯,RU,Nizhnevartovsk,,
PEE,Perm International Airport,57.914501,56.021198,large_airport,Russia,俄罗斯,RU,Perm,,Bolshoye Savino
KGP,Kogalym International Airport,62.190399169921875,74.53379821777344,medium_airport,Russia,俄罗斯,RU,Kogalym,,
NFG,Nefteyugansk Airport,61.108299,72.650002,medium_airport,Russia,俄罗斯,RU,Nefteyugansk,,"УСРН, Аэропорт Нефтеюганск"
NOJ,Noyabrsk Airport,63.18330001831055,75.2699966430664,medium_airport,Russia,俄罗斯,RU,Noyabrsk,,
SGC,Surgut International Airport,61.340501,73.405782,large_airport,Russia,俄罗斯,RU,Surgut,,
SVX,Koltsovo Airport,56.743099212646,60.802700042725,large_airport,Russia,俄罗斯,RU,Yekaterinburg,,
RMZ,Tobolsk Remezov Airport,58.059712,68.347997,medium_airport,Russia,俄罗斯,RU,Tobolsk,,"Tobolsk New, Ремезов, УСТЙ"
TJM,Roshchino International Airport,57.178984,65.327696,large_airport,Russia,俄罗斯,RU,Tyumen,,"УСТР, Тюмень, Рощино, D. I. Mendeleev, Д. И. Менделеева"
KRO,Kurgan Airport,55.4753,65.415604,medium_airport,Russia,俄罗斯,RU,Kurgan,,
ASB,Ashgabat International Airport,37.986801,58.361,large_airport,Turkmenistan,土库曼斯坦,TM,Ashgabat,,Saparmurat Turkmenbashy International Airport
KRW,Turkmenbaşy International Airport,40.062833,53.005085,medium_airport,Turkmenistan,土库曼斯坦,TM,Turkmenbaşy,,"Turkmenbashi, Krasnovodsk, Красноводск"
MYP,Mary International Airport,37.62353,61.895668,medium_airport,Turkmenistan,土库曼斯坦,TM,Mary,,
TAZ,Dashoguz International Airport,41.759853,59.836149,large_airport,Turkmenistan,土库曼斯坦,TM,Daşoguz,,"Tashauz Airport, Dashkhovuz, Dashhowuz, Daşoguz, Dasoguz, Дашогуз"
CRZ,Türkmenabat International Airport,38.930662,63.563982,large_airport,Turkmenistan,土库曼斯坦,TM,Türkmenabat,,"Turkmenabad Airport, Chardzhou Airport, Аэропорт Туркменабат, Аэропорт Туркменабад, Аэропорт Чарджоу, چهارجوی"
DYU,Dushanbe International Airport,38.543746,68.822977,large_airport,Tajikistan,塔吉克斯坦,TJ,Dushanbe,,
TJU,Kulob International Airport,37.988098,69.805,large_airport,Tajikistan,塔吉克斯坦,TJ,Kulob,,Kuylab
LBD,Khujand International Airport,40.215401,69.694702,large_airport,Tajikistan,塔吉克斯坦,TJ,Khujand,,"Khodjend, Khodzhent, Leninabad, Khudzhand"
KQT,Bokhtar International Airport,37.866315,68.864475,large_airport,Tajikistan,塔吉克斯坦,TJ,Bokhtar,,"Kurgan-Tube, Qurghonteppa"
NMA,Namangan International Airport,40.984622,71.5578,large_airport,Uzbekistan,乌兹别克斯坦,UZ,Namangan,,"UTFN, UTKN"
AZN,Andijan International Airport,40.727699,72.293999,medium_airport,Uzbekistan,乌兹别克斯坦,UZ,Andijan,,"UTFA, UTKA, Andijan Airport, Andizhan Airport, Andijon Airport"
FEG,Fergana International Airport,40.358799,71.745003,medium_airport,Uzbekistan,乌兹别克斯坦,UZ,Fergana,,"UTFF, UTKF"
NCU,Nukus International Airport,42.4884,59.623299,large_airport,Uzbekistan,乌兹别克斯坦,UZ,Nukus,,"Nokis, UTNN"
UGC,Urgench International Airport,41.58274,60.64338,large_airport,Uzbekistan,乌兹别克斯坦,UZ,Urgench,,UTNU
NVI,Navoi International Airport,40.117599,65.172658,medium_airport,Uzbekistan,乌兹别克斯坦,UZ,Navoi,,UTSA
BHK,Bukhara International Airport,39.775319,64.482279,large_airport,Uzbekistan,乌兹别克斯坦,UZ,Bukhara,,"UTSB, Buhara, Buxoro"
KSQ,Karshi Airport,38.802246,65.773068,small_airport,Uzbekistan,乌兹别克斯坦,UZ,Karshi,,"Qarshi Airport, UTSK"
SKD,Samarkand International Airport,39.701842,66.981467,large_airport,Uzbekistan,乌兹别克斯坦,UZ,Samarkand,,UTSS
TMJ,Termez Airport,37.287261,67.311869,medium_airport,Uzbekistan,乌兹别克斯坦,UZ,Termez,,UTST
TVT,Tashkent-Khumo International Airport,41.312889,69.395535,medium_airport,Uzbekistan,乌兹别克斯坦,UZ,Tashkent,,"Tashkent Vostochny Airport, Tashkent East, Humo"
TAS,Tashkent International Airport,41.2579,69.281197,large_airport,Uzbekistan,乌兹别克斯坦,UZ,Tashkent,,UTTT
OMN,Zomin Airport,40.01402,68.41103,medium_airport,Uzbekistan,乌兹别克斯坦,UZ,Zomin,,"UTTZ, Zaamin"
KMW,Kostroma Sokerkino Airport,57.796902,41.019402,medium_airport,Russia,俄罗斯,RU,Kostroma,,Аэропорт Кострома Сокеркино
KLF,Grabtsevo Airport,54.5499992371,36.3666687012,medium_airport,Russia,俄罗斯,RU,Kaluga,,Аэропорт Грабцево
IWA,Ivanovo South Airport,56.93939971923828,40.940799713134766,medium_airport,Russia,俄罗斯,RU,Ivanovo,,"Ivanovo Yuzhniy Airport, Ivanovo Yuzhny Airport, Аэропорт Иваново Южный"
RYB,Staroselye Airport,58.104198,38.929401,medium_airport,Russia,俄罗斯,RU,Rybinsk,,"Аэропорт Староселье, ЬУБК, УУБК, Рыбинск"
BZK,Bryansk International Airport,53.214403,34.175965,medium_airport,Russia,俄罗斯,RU,Bryansk,,"Аэропорт Брянск, УУБП"
ZIA,Zhukovsky International Airport,55.553299,38.150002,large_airport,Russia,俄罗斯,RU,Moscow,,"Аэропорт Раменское, Zhukovsky Air Base, Gromov Flight Research Institute, Лётно-исследовательский институт имени М. М. Громова, ЛИИ, Ramenskoye, Ramenskoye Airport"
DME,Domodedovo International Airport,55.408798,37.9063,large_airport,Russia,俄罗斯,RU,Moscow,,"MOW, Аэропорт Домоде́дово"
IAR,Golden Ring Yaroslavl International Airport,57.560699,40.157398,large_airport,Russia,俄罗斯,RU,Tunoshna,,
SVO,Sheremetyevo International Airport,55.976858,37.41121,large_airport,Russia,俄罗斯,RU,Moscow,,"УУЕЕ, Москва, MOW, Международный аэропорт Шереметьево, Alexander S. Pushkin"
KLD,Migalovo Air Base,56.82469940185547,35.7577018737793,medium_airport,Russia,俄罗斯,RU,Tver,,
CKL,Chkalovskiy Air Base,55.8783,38.061699,medium_airport,Russia,俄罗斯,RU,Moscow,,"Chkalovsky Airport, Аэродром Чкаловский"
EGO,Belgorod International Airport,50.643799,36.590099,medium_airport,Russia,俄罗斯,RU,Belgorod,,
URS,Kursk East Airport,51.750599,36.295601,medium_airport,Russia,俄罗斯,RU,Kursk,,"УУОК, ЬУОК, Kursk Vostochny Airport, Курск / Восточный"
LPK,Lipetsk Airport,52.702801,39.5378,medium_airport,Russia,俄罗斯,RU,Lipetsk,,"УУОЛ, Липецк"
VOZ,Voronezh International Airport,51.814324,39.230948,medium_airport,Russia,俄罗斯,RU,Voronezh,,"УУОО, Chertovitskoye Airport, Chertovitskoe Airport, Аэропорт Воронеж, Аэропорт Чертовицкое"
TBW,Donskoye Airport,52.806099,41.4828,medium_airport,Russia,俄罗斯,RU,Tambov,,
VKO,Vnukovo International Airport,55.591499,37.261501,large_airport,Russia,俄罗斯,RU,Moscow,,"MOW, Международный аэропорт Внуково"
UCT,Ukhta Airport,63.566898,53.804699,medium_airport,Russia,俄罗斯,RU,Ukhta,,
INA,Inta Airport,66.053372,60.105786,medium_airport,Russia,俄罗斯,RU,Inta,,Аэропорт Инта
PEX,Pechora Airport,65.121101,57.130798,medium_airport,Russia,俄罗斯,RU,Pechora,,
USK,Usinsk Airport,66.0047,57.367199,medium_airport,Russia,俄罗斯,RU,Usinsk,,
VKT,Vorkuta Airport,67.488602,63.993099,medium_airport,Russia,俄罗斯,RU,Vorkuta,,
UTS,Ust-Tsylma Airport,65.437294,52.200336,medium_airport,Russia,俄罗斯,RU,Ust-Tsylma,,"Ust-Tsilma, Усть-Цильма"
SCW,Syktyvkar Airport,61.64699935913086,50.84510040283203,medium_airport,Russia,俄罗斯,RU,Syktyvkar,,
GOJ,Nizhny Novgorod / Strigino International Airport,56.227351,43.785152,large_airport,Russia,俄罗斯,RU,Nizhny Novgorod,,"УВГГ, ЬВГГ, Нижний Новгород / Стригино"
UUA,Bugulma Airport,54.641184,52.800229,medium_airport,Russia,俄罗斯,RU,Bugulma,,"УВКБ, Аэропорт Бугульма"
KZN,Kazan International Airport,55.606201,49.278702,large_airport,Russia,俄罗斯,RU,Kazan,,"УВКД, Казань"
NBC,Begishevo Airport,55.564701,52.092499,medium_airport,Russia,俄罗斯,RU,Nizhnekamsk,,"УВКЕ, Бегишево, Нижнекамск"
JOK,Yoshkar-Ola Airport,56.7006,47.904701,medium_airport,Russia,俄罗斯,RU,Yoshkar-Ola,,Аэропорт Йошкар-Ола
CSY,Cheboksary Airport,56.090302,47.347301,medium_airport,Russia,俄罗斯,RU,Cheboksary,,"УВКС, ЬВКС, Чебоксары"
ULV,Ulyanovsk Baratayevka Airport,54.27016,48.225569,medium_airport,Russia,俄罗斯,RU,Ulyanovsk,,
ULY,Ulyanovsk Vostochny Airport,54.401001,48.8027,medium_airport,Russia,俄罗斯,RU,Cherdakly,,Ulyanovsk Vostochny Airport
REN,Orenburg Central Airport,51.792668,55.457229,medium_airport,Russia,俄罗斯,RU,Orenburg,,"Orenburg Tsentralny Airport, Аэропорт Центральный"
OSW,Orsk Airport,51.072498,58.5956,medium_airport,Russia,俄罗斯,RU,Orsk,,
PEZ,Penza Airport,53.1106,45.021099,medium_airport,Russia,俄罗斯,RU,Penza,,"УВПП, Пенза, Penza South"
SKX,Saransk International Airport,54.12513,45.212257,large_airport,Russia,俄罗斯,RU,Saransk,,Аэропорт Саранск
BWO,Balakovo Airport,51.858299,47.745602,medium_airport,Russia,俄罗斯,RU,Balakovo,,"Malaya Bykovka Airport, Аэропорт Балаково, Аэропорт Малая Быковка"
GSV,Gagarin International Airport,51.712778,46.171111,large_airport,Russia,俄罗斯,RU,Saratov,,"УВСГ, Гагарин, Саратов"
UFA,Ufa International Airport,54.557499,55.874401,large_airport,Russia,俄罗斯,RU,Ufa,,"УВУУ, Международный аэропорт Уфа"
KUF,Kurumoch International Airport,53.504902,50.164299,large_airport,Russia,俄罗斯,RU,Samara,,"УВВВ, Самара / Курумоч"
UZR,Urzhar Airport,47.091786,81.668216,small_airport,Kazakhstan,哈萨克斯坦,KZ,Urzhar,,"Urdzhar, Үржар, Урджар"
REW,"Rewa Airport, Chorhata, REWA",24.503401,81.220299,medium_airport,India,印度,IN,Rewa,,
DIU,Diu Airport,20.714185,70.921855,small_airport,India,印度,IN,Diu,,VA1P
GDB,Gondia Airport,21.526817,80.290347,medium_airport,India,印度,IN,Gondia,,Birsi
AMD,Sardar Vallabh Patel International Airport,23.0772,72.634697,large_airport,India,印度,IN,Ahmedabad,,Gandhinagar Air Force Station
AKD,Akola Airport,20.698931,77.056883,medium_airport,India,印度,IN,Akola,,Shioni Airport
IXU,Aurangabad Airport,19.862875,75.396312,medium_airport,India,印度,IN,Aurangabad,,"Chikkalthana Airport, Chhatrapati Sambhajinagar"
BOM,Chhatrapati Shivaji Maharaj International Airport,19.088699,72.867897,large_airport,India,印度,IN,Mumbai,,"Bombay, Sahar International Airport"
BHJ,Bhuj Airport,23.2877998352,69.6701965332,medium_airport,India,印度,IN,Bhuj,,"Bhuj Rudra Mata Air Force Station, Shyamji Krishna Verma, Bhuj Airport"
IXG,Belagavi Airport,15.8593,74.618301,medium_airport,India,印度,IN,Belgaum,,VABM
BDQ,Vadodara International Airport,22.336201,73.226303,large_airport,India,印度,IN,Vadodara,,Civil Airport Harni
BHO,Raja Bhoj International Airport,23.2875,77.337402,large_airport,India,印度,IN,Bhopal,,
BHU,Bhavnagar Airport,21.752199173,72.1852035522,medium_airport,India,印度,IN,Bhavnagar,,
NMB,Daman Airport,20.434401,72.843201,medium_airport,India,印度,IN,Daman,,
HBX,Hubballi Airport,15.361084,75.082096,medium_airport,India,印度,IN,Hubballi,,"Hubli, VAHB"
HSR,Rajkot International Airport,22.378824,71.039391,large_airport,India,印度,IN,Rajkot,,Hirasar Airport
IDR,Devi Ahilya Bai Holkar International Airport,22.721404,75.80051,large_airport,India,印度,IN,Indore,,
JLR,Jabalpur Airport,23.177799,80.052002,medium_airport,India,印度,IN,Jabalpur,,
JLG,Jalgaon Airport,20.962678,75.627492,small_airport,India,印度,IN,Jalgaon,,VA47
JGA,Jamnagar Airport,22.465499877929688,70.01260375976562,medium_airport,India,印度,IN,Jamnagar,,Jamnagar Air Force Station
IXY,Kandla Airport,23.1127,70.100304,medium_airport,India,印度,IN,Kandla,,
HJR,Khajuraho Airport,24.8172,79.918602,medium_airport,India,印度,IN,Khajuraho,,VAKJ
KLH,Kolhapur Airport,16.6647,74.289398,medium_airport,India,印度,IN,Kolhapur,,
IXK,Keshod Airport,21.317101,70.270401,medium_airport,India,印度,IN,Keshod,,
LTU,Murod Kond Airport,18.411501,76.464699,medium_airport,India,印度,IN,Latur,,
NDC,Nanded Airport,19.1833,77.316704,medium_airport,India,印度,IN,Nanded,,
NAG,Dr. Babasaheb Ambedkar International Airport,21.092199,79.047203,large_airport,India,印度,IN,Nagpur,,"Sonegaon Airport, Sonegaon Air Force Station"
ISK,Nashik International Airport,20.119101,73.912903,large_airport,India,印度,IN,Nashik,,VA35
PNQ,Pune International Airport,18.5821,73.919701,large_airport,India,印度,IN,Pune,,"Lohegaon Airport, Lohegaon Air Force Station"
PBD,Porbandar Airport,21.649524,69.656405,medium_airport,India,印度,IN,Porbandar,,
RTC,Ratnagiri Airport,17.013599,73.327797,medium_airport,India,印度,IN,,,
RAJ,Rajkot Airport,22.3092,70.779503,medium_airport,India,印度,IN,Rajkot,,
RPR,Swami Vivekananda Airport,21.180401,81.7388,medium_airport,India,印度,IN,Raipur,,"VARP, Mana Airport, Raipur Airport"
SAG,Shirdi International Airport,19.689211,74.373655,large_airport,India,印度,IN,Kakadi,,"Ahmednagar, Saibaba"
SSE,Solapur Airport,17.6280002594,75.93479919430001,medium_airport,India,印度,IN,Solapur,,Sholapur
STV,Surat International Airport,21.115531,72.743251,large_airport,India,印度,IN,Surat,,
UDR,Maharana Pratap Airport,24.617700576799997,73.89610290530001,medium_airport,India,印度,IN,Udaipur,,Dabok Airport
CMB,Bandaranaike International Colombo Airport,7.180759906768799,79.88410186767578,large_airport,Sri Lanka,斯里兰卡,LK,Colombo,,"RAF Negombo, Katunayake International Airport"
ACJ,Anuradhapura Airport,8.301542,80.42848,medium_airport,Sri Lanka,斯里兰卡,LK,Anuradhapura,,SLAF Anuradhapura
BTC,Batticaloa International Airport,7.705073,81.677163,medium_airport,Sri Lanka,斯里兰卡,LK,Batticaloa,,
RML,Colombo Ratmalana International Airport,6.821638,79.885859,large_airport,Sri Lanka,斯里兰卡,LK,Colombo,,
ADP,Ampara Airport,7.336745,81.623869,medium_airport,Sri Lanka,斯里兰卡,LK,Ampara,,"GOY, Gal Oya Airport"
HIM,Hingurakgoda Air Force Base,8.04981,80.9814,medium_airport,Sri Lanka,斯里兰卡,LK,Polonnaruwa Town,,"MNH, Minneriya Airport"
JAF,Jaffna International Airport,9.79233,80.070099,large_airport,Sri Lanka,斯里兰卡,LK,Jaffna,,"SLAF Palaly, Kankesanturai"
KCT,Koggala Airport,5.993680000305176,80.32029724121094,medium_airport,Sri Lanka,斯里兰卡,LK,Galle,,SLAF Koggala
TRR,China Bay Airport,8.539159,81.18128,medium_airport,Sri Lanka,斯里兰卡,LK,Trincomalee,,"SLAF China Bay, RAF China Bay, Trincomalee Airport"
HRI,Mattala Rajapaksa International Airport,6.283878,81.124163,medium_airport,Sri Lanka,斯里兰卡,LK,Mattala,,Hambantota International Airport
BBM,Battambang Airport,13.0956,103.223999,medium_airport,Cambodia,柬埔寨,KH,Battambang,,
PNH,Phnom Penh International Airport,11.547155,104.844699,large_airport,Cambodia,柬埔寨,KH,Phnom Penh,Phnom Penh (Pou Senchey),Pochentong International Airport
RBE,Ratanakiri Airport,13.729999542236328,106.98699951171875,medium_airport,Cambodia,柬埔寨,KH,Ratanakiri,,
SAI,Siem Reap-Angkor International Airport,13.36974,104.223831,large_airport,Cambodia,柬埔寨,KH,Siem Reap,,
KOS,Sihanouk International Airport,10.570557,103.632067,large_airport,Cambodia,柬埔寨,KH,Preah Sihanouk,,"Kompong Som, Sihanoukville International Airport, Kang Keng Airport"
IXV,Along Airport,28.17530059814453,94.802001953125,medium_airport,India,印度,IN,,,
IXA,Agartala - Maharaja Bir Bikram Airport,23.886999,91.240402,medium_airport,India,印度,IN,Agartala,,"Singerbhil Airport, Agartala Air Force Station"
IXB,Bagdogra Airport,26.6812,88.328598,large_airport,India,印度,IN,Siliguri,,Bagdogra Air Force Station
SHL,Shillong Airport,25.70359992980957,91.97869873046875,medium_airport,India,印度,IN,Shillong,,"Barapani Airport, Barapani Air Force Station, Umroi Airport"
VNS,Lal Bahadur Shastri International Airport,25.452171,82.862549,large_airport,India,印度,IN,Varanasi,,"VIBN, Babatpur Airport, Varanasi Airport"
BBI,Biju Patnaik International Airport,20.251021,85.814747,large_airport,India,印度,IN,Bhubaneswar,,
PAB,Bilaspur Airport,21.9884,82.111,medium_airport,India,印度,IN,Bilaspur,,VABI
CCU,Netaji Subhash Chandra Bose International Airport,22.654012,88.44765,large_airport,India,印度,IN,Kolkata,,"Calcutta, Kolkatta, Dum Dum Air Force Station"
DBD,Dhanbad Airport,23.834,86.425301,medium_airport,India,印度,IN,,,
RDP,Kazi Nazrul Islam Airport,23.6225,87.243,medium_airport,India,印度,IN,Durgapur,,"Andal Airport, Durgapur Airport"
DBR,Darbhanga Airport,26.192801,85.916901,medium_airport,India,印度,IN,Darbhanga,,
DGH,Deoghar Airport,24.446842,86.704955,small_airport,India,印度,IN,Deoghar,,
GOP,Gorakhpur Airport,26.739700317399997,83.4496994019,medium_airport,India,印度,IN,Gorakhpur,,Gorakhpur Air Force Station
GAU,Lokpriya Gopinath Bordoloi International Airport,26.106654,91.585226,large_airport,India,印度,IN,Guwahati,,"Borjhar Airport, Mountain Shadow Air Force Station"
GAY,Gaya Airport,24.744301,84.951202,medium_airport,India,印度,IN,Gaya,,
IMF,Bir Tikendrajit International Airport,24.76,93.896698,large_airport,India,印度,IN,Imphal,,Imphal
JRG,Jharsuguda Airport,21.9135,84.0504,small_airport,India,印度,IN,,,
IXW,Sonari Airport,22.813706,86.168981,medium_airport,India,印度,IN,Jamshedpur,,
JRH,Jorhat Airport,26.730456,94.175416,medium_airport,India,印度,IN,Jorhat,,"Rowriah Airport, Jorhat Air Force Station"
KBK,Kushinagar International Airport,26.776534,83.889214,medium_airport,India,印度,IN,Kushinagar,,
IXH,Kailashahar Airport,24.308657,92.00768,medium_airport,India,印度,IN,Kailashahar,,
IXS,Silchar Airport,24.9129009247,92.97869873050001,medium_airport,India,印度,IN,Silchar,,Kumbhigram Air Force Station
AJL,Lengpui Airport,23.840599,92.619698,medium_airport,India,印度,IN,Aizawl,Aizawl (Lengpui),
IXI,Lilabari North Lakhimpur Airport,27.295682,94.097266,medium_airport,India,印度,IN,Lilabari,,
DIB,Dibrugarh Airport,27.4839000702,95.0168991089,medium_airport,India,印度,IN,Dibrugarh,,Mohanbari Air Force Station
DMU,Dimapur Airport,25.883899688699998,93.77110290530001,medium_airport,India,印度,IN,Dimapur,,
MZU,Muzaffarpur Airport,26.119101,85.313698,medium_airport,India,印度,IN,Muzaffarpur,,
PAT,Jay Prakash Narayan Airport,25.591299,85.087997,medium_airport,India,印度,IN,Patna,,Lok Nayah Jayprakash
IXR,Birsa Munda Airport,23.314300537100003,85.3217010498,medium_airport,India,印度,IN,Ranchi,,
RRK,Rourkela Airport,22.256571,84.815193,medium_airport,India,印度,IN,Rourkela,,
TEZ,Tezpur Airport,26.7091007232666,92.78469848632812,medium_airport,India,印度,IN,,,"Salonibari Airport, Tezpur Air Force Station"
UKE,Utkela Airport,20.097778,83.183333,medium_airport,India,印度,IN,Bhawanipatna,,
ZER,Ziro Airport,27.588301,93.828102,medium_airport,India,印度,IN,Ziro,,
BZL,Barisal Airport,22.801001,90.301201,medium_airport,Bangladesh,孟加拉国,BD,Barisal,,
CXB,Cox's Bazar Airport,21.457517,91.963263,medium_airport,Bangladesh,孟加拉国,BD,Cox's Bazar,,
CGP,Shah Amanat International Airport,22.249599,91.813301,large_airport,Bangladesh,孟加拉国,BD,Chattogram,Chattogram (Chittagong),M.A. Hannan International Airport
DAC,Hazrat Shahjalal International Airport,23.843347,90.397783,large_airport,Bangladesh,孟加拉国,BD,Dhaka,,"VGZR, Zia International Airport, Dacca International Airport, Hazrat Shahjalal International Airport"
IRD,Ishurdi Airport,24.1525,89.0494,medium_airport,Bangladesh,孟加拉国,BD,Ishurdi,,Ishwardi
JSR,Jessore Airport,23.1838,89.160797,medium_airport,Bangladesh,孟加拉国,BD,Jashore,Jashore (Jessore),
RJH,Shah Makhdum Airport,24.437201,88.616501,medium_airport,Bangladesh,孟加拉国,BD,Rajshahi,,
SPD,Saidpur Airport,25.759199,88.908897,medium_airport,Bangladesh,孟加拉国,BD,Saidpur,,
ZYL,Osmany International Airport,24.963993,91.864749,large_airport,Bangladesh,孟加拉国,BD,Sylhet,,
HKG,Hong Kong International Airport,22.31184,113.914862,large_airport,"Hong Kong, China",中国香港,HK,Hong Kong,,"Chek Lap Kok Airport, 赤鱲角機場"
AGR,Agra Airport / Agra Air Force Station,27.157975,77.961025,medium_airport,India,印度,IN,Agra,,"Kheria Airport, Pandit Deen Dayal Upadhyay Airport, RAF Agra"
IXD,Prayagraj Airport,25.4401,81.733902,medium_airport,India,印度,IN,Allahabad,,"VIAL, Allahabad Bamrauli Airport, Bamrauli Air Force Station"
ATQ,Sri Guru Ram Das Ji International Airport,31.7096,74.797302,large_airport,India,印度,IN,Amritsar,,Amritsar Air Force Station
AIP,Adampur Airport,31.4338,75.758797,small_airport,India,印度,IN,Adampur,,Adampur Air Force Station
BKB,Nal Airport,28.070601,73.207199,medium_airport,India,印度,IN,Bikaner,,Nal Air Force Station
KUU,Kullu Manali Airport,31.876699,77.154404,medium_airport,India,印度,IN,Bhuntar,,
BUP,Bhatinda Air Force Station,30.2701,74.755798,medium_airport,India,印度,IN,,,
BEK,Bareilly Air Force Station,28.4221,79.450798,medium_airport,India,印度,IN,Bareilly,,Trishul Air Base
IXC,Shaheed Bhagat Singh International Airport,30.6735,76.788498,large_airport,India,印度,IN,Chandigarh,,Chandigarh Air Force Station
KNU,Kanpur Airport,26.404301,80.410103,medium_airport,India,印度,IN,Kanpur,,"VECX (IAF Stn), VICX, Ganesh Shankar Vidyarthi Airport, Chakeri Air Force Station"
DED,Dehradun Jolly Grant Airport,30.189243,78.176651,medium_airport,India,印度,IN,Dehradun,Dehradun (Jauligrant),"Jauligrant, Jolly Grant"
DEL,Indira Gandhi International Airport,28.55563,77.09519,large_airport,India,印度,IN,New Delhi,,Palam Air Force Station
HDO,Hindon Airport / Hindon Air Force Station,28.707701,77.358902,small_airport,India,印度,IN,Ghaziabad,,
DHM,Kangra Airport,32.164902,76.263018,medium_airport,India,印度,IN,Kangra,,"Dharamshala, Gaggal"
GWL,Gwalior Airport,26.29330062866211,78.22779846191406,medium_airport,India,印度,IN,Gwalior,,Maharajpur Air Force Station
HSS,Maharaja Agrasen International Airport,29.186065,75.74142,large_airport,India,印度,IN,Hisar,,Hisar
HWR,Halwara International Airport,30.748501,75.629799,large_airport,India,印度,IN,Halwara,,"Ludhiana International Airport, Halwara Air Force Station"
JDH,Jodhpur Airport,26.251100540161133,73.04889678955078,medium_airport,India,印度,IN,Jodhpur,,Jodhpur Air Force Station
JAI,Jaipur International Airport,26.8242,75.812202,large_airport,India,印度,IN,Jaipur,,
JSA,Jaisalmer Airport,26.8887,70.864998,medium_airport,India,印度,IN,,,Jaisalmer Air Force Station
IXJ,Jammu Airport,32.688849,74.838152,medium_airport,India,印度,IN,Jammu,,Satwari Airport
KQH,Kishangarh Airport Ajmer,26.591007,74.812956,medium_airport,India,印度,IN,Ajmer,Ajmer (Kishangarh),
KTU,Kota Airport,25.160200119,75.84559631350001,medium_airport,India,印度,IN,Kota,,
LUH,Ludhiana Airport,30.854700088500977,75.95259857177734,medium_airport,India,印度,IN,,,
IXL,Leh Kushok Bakula Rimpochee Airport,34.135899,77.546501,medium_airport,India,印度,IN,Leh,,Leh Air Force Station
LKO,Chaudhary Charan Singh International Airport,26.760599,80.889297,large_airport,India,印度,IN,Lucknow,,Amausi International Airport
MZS,Moradabad Airport,28.81746,78.92187,medium_airport,India,印度,IN,Moradabad,,
IXP,Pathankot Airport,32.233611,75.634444,medium_airport,India,印度,IN,Pathankot,,
PGH,Pantnagar Airport,29.0334,79.473701,medium_airport,India,印度,IN,Pantnagar,,Panthnagar
SXR,Srinagar International Airport,33.987099,74.7742,large_airport,India,印度,IN,Srinagar,,Srinagar Air Force Station
VSV,Shravasti Airport,27.499732,82.032927,small_airport,India,印度,IN,Shravasti,,
LPQ,Luang Phabang International Airport,19.904273,102.167191,large_airport,Laos,老挝,LA,Luang Phabang,,
LXG,Luang Namtha Airport,20.966999,101.400002,small_airport,Laos,老挝,LA,Luang Namtha,,
ODY,Oudomsay Airport,20.68269920349121,101.99400329589844,small_airport,Laos,老挝,LA,Oudomsay,,
PKZ,Pakse International Airport,15.133973,105.779871,large_airport,Laos,老挝,LA,Pakse,,
ZVK,Savannakhet Airport,16.55660057067871,104.76000213623047,medium_airport,Laos,老挝,LA,,,
NEU,Sam Neua Airport,20.4184,104.067001,medium_airport,Laos,老挝,LA,,,
VTE,Wattay International Airport,17.985052,102.566692,large_airport,Laos,老挝,LA,Vientiane,,
XKH,Xieng Khouang Airport,19.450001,103.157997,small_airport,Laos,老挝,LA,Xieng Khouang,,
VMI,Aeropuerto Nacional Doctor Juan Plate,-22.159371,-57.942395,medium_airport,Paraguay,巴拉圭,PY,Puerto Vallemi,,Aeropuerto Nacional Dr. Juan Plate
MFM,Macau International Airport,22.149599,113.592003,large_airport,"Macao, China",中国澳门,MO,Nossa Senhora do Carmo,,澳門國際機場
LTH,Long Thanh International Airport (Under Construction),10.772842,107.040596,large_airport,Vietnam,越南,VN,Ho Chi Minh City,Ho Chi Minh City (Long Thanh),
BHR,Bharatpur Airport,27.678101,84.429398,small_airport,Nepal,尼泊尔,NP,Bharatpur,,
BWA,Gautam Buddha International Airport,27.504636,83.410381,large_airport,Nepal,尼泊尔,NP,Siddharthanagar,Siddharthanagar (Bhairahawa),Bhairahawa Airport
BDP,Bhadrapur Airport,26.5708007812,88.07959747310001,small_airport,Nepal,尼泊尔,NP,Bhadrapur,,Chandragadhi Airport
DOP,Dolpa Airport,28.985659,82.818703,small_airport,Nepal,尼泊尔,NP,Dolpa,,
SIH,Silgadi Doti Airport,29.262226,80.935968,small_airport,Nepal,尼泊尔,NP,Silgadi Doti,,
JUM,Jumla Airport,29.2742,82.193298,small_airport,Nepal,尼泊尔,NP,Jumla,,
JKR,Janakpur Airport,26.708799,85.922401,medium_airport,Nepal,尼泊尔,NP,Janakpur,,
JMO,Jomsom Airport,28.780426,83.723,small_airport,Nepal,尼泊尔,NP,Jomsom,,Jomosom
KTM,Tribhuvan International Airport,27.6966,85.3591,large_airport,Nepal,尼泊尔,NP,Kathmandu,,"gaucharan, Bagmati"
LUA,Tenzing-Hillary Airport,27.686768,86.729479,medium_airport,Nepal,尼泊尔,NP,Lukla,,"Lukla, Mount Everest, Tenzing Norgay, Sir Edmund Hillary"
KEP,Nepalgunj Airport,28.1036,81.667,medium_airport,Nepal,尼泊尔,NP,Nepalgunj,,
PKR,Pokhara Domestic Airport,28.200621,83.981203,medium_airport,Nepal,尼泊尔,NP,Pokhara,,
SIF,Simara Airport,27.159803,84.980021,small_airport,Nepal,尼泊尔,NP,Simara,,
SKH,Surkhet Airport,28.586,81.636002,small_airport,Nepal,尼泊尔,NP,Surkhet,,
IMK,Simikot Airport,29.9711,81.818901,small_airport,Nepal,尼泊尔,NP,Simikot,,
TPJ,Taplejung Airport,27.3509,87.69525,medium_airport,Nepal,尼泊尔,NP,Taplejung,,Suketar Airport
TMI,Tumling Tar Airport,27.315001,87.193298,small_airport,Nepal,尼泊尔,NP,Tumling Tar,,
BIR,Biratnagar Airport,26.48150062561035,87.26399993896484,medium_airport,Nepal,尼泊尔,NP,Biratnagar,,
AGX,Agatti Airport,10.8237,72.176003,medium_airport,India,印度,IN,Agatti,,
BEP,Bellary Airport,15.162799835205078,76.88279724121094,medium_airport,India,印度,IN,Bellary,,"Jindal Vijayanagar, Vijaynagar"
BLR,Kempegowda International Airport Bengaluru,13.1979,77.706299,large_airport,India,印度,IN,Bengaluru,,Bangalore
IXX,Bidar Airport / Bidar Air Force Station,17.9081,77.487099,medium_airport,India,印度,IN,Bidar,,
VGA,Vijayawada International Airport,16.530011,80.804888,large_airport,India,印度,IN,Vijayawada,,
CJB,Coimbatore International Airport,11.03,77.043404,large_airport,India,印度,IN,Coimbatore,,
COK,Cochin International Airport,10.151047,76.400838,large_airport,India,印度,IN,Kochi,,Cochin
CCJ,Calicut International Airport,11.135996,75.955152,large_airport,India,印度,IN,Calicut,,
CDP,Kadapa Airport,14.513154,78.769183,medium_airport,India,印度,IN,Kadapa,,Cuddapah
CBD,Car Nicobar Air Force Base,9.153056,92.819273,medium_airport,India,印度,IN,IAF Camp,,Carnicobar
GOX,Manohar International Airport,15.744257,73.860625,large_airport,India,印度,IN,Mopa,,Mopa International
GBI,Kalaburagi Airport,17.308154,76.965246,small_airport,India,印度,IN,Kalaburagi,,Gulbarga
GOI,Goa Dabolim International Airport,15.380062,73.833328,large_airport,India,印度,IN,Vasco da Gama,,"Goa Airport, Dabolim Navy Airbase, दाबोळी विमानतळ"
HYD,Rajiv Gandhi International Airport,17.231318,78.429855,large_airport,India,印度,IN,Hyderabad,,"Shamshabad, Hyderabad"
BPM,Begumpet Airport,17.4531,78.467598,medium_airport,India,印度,IN,Hyderabad,,"Begumpet Air Force Station, HYD, Hyderabad Airport"
CNN,Kannur International Airport,11.916343,75.544979,large_airport,India,印度,IN,Kannur,,
KJB,Kurnool Airport,15.716288,78.16923,medium_airport,India,印度,IN,Orvakal,,Orvakal
IXM,Madurai Airport,9.83450984955,78.09339904790001,medium_airport,India,印度,IN,Madurai,,Madurai Air Force Station
IXE,Mangaluru International Airport,12.95471,74.886812,large_airport,India,印度,IN,Mangaluru,,Bajpe Airport
MAA,Chennai International Airport,12.990005,80.169296,large_airport,India,印度,IN,Chennai,,Madras
MYQ,Mysore Airport,12.229751,76.653683,medium_airport,India,印度,IN,Mysore,,"Mysuru, Mandakalli airport"
IXZ,Veer Savarkar International Airport / INS Utkrosh,11.640194,92.72902,large_airport,India,印度,IN,Port Blair,,"Port Blair Airport, Port Blair Air Force Station"
PNY,Pondicherry Airport,11.968,79.812,medium_airport,India,印度,IN,Puducherry,Puducherry (Pondicherry),
PUT,Sri Sathya Sai Airport,14.1492996216,77.7910995483,medium_airport,India,印度,IN,Puttaparthi,,
RJA,Rajahmundry Airport,17.105799,81.813204,medium_airport,India,印度,IN,Madhurapudi,,
SXV,Salem Airport,11.78330039978,78.06559753418,medium_airport,India,印度,IN,Salem,,
TCR,Tuticorin Airport,8.724241,78.025803,small_airport,India,印度,IN,Vagaikulam,,"VO80, Tuticorin Southwest Airport, Thoothukudi"
TIR,Tirupati International Airport,13.631988,79.539869,large_airport,India,印度,IN,Tirupati,,
TRZ,Tiruchirappalli International Airport,10.762915,78.717741,large_airport,India,印度,IN,Tiruchirappalli,,"Trichy, Trichinopoly, RAF Kajamalai"
TRV,Thiruvananthapuram International Airport,8.481889,76.920029,large_airport,India,印度,IN,Thiruvananthapuram,,"Thiruvananthapuram International Airport, Trivandrum Air Force Station"
VTZ,Alluri Sitarama Raju International Airport (Vizag),17.971512,83.503617,large_airport,India,印度,IN,Visakhapatnam,,"Vizag, Visakhapatnam"
BUT,Bathpalathang Airport,27.5622,90.7471,small_airport,Bhutan,不丹,BT,Jakar,,Bumthang Domestic
GLU,Gelephu Airport,26.88456,90.46412,medium_airport,Bhutan,不丹,BT,Gelephu,,
PBH,Paro International Airport,27.4032,89.424599,large_airport,Bhutan,不丹,BT,Paro,,"སྤ་རོ་གནམ་ཐང༌།, paro gnam thang"
YON,Yongphulla Airport,27.25627,91.514633,small_airport,Bhutan,不丹,BT,Yongphulla,,"Yonphula Airport, VQ10"
HRF,Hoarafushi Airport,6.96967,72.896287,small_airport,Maldives,马尔代夫,MV,,,
HDK,Kulhudhuffushi Airport,6.630762,73.067815,small_airport,Maldives,马尔代夫,MV,Kulhudhuffushi,,
NMF,Maafaru International Airport,5.817407,73.468404,medium_airport,Maldives,马尔代夫,MV,Noonu Atoll,,
DRV,Dharavandhoo Airport,5.1561,73.1302,small_airport,Maldives,马尔代夫,MV,Baa Atoll,,
GAN,Gan International Airport,-0.692975,73.152627,large_airport,Maldives,马尔代夫,MV,Gan,,"Addu City, Gan Airport"
HAQ,Hanimaadhoo International Airport,6.743235,73.167072,large_airport,Maldives,马尔代夫,MV,Haa Dhaalu Atoll,,
KDO,Kadhdhoo Airport,1.8591699600219727,73.52189636230469,medium_airport,Maldives,马尔代夫,MV,Kadhdhoo,,
MLE,Velana International Airport,4.19183,73.529099,large_airport,Maldives,马尔代夫,MV,Malé,,Malé International Airport
GKK,Kooddoo Airport,0.7324,73.4336,small_airport,Maldives,马尔代夫,MV,Huvadhu Atoll,,
KDM,Kaadedhdhoo Airport,0.488131,72.996902,medium_airport,Maldives,马尔代夫,MV,Huvadhu Atoll,,
VAM,Villa International Airport Maamigili,3.471751,72.832633,medium_airport,Maldives,马尔代夫,MV,Maamigili,,
TMF,Thimarafushi Airport,2.211,73.1533,small_airport,Maldives,马尔代夫,MV,Thimarafushi,,
RUL,Maavaarulaa Airport,0.338085,73.512869,small_airport,Maldives,马尔代夫,MV,Maavaarulu,,
DMK,Don Mueang International Airport,13.9126,100.607002,large_airport,Thailand,泰国,TH,Bangkok,,"Old Bangkok International Airport, Don Muang Royal Thai Air Force Base"
KDT,Kamphaeng Saen Airport,14.1020002365,99.9171981812,medium_airport,Thailand,泰国,TH,Nakhon Pathom,,
KKM,Khok Kathiam Airport,14.87462,100.663397,medium_airport,Thailand,泰国,TH,Lop Buri,,Kathiam AFB
TDX,Trat Airport,12.2746,102.319,medium_airport,Thailand,泰国,TH,Laem Ngop,,
BKK,Suvarnabhumi Airport,13.6811,100.747002,large_airport,Thailand,泰国,TH,Bangkok,,
UTP,U-Tapao–Rayong–Pattaya International Airport,12.6799,101.004997,large_airport,Thailand,泰国,TH,Rayong,,"Utapao, U-Taphao, U-Tapao Royal Thai Navy Airfield, ท่าอากาศยานอู่ตะเภา ระยอง–พัทยา"
CNX,Chiang Mai International Airport,18.766799926799997,98.962600708,large_airport,Thailand,泰国,TH,Chiang Mai,,
HGN,Mae Hong Son Airport,19.3013,97.9758,medium_airport,Thailand,泰国,TH,Mae Hong Son,,
LPT,Lampang Airport,18.27090072631836,99.50420379638672,medium_airport,Thailand,泰国,TH,,,
NNT,Nan Airport,18.807899475097656,100.78299713134766,medium_airport,Thailand,泰国,TH,,,
PRH,Phrae Airport,18.1322,100.165001,medium_airport,Thailand,泰国,TH,,,
CEI,Mae Fah Luang - Chiang Rai International Airport,19.952299,99.882896,large_airport,Thailand,泰国,TH,Chiang Rai,,
PHY,Phetchabun Airport,16.6760005951,101.194999695,medium_airport,Thailand,泰国,TH,,,
HHQ,Hua Hin Airport,12.6361999512,99.951499939,medium_airport,Thailand,泰国,TH,Hua Hin,,
TKH,Takhli Royal Thai Air Force Base,15.2773,100.295998,medium_airport,Thailand,泰国,TH,Takhli,,
MAQ,Mae Sot Airport,16.699899673461914,98.54509735107422,medium_airport,Thailand,泰国,TH,,,
THS,Sukhothai Airport,17.238000869750977,99.81819915771484,medium_airport,Thailand,泰国,TH,,,
PHS,Phitsanulok Airport,16.7829,100.278999,medium_airport,Thailand,泰国,TH,Phitsanulok,,
TKT,Tak Airport,16.896,99.253304,medium_airport,Thailand,泰国,TH,,,
URT,Surat Thani Airport,9.13259983063,99.135597229,medium_airport,Thailand,泰国,TH,Surat Thani,,
NAW,Narathiwat Airport,6.5199198722839355,101.74299621582031,medium_airport,Thailand,泰国,TH,,,
CJM,Chumphon Airport,10.7112,99.361702,medium_airport,Thailand,泰国,TH,Chumphon,,
NST,Nakhon Si Thammarat Airport,8.539620399475098,99.9447021484375,medium_airport,Thailand,泰国,TH,Nakhon Si Thammarat,,ท่าอากาศยานนครศรีธรรมราช
KBV,Krabi International Airport,8.095591,98.988955,large_airport,Thailand,泰国,TH,Krabi,,
SGZ,Songkhla Airport,7.186560153961182,100.60800170898438,medium_airport,Thailand,泰国,TH,,,
PAN,Pattani Airport,6.78546,101.153999,medium_airport,Thailand,泰国,TH,,,
USM,Samui International Airport,9.54779,100.061996,large_airport,Thailand,泰国,TH,Na Thon,Na Thon (Ko Samui Island),
HKT,Phuket International Airport,8.113257,98.3174,large_airport,Thailand,泰国,TH,Phuket,,
UNN,Ranong Airport,9.77762,98.585503,medium_airport,Thailand,泰国,TH,Ranong,,
HDY,Hat Yai International Airport,6.93321,100.392998,large_airport,Thailand,泰国,TH,Hat Yai,,
TST,Trang Airport,7.50874,99.6166,medium_airport,Thailand,泰国,TH,Trang,,
UTH,Udon Thani International Airport,17.386186,102.788577,large_airport,Thailand,泰国,TH,Udon Thani,,
SNO,Sakon Nakhon Airport,17.195100784301758,104.11900329589844,medium_airport,Thailand,泰国,TH,,,
PXR,Surin Airport,14.868300437927,103.49800109863,medium_airport,Thailand,泰国,TH,Surin,,Surin Bhakdi Airport
KKC,Khon Kaen Airport,16.466600418099997,102.783996582,medium_airport,Thailand,泰国,TH,Khon Kaen,,
LOE,Loei Airport,17.43910026550293,101.72200012207031,medium_airport,Thailand,泰国,TH,,,
BFV,Buri Ram Airport,15.2295,103.252998,medium_airport,Thailand,泰国,TH,Buriram,,
NAK,Nakhon Ratchasima Airport,14.9495,102.313004,medium_airport,Thailand,泰国,TH,Chaloem Phra Kiat,,
UBP,Ubon Ratchathani Airport,15.2512998581,104.870002747,medium_airport,Thailand,泰国,TH,Ubon Ratchathani,,
ROI,Roi Et Airport,16.1168,103.774002,medium_airport,Thailand,泰国,TH,Roi Et,,
KOP,Nakhon Phanom Airport,17.383801,104.642998,medium_airport,Thailand,泰国,TH,Nakhon Phanom,,
BMV,Buon Ma Thuot Airport,12.668299675,108.120002747,medium_airport,Vietnam,越南,VN,Buon Ma Thuot,,
VCL,Chu Lai Airport,15.4033,108.706001,small_airport,Vietnam,越南,VN,Tam Nghĩa,,chu lai air base
HPH,Cat Bi International Airport,20.817428,106.724315,large_airport,Vietnam,越南,VN,Haiphong,Haiphong (Hai An),Catbi Airport
CAH,Cà Mau Airport,9.177667,105.177778,medium_airport,Vietnam,越南,VN,Ca Mau City,,"Moranc Airfield, Quan Long Airport"
CXR,Cam Ranh International Airport / Cam Ranh Air Base,11.9982,109.219002,large_airport,Vietnam,越南,VN,Nha Trang/nha Trang aiurportCam Ranh,,
VCS,Con Dao Airport,8.73183,106.633003,medium_airport,Vietnam,越南,VN,Con Dao,,Conson Airport
VCA,Can Tho International Airport,10.083397,105.709371,large_airport,Vietnam,越南,VN,Can Tho,,"Binh Thuy Air Base, Trà Nóc Airport"
DIN,Dien Bien Phu Airport,21.3974990845,103.008003235,medium_airport,Vietnam,越南,VN,Dien Bien Phu,,
VDH,Dong Hoi Airport,17.515,106.590556,medium_airport,Vietnam,越南,VN,Dong Hoi,,
DLI,Lien Khuong Airport,11.750556,108.366997,medium_airport,Vietnam,越南,VN,Da Lat,,Lienkhang
DAD,Da Nang International Airport,16.0439,108.198997,large_airport,Vietnam,越南,VN,Da Nang,,"Danang, Cảng Hàng không Quốc tế Đà Nẵng"
HAN,Noi Bai International Airport,21.221201,105.806999,large_airport,Vietnam,越南,VN,Hanoi,Hanoi (Soc Son),"Noibai Airport, Sân bay Quốc tế Nội Bài"
HUI,Phu Bai International Airport,16.400581,107.704094,large_airport,Vietnam,越南,VN,Huế,,Phubai
UIH,Phu Cat Airport,13.955,109.042,medium_airport,Vietnam,越南,VN,Quy Nohn,,Phucat
PXU,Pleiku Airport,14.004500389099121,108.01699829101562,medium_airport,Vietnam,越南,VN,Pleiku,,
PQC,Phú Quốc International Airport,10.169783,103.99353,large_airport,Vietnam,越南,VN,Phu Quoc Island,,
VKG,Rach Gia Airport,9.95802997234,105.132379532,medium_airport,Vietnam,越南,VN,Rach Gia,,
TBB,Dong Tac Airport,13.0496,109.334,medium_airport,Vietnam,越南,VN,Tuy Hoa,,
SGN,Tan Son Nhat International Airport,10.8188,106.652,large_airport,Vietnam,越南,VN,Ho Chi Minh City,,"Tansonnhat, Sài Gòn, Saigon, Sân bay Quốc tế Tân Sơn Nhất, Tan Son Nhut Air Base, Tan Son Nhut Airfield"
THD,Tho Xuan Airport,19.901667,105.467778,small_airport,Vietnam,越南,VN,Thanh Hóa,,Bai Thuong
VDO,Van Don International Airport,21.120693,107.41539,medium_airport,Vietnam,越南,VN,Van Don,,"Cẩm Phả, Sân bay Quốc tế Vân Đồn"
VII,Vinh Airport,18.7376003265,105.67099762,medium_airport,Vietnam,越南,VN,Vinh,,
NYU,Bagan Airport,21.178800582885742,94.9301986694336,small_airport,Myanmar,缅甸,MM,Nyaung U,,
BMO,Banmaw Airport,24.27044,97.2476,small_airport,Myanmar,缅甸,MM,Banmaw,,"Banmaws, Bhamo"
TVY,Dawei Airport,14.1039,98.203598,medium_airport,Myanmar,缅甸,MM,Dawei,,"Tavoy, Tavoy Airport"
HEH,Heho Airport,20.74714,96.792029,medium_airport,Myanmar,缅甸,MM,Heho,,
KET,Kengtung Airport,21.301599502563477,99.63600158691406,medium_airport,Myanmar,缅甸,MM,Kengtung,,
KHM,Kanti Airport,25.9883,95.6744,small_airport,Myanmar,缅甸,MM,Kanti,,
KYP,Kyaukpyu Airport,19.42639923095703,93.53479766845703,medium_airport,Myanmar,缅甸,MM,Kyaukpyu,,
KAW,Kawthoung Airport,10.049300193786621,98.53800201416016,medium_airport,Myanmar,缅甸,MM,Kawthoung,,
LIW,Loikaw Airport,19.691499710083008,97.21479797363281,medium_airport,Myanmar,缅甸,MM,Loikaw,,
LSH,Lashio Airport,22.9778995513916,97.752197265625,medium_airport,Myanmar,缅甸,MM,Lashio,,
MDL,Mandalay International Airport,21.702199935913086,95.97789764404297,large_airport,Myanmar,缅甸,MM,Mandalay,,
MGZ,Myeik Airport,12.439800262451172,98.62149810791016,medium_airport,Myanmar,缅甸,MM,Mkeik,,
MYT,Myitkyina Airport,25.3836,97.351898,medium_airport,Myanmar,缅甸,MM,Myitkyina,,
MNU,Mawlamyine Airport,16.444700241088867,97.66069793701172,small_airport,Myanmar,缅甸,MM,Mawlamyine,,
MOE,Momeik Airport,23.092500686645508,96.64530181884766,medium_airport,Myanmar,缅甸,MM,,,
MOG,Mong Hsat Airport,20.516799926757812,99.25679779052734,medium_airport,Myanmar,缅甸,MM,Mong Hsat,,Monghsat Airport
MWQ,Magway Airport,20.1656,94.941399,small_airport,Myanmar,缅甸,MM,Magway,,
NMS,Namsang Airport,20.890499114990234,97.73590087890625,medium_airport,Myanmar,缅甸,MM,Namsang,,
NYT,Nay Pyi Taw International Airport,19.623501,96.200996,large_airport,Myanmar,缅甸,MM,Naypyitaw,,"VYEL, Ela, Nay Pyi Taw International"
BSX,Pathein Airport,16.815201,94.7799,small_airport,Myanmar,缅甸,MM,Pathein,,Bassein
PBU,Putao Airport,27.32990074157715,97.42630004882812,medium_airport,Myanmar,缅甸,MM,Putao,,
AKY,Sittwe Airport,20.133165,92.870693,medium_airport,Myanmar,缅甸,MM,Sittwe,,
SNW,Thandwe Airport,18.4606990814209,94.30010223388672,medium_airport,Myanmar,缅甸,MM,Thandwe,,
THL,Tachileik Airport,20.483800888061523,99.9354019165039,medium_airport,Myanmar,缅甸,MM,Tachileik,,
RGN,Yangon International Airport,16.907300949099998,96.1332015991,large_airport,Myanmar,缅甸,MM,Yangon,,Rangoon
RCE,Roche Harbor Airport,48.612301,-123.139,small_airport,United States of America,美国,US,Roche Harbor,,9S1
UPG,Sultan Hasanuddin International Airport,-5.075539,119.553702,large_airport,Indonesia,印度尼西亚,ID,Makassar,,
BIK,Frans Kaisiepo Airport,-1.19002,136.108002,medium_airport,Indonesia,印度尼西亚,ID,Biak,,
NBX,Douw Aturure Airport,-3.397973,135.393071,medium_airport,Indonesia,印度尼西亚,ID,Nabire,,
ZRI,Stevanus Rumbewas Airport,-1.82842,136.062402,medium_airport,Indonesia,印度尼西亚,ID,Serui,,
TIM,Mozes Kilangin Airport,-4.52978,136.887388,medium_airport,Indonesia,印度尼西亚,ID,Timika,,"WABP, Tembagapura"
BMU,Sultan Muhammad Salahuddin Airport,-8.537184,118.685002,medium_airport,Indonesia,印度尼西亚,ID,Bima,,"WRRB, PBW, Palibelo Airport, Bima, Raba Airfield"
DPS,Denpasar I Gusti Ngurah Rai International Airport,-8.748409,115.167123,large_airport,Indonesia,印度尼西亚,ID,"Kuta, Badung",,"WRRR, Bali, Denpasar International Airport, Denpasar"
LOP,Lombok International Airport,-8.759962,116.278169,large_airport,Indonesia,印度尼西亚,ID,Mataram,"Mataram (Pujut, Lombok Tengah)","Zainuddin Abdul Madjid, Praya"
SWQ,Sultan Muhammad Kaharuddin III Airport,-8.48904,117.412003,small_airport,Indonesia,印度尼西亚,ID,Sumbawa Besar,,"WRRS, Brang Bidji, Sumbawa"
TMC,Tambolaka Airport,-9.409224,119.242558,small_airport,Indonesia,印度尼西亚,ID,Radamata,,"WRRT, WADT"
WGP,Umbu Mehang Kunda Airport,-9.66922,120.302002,small_airport,Indonesia,印度尼西亚,ID,Waingapu-Sumba Island,,"WRRW, WADW, Mau Hau Airport, Waingapu Airport"
BWX,Banyuwangi Airport,-8.31015,114.3401,small_airport,Indonesia,印度尼西亚,ID,"Rogojampi, Banyuwangi",,"Banyuwangi International Airport, Blimbing Sari, Blimbingsari, Kabat, Rogojampi, Sukojati, WARB"
TTE,Sultan Babullah Airport,0.831012,127.381611,medium_airport,Indonesia,印度尼西亚,ID,Ternate,,"Sango, Tafure"
OTI,Pitu Airport,2.04599,128.324997,medium_airport,Indonesia,印度尼西亚,ID,Gotalalamo-Morotai Island,,
TRT,Toraja Airport,-3.184359,119.919104,medium_airport,Indonesia,印度尼西亚,ID,Toraja,,
LLO,Bua - Palopo Lagaligo Airport,-3.08227,120.244823,small_airport,Indonesia,印度尼西亚,ID,Palopo,,Palopo Lagaligo
PLW,Mutiara - SIS Al-Jufrie Airport,-0.916462,119.908647,medium_airport,Indonesia,印度尼西亚,ID,Palu,,WAML
TLI,Sultan Bantilan Airport,1.123428,120.793658,small_airport,Indonesia,印度尼西亚,ID,Toli Toli-Celebes Island,,"WAMI, Toli-Toli, Tolitoli, Lalos Airport"
PSJ,Kasiguncu Airport,-1.414121,120.659241,medium_airport,Indonesia,印度尼西亚,ID,Poso-Celebes Island,,WAMP
OJU,Tanjung Api Airport,-0.865437,121.628625,small_airport,Indonesia,印度尼西亚,ID,Tojo Una-Una,,Ampana
LUW,Syukuran Aminuddin Amir Airport,-1.035893,122.773934,medium_airport,Indonesia,印度尼西亚,ID,Luwok,,"Bubung Airport, WAMW"
HMS,Haji Muhammad Sidik Airport,-1.02581,114.92881,small_airport,Indonesia,印度尼西亚,ID,Muara Teweh,,Trinsing
KLP,Seruyan Kuala Pembuang Airport,-3.376062,112.536521,small_airport,Indonesia,印度尼西亚,ID,Seruyan,,Kota Waringin Timur
PKY,Tjilik Riwut Airport,-2.227146,113.943388,medium_airport,Indonesia,印度尼西亚,ID,Palangkaraya,,"WRBP, WAOP"
YIA,Yogyakarta International Airport,-7.905338,110.057264,large_airport,Indonesia,印度尼西亚,ID,Yogyakarta,,Kulon Progo
CXP,Tunggul Wulung Airport,-7.64506,109.033997,medium_airport,Indonesia,印度尼西亚,ID,Cilacap,,"WIIL, WIHL"
KWB,Dewadaru Airport,-5.80091,110.47838,small_airport,Indonesia,印度尼西亚,ID,Karimunjawa,,"Karimun Jawa, Karimun Java"
BUI,Bokondini Airport,-3.68455,138.677437,small_airport,Indonesia,印度尼西亚,ID,Bokondini,,WAJB
DJJ,Dortheys Hiyo Eluay International Airport,-2.579627,140.519857,large_airport,Indonesia,印度尼西亚,ID,Sentani,,"Bandar Udara Internasional Dortheys Hiyo Eluay, Sentani International Airport, Hollandia, Jayapura"
OKL,Oksibil Airport,-4.9071,140.6277,medium_airport,Indonesia,印度尼西亚,ID,Oksibil,,Gunung Bintang
MKQ,Mopah International Airport,-8.523898,140.419693,medium_airport,Indonesia,印度尼西亚,ID,Merauke,,
TMH,Tanah Merah Airport,-6.09669,140.303521,medium_airport,Indonesia,印度尼西亚,ID,Tanah Merah,,
TJS,Tanjung Harapan Airport,2.838139,117.374584,small_airport,Indonesia,印度尼西亚,ID,Tanjung Selor-Borneo Island,,
DTD,Datadawai Airport,0.807028,114.529052,small_airport,Indonesia,印度尼西亚,ID,Datadawai-Borneo Island,,
BPN,Sultan Aji Muhammad Sulaiman Sepinggan International Airport,-1.268342,116.89452,large_airport,Indonesia,印度尼西亚,ID,Balikpapan,,"WRLL, Balikpapan Airport, Sepinggan Airport, Sepinggang Airfield"
TRK,Juwata International Airport / Suharnoko Harbani AFB,3.325145,117.564169,medium_airport,Indonesia,印度尼西亚,ID,Tarakan,,"WRLR, WALR, WAQQ, TRK, JUWATA, TARAKAN"
AAP,Aji Pangeran Tumenggung Pranoto International Airport,-0.374478,117.250128,medium_airport,Indonesia,印度尼西亚,ID,Samarinda,,Sungai Siring Airport
GTO,Jalaluddin Airport,0.637119,122.849998,small_airport,Indonesia,印度尼西亚,ID,Gorontalo,,
NAH,Naha Airport,3.68478,125.527162,medium_airport,Indonesia,印度尼西亚,ID,"Tabukan Utara, Sangihe Islands",,Tahuna
LKM,Bolaang Mongondow Airport,0.88855,124.033634,small_airport,Indonesia,印度尼西亚,ID,Lolak,,
MDC,Sam Ratulangi International Airport,1.548591,124.92625,large_airport,Indonesia,印度尼西亚,ID,Manado,,
UOL,Buol - Pogogul Airport,1.102318,121.413358,small_airport,Indonesia,印度尼西亚,ID,Buol,,"WAMY, Pangtiku Airport"
BTW,Bersujud Airport,-3.41241,115.995003,small_airport,Indonesia,印度尼西亚,ID,Batu Licin,,"WRBC, Batulicin"
PKN,Iskandar Airport,-2.7052,111.672997,small_airport,Indonesia,印度尼西亚,ID,Pangkalanbun,,WRBI
KBU,Gusti Syamsir Alam Airport,-3.294796,116.163815,small_airport,Indonesia,印度尼西亚,ID,Stagen,,"WRBK, Stagen Airport"
TJG,Warukin Airport,-2.21656,115.435997,medium_airport,Indonesia,印度尼西亚,ID,Tanta-Tabalong,,WRBN
BDJ,Syamsudin Noor International Airport,-3.440112,114.761209,large_airport,Indonesia,印度尼西亚,ID,Banjarbaru,,"WRBB, Banjarmasin, Banjarbaru"
SMQ,Sampit (H.Asan) Airport,-2.499198,112.974987,small_airport,Indonesia,印度尼西亚,ID,Sampit,,"WRBS, WAOS"
TBM,Tumbang Samba Airport,-1.469024,113.080984,small_airport,Indonesia,印度尼西亚,ID,Tumbang Samba-Borneo Island,,"WRBW, WAOW"
LUV,Karel Sadsuitubun Airport,-5.760278,132.759444,medium_airport,Indonesia,印度尼西亚,ID,Langgur,,Tual Baru
NAM,Namniwel Airport,-3.143159,126.976469,medium_airport,Indonesia,印度尼西亚,ID,Namniwel,,
AMQ,Pattimura International Airport,-3.71026,128.089005,large_airport,Indonesia,印度尼西亚,ID,Ambon,,
LNU,Robert Atty Bessing,3.575256,116.619769,small_airport,Indonesia,印度尼西亚,ID,Malinau,,"WRLM, WALM"
BEJ,Kalimarau Airport,2.14776,117.430705,medium_airport,Indonesia,印度尼西亚,ID,Tanjung Redeb - Borneo Island,,"Berau Airport, WALK, WRLK"
MLG,Abdul Rachman Saleh Airport,-7.929099,112.714233,medium_airport,Indonesia,印度尼西亚,ID,Malang,,"WIAS, Malang, Singosari"
JBB,Notohadinegoro Airport,-8.242494,113.693476,small_airport,Indonesia,印度尼西亚,ID,Jember,,"Jember, Jenggawah"
JOG,Adisutjipto International Airport,-7.78818,110.431999,medium_airport,Indonesia,印度尼西亚,ID,Yogyakarta,,"WIIJ, WARJ, Adisucipto"
SOC,Adisoemarmo International Airport,-7.516044,110.757492,large_airport,Indonesia,印度尼西亚,ID,Surakarta,,"WRSQ, WARQ, Adi Soemarmo, Adi Sumarmo"
SUB,Juanda International Airport,-7.37983,112.787003,large_airport,Indonesia,印度尼西亚,ID,Surabaya,,"WRSJ, Sedati, Sidoarjo"
SRG,Jenderal Ahmad Yani Airport,-6.970732,110.373244,large_airport,Indonesia,印度尼西亚,ID,Semarang,,"WIIS, WARS"
FKQ,Fakfak Airport,-2.920508,132.267011,medium_airport,Indonesia,印度尼西亚,ID,Fakfak,,"Iboru, Torea, Fak Fak"
KNG,Utarom Airport,-3.6446,133.695116,medium_airport,Indonesia,印度尼西亚,ID,Kaimana,,
RJM,Marinda Airport,-0.424969,130.773535,small_airport,Indonesia,印度尼西亚,ID,Waisai,,
BXB,Babo Airport,-2.53224,133.438995,medium_airport,Indonesia,印度尼西亚,ID,Babo,,
MKW,Rendani Airport,-0.891833,134.048996,medium_airport,Indonesia,印度尼西亚,ID,Manokwari,,WASR
SOQ,Domine Eduard Osok Airport,-0.894,131.287,medium_airport,Indonesia,印度尼西亚,ID,Sorong,,WAXX
ABU,AA Bere Tallo (Haliwen) Airport,-9.074841,124.903285,small_airport,Indonesia,印度尼西亚,ID,Atambua,,WRKA
MOF,Frans Xavier Seda Airport,-8.639514,122.238135,small_airport,Indonesia,印度尼西亚,ID,Waioti,,"WRKC, Fransiskus Xavierius Seda, Maumere, Wai Oti"
ENE,H. Hasan Aroeboesman (Ende) Airport,-8.849114,121.66101,small_airport,Indonesia,印度尼西亚,ID,Ende,,"WRKE, Isi"
RTG,Frans Sales Lega Airport,-8.596171,120.478177,small_airport,Indonesia,印度尼西亚,ID,"Satar Tacik, Manggarai",,"WRKG, Ruteng, Satar Tacik Airport"
LKA,Larantuka Gewayentana Airport,-8.274424,123.002,small_airport,Indonesia,印度尼西亚,ID,Tiwatobi,,WATL
ARD,Alor Island - Mali Airport,-8.13234,124.597,small_airport,Indonesia,印度尼西亚,ID,Kabola,,
LBJ,Komodo Airport,-8.480694,119.888306,small_airport,Indonesia,印度尼西亚,ID,"Labuan Bajo, Manggarai Barat",,"Komodo Labuan Bajo International Airport, Mutiara II Airport, WRKO"
RTI,David Constantijn Saudale Airport,-10.765834,123.076046,small_airport,Indonesia,印度尼西亚,ID,Ba'a - Rote Island,,"WRKR, Roti Airport, Lekunik Airport"
KOE,El Tari Airport,-10.1716,123.670998,medium_airport,Indonesia,印度尼西亚,ID,Kupang,,"WRKK, Kupang Airport, Penfui Airport"
WMX,Wamena Airport,-4.097324,138.952417,medium_airport,Indonesia,印度尼西亚,ID,Wamena,,WAJW
WNI,Matahora Airport,-5.292123,123.636233,medium_airport,Indonesia,印度尼西亚,ID,Wangi-wangi Island,,
KSR,Selayar - Haji Aroeppala Airport,-6.17921,120.437479,small_airport,Indonesia,印度尼西亚,ID,Benteng,,Lagaligo Airport
KXB,Sangia Nibandera Airport,-4.338158,121.524047,medium_airport,Indonesia,印度尼西亚,ID,Kolaka,,"Kolaka, Pomala"
KDI,Haluoleo Airport,-4.08161,122.417999,small_airport,Indonesia,印度尼西亚,ID,Kendari,,"WAAU, Wolter Monginsidi Airport"
WBB,Stebbins Airport,63.515999,-162.278,small_airport,United States of America,美国,US,Stebbins,,
BTU,Bintulu Airport,3.12385010719,113.019996643,medium_airport,Malaysia,马来西亚,MY,Bintulu,,
LGL,Long Lellang Airport,3.4210000038099997,115.153999329,small_airport,Malaysia,马来西亚,MY,Long Datih,,
KCH,Kuching International Airport,1.487364,110.352859,large_airport,Malaysia,马来西亚,MY,Kuching,,
ODN,Long Seridan Airport,3.976087,115.067303,small_airport,Malaysia,马来西亚,MY,Long Seridan,,
LMN,Limbang Airport,4.808300018310547,115.01000213623047,medium_airport,Malaysia,马来西亚,MY,Limbang,,
MKM,Mukah Airport,2.881944,112.043333,medium_airport,Malaysia,马来西亚,MY,Mukah,,
MUR,Marudi Airport,4.178734,114.330318,medium_airport,Malaysia,马来西亚,MY,Marudi,,
BKM,Bakalalan Airport,3.974,115.617996,small_airport,Malaysia,马来西亚,MY,Bakalalan,,
MYY,Miri Airport,4.32201,113.987,medium_airport,Malaysia,马来西亚,MY,Miri,,
SBW,Sibu Airport,2.2616,111.985001,medium_airport,Malaysia,马来西亚,MY,Sibu,,
LWY,Lawas Airport,4.84917,115.407997,small_airport,Malaysia,马来西亚,MY,Lawas,,
BBN,Bario Airport,3.734648,115.478548,medium_airport,Malaysia,马来西亚,MY,Bario,,
LDU,Lahad Datu Airport,5.03241,118.32376,medium_airport,Malaysia,马来西亚,MY,Lahad Datu,,
BKI,Kota Kinabalu International Airport,5.932743,116.049324,large_airport,Malaysia,马来西亚,MY,Kota Kinabalu,,"Lapangan Terbang Antarabangsa Kota Kinabalu, Jesselton Airfield"
LBU,Labuan Airport,5.301667,115.248333,medium_airport,Malaysia,马来西亚,MY,Labuan,,
TMG,Tomanggong Airport,5.40257,118.65763,small_airport,Malaysia,马来西亚,MY,Tomanggong,,
SDK,Sandakan Airport,5.900899887084961,118.05899810791016,medium_airport,Malaysia,马来西亚,MY,Sandakan,,
KUD,Kudat Airport,6.924111,116.837068,small_airport,Malaysia,马来西亚,MY,Kudat,,
TWU,Tawau Airport,4.31338,118.12152,medium_airport,Malaysia,马来西亚,MY,Tawau,,
MZV,Mulu Airport,4.048329830169678,114.80500030517578,medium_airport,Malaysia,马来西亚,MY,Mulu,,
BWN,Brunei International Airport,4.9442,114.928001,large_airport,Brunei,文莱,BN,Bandar Seri Begawan,,
PKU,Sultan Syarif Kasim II International Airport / Roesmin Nurjadin AFB,0.458647,101.444321,medium_airport,Indonesia,印度尼西亚,ID,Pekanbaru,,Simpang Tiga
DUM,Pinang Kampai Airport,1.609026,101.433493,medium_airport,Indonesia,印度尼西亚,ID,Dumai,,
RGT,Japura Airport,-0.352808,102.334999,medium_airport,Indonesia,印度尼西亚,ID,Rengat-Sumatra Island,,WIPR
KJT,Kertajati International Airport,-6.647384,108.165561,medium_airport,Indonesia,印度尼西亚,ID,Kertajati,,
BDO,Husein Sastranegara International Airport,-6.90063,107.575996,medium_airport,Indonesia,印度尼西亚,ID,Bandung,,WIIB
CJN,Nusawiru Airport,-7.719895,108.488995,small_airport,Indonesia,印度尼西亚,ID,Cijulang,,WI1A
BTH,Hang Nadim International Airport,1.12103,104.119003,large_airport,Indonesia,印度尼西亚,ID,Batam,,WIKB
TNJ,Raja Haji Fisabilillah International Airport,0.92397,104.53341,medium_airport,Indonesia,印度尼西亚,ID,Tanjung Pinang-Bintan Island,,WIKN
MPC,Muko Muko Airport,-2.541058,101.087651,small_airport,Indonesia,印度尼西亚,ID,Muko Muko,,"WIPU, Mukomuko, Muko-Muko"
HLP,Halim Perdanakusuma International Airport,-6.266989,106.890318,large_airport,Indonesia,印度尼西亚,ID,Jakarta,,"WIIH, WIIX, WIID"
CGK,Soekarno-Hatta International Airport,-6.12557,106.655998,large_airport,Indonesia,印度尼西亚,ID,Jakarta,,"JKT, Cengkareng, Java"
TKG,Radin Inten II International Airport,-5.246803,105.182531,medium_airport,Indonesia,印度尼西亚,ID,Bandar Lampung,,"WIIT, WICT"
LSW,Malikus Saleh Airport,5.22668,96.950302,small_airport,Indonesia,印度尼西亚,ID,Lhok Seumawe-Sumatra Island,,WITM
GNS,Binaka Airport,1.166275,97.705196,medium_airport,Indonesia,印度尼西亚,ID,Gunungsitoli,,
AEG,Aek Godang Airport,1.4001,99.430496,medium_airport,Indonesia,印度尼西亚,ID,Padang Sidempuan,,
MES,Soewondo Air Force Base,3.558425,98.672275,medium_airport,Indonesia,印度尼西亚,ID,Medan,,"Polonia International Airport, WIMM"
KNO,Kualanamu International Airport,3.637847,98.870566,large_airport,Indonesia,印度尼西亚,ID,Beringin,,Medan
DTB,Silangit Airport,2.25973,98.991898,small_airport,Indonesia,印度尼西亚,ID,Siborong-Borong,,"Lake Toba, North Tapanuli"
FLZ,Dr. Ferdinand Lumban Tobing Airport,1.557127,98.887145,medium_airport,Indonesia,印度尼西亚,ID,Sibolga,Sibolga (Pinangsori),Pinangsori Airport
LSR,Alas Leuser Airport,3.391456,97.863726,medium_airport,Indonesia,印度尼西亚,ID,Kutacane,,
TJQ,H A S Hanandjoeddin International Airport,-2.744109,107.754535,small_airport,Indonesia,印度尼西亚,ID,Tanjung Pandan,,"Buluh Tumbang Airport, WIKD, WIOD"
NPO,Nanga Pinoh Airport,-0.34864,111.746155,medium_airport,Indonesia,印度尼西亚,ID,Nanga Pinoh-Borneo Island,,Nangapinoh
KTG,Rahadi Osman Airport,-1.817165,109.963469,medium_airport,Indonesia,印度尼西亚,ID,Ketapang,,Rahadi Usman
NTX,Ranai Airport,3.90871,108.388,medium_airport,Indonesia,印度尼西亚,ID,Ranai-Natuna Besar Island,,"WION, Natuna, Natuna-Ranai, Raden Sadjad"
PNK,Supadio International Airport,-0.152258,109.404493,large_airport,Indonesia,印度尼西亚,ID,Pontianak,,
PSU,Pangsuma Airport,0.834579,112.940217,medium_airport,Indonesia,印度尼西亚,ID,Putussibau-Borneo Island,,
SQG,Tebelian Airport,-0.045214,111.458049,medium_airport,Indonesia,印度尼西亚,ID,Sintang,,
DJB,Sultan Thaha Airport,-1.638685,103.645063,small_airport,Indonesia,印度尼西亚,ID,Jambi,,"WIPA, Palmerah"
BUU,Muara Bungo Airport,-1.541635,102.181613,small_airport,Indonesia,印度尼西亚,ID,Muara Bungo,,Pasir Mayang
PGK,Depati Amir Airport,-2.1622,106.139,medium_airport,Indonesia,印度尼西亚,ID,Pangkal Pinang,,WIPK
BKS,Fatmawati Soekarno Airport,-3.8637,102.338997,medium_airport,Indonesia,印度尼西亚,ID,Bengkulu,,"WIPL, Padang Kemiling Airport"
PLM,Sultan Mahmud Badaruddin II Airport,-2.897653,104.698147,medium_airport,Indonesia,印度尼西亚,ID,Palembang,,
PDO,Pendopo Airport,-3.2860701084136963,103.87999725341797,medium_airport,Indonesia,印度尼西亚,ID,Talang Gudang-Sumatra Island,,
PDG,Minangkabau International Airport,-0.785964,100.280384,large_airport,Indonesia,印度尼西亚,ID,Padang,Padang (Katapiang),
MEQ,Cut Nyak Dhien Airport,4.040998,96.253312,medium_airport,Indonesia,印度尼西亚,ID,Kuala Pesisir,,
LKI,Lasikin Airport,2.411328,96.327722,small_airport,Indonesia,印度尼西亚,ID,Lubang,,WITG
TXE,Rembele Airport,4.72113,96.851943,medium_airport,Indonesia,印度尼西亚,ID,Takengon,,
LSX,Lhok Sukon Airport,5.06951,97.259201,medium_airport,Indonesia,印度尼西亚,ID,Lhok Sukon-Sumatra Island,,Lhoksukon
BTJ,Sultan Iskandar Muda International Airport,5.525087,95.41997,large_airport,Indonesia,印度尼西亚,ID,Banda Aceh,,WIAB
TOD,Tioman Airport,2.81818,104.160004,medium_airport,Malaysia,马来西亚,MY,Tioman Island,,"Kampung Tekek, Sultan Ahmad Shah"
AOR,Sultan Abdul Halim Airport,6.189670085906982,100.39800262451172,medium_airport,Malaysia,马来西亚,MY,Alor Satar,,
BWH,RMAF Butterworth Air Base,5.46592,100.390999,medium_airport,Malaysia,马来西亚,MY,Butterworth,,RAF Butterworth
KBR,Sultan Ismail Petra Airport,6.1668500900268555,102.29299926757812,medium_airport,Malaysia,马来西亚,MY,Kota Baharu,,
KUA,Kuantan Airport,3.7753899097442627,103.20899963378906,medium_airport,Malaysia,马来西亚,MY,Kuantan,,
KTE,Kerteh Airport,4.53722,103.427002,medium_airport,Malaysia,马来西亚,MY,Kerteh,,
IPH,Sultan Azlan Shah Airport,4.56733,101.091643,large_airport,Malaysia,马来西亚,MY,Ipoh,,
JHB,Senai International Airport,1.64131,103.669998,large_airport,Malaysia,马来西亚,MY,Johor Bahru,,Sultan Ismail International Airport
KUL,Kuala Lumpur International Airport,2.74558,101.709999,large_airport,Malaysia,马来西亚,MY,Sepang,,KLIA
LGK,Langkawi International Airport,6.32973,99.728699,large_airport,Malaysia,马来西亚,MY,Langkawi,,
MKZ,Malacca International Airport,2.265613,102.252778,medium_airport,Malaysia,马来西亚,MY,Malacca,,Batu Berendam
TGG,Sultan Mahmud Airport,5.3826398849487305,103.10299682617188,medium_airport,Malaysia,马来西亚,MY,Kuala Terengganu,,
PEN,Penang International Airport,5.296303,100.276185,large_airport,Malaysia,马来西亚,MY,Penang,,
PKG,Pulau Pangkor Airport,4.244719982147217,100.5530014038086,small_airport,Malaysia,马来西亚,MY,Pangkor Island,,
SZB,Sultan Abdul Aziz Shah International Airport,3.13058,101.549004,large_airport,Malaysia,马来西亚,MY,Subang,,"Subang SkyPark, Subang Airport, Subang International Airport"
DTR,Decatur Shores Airport,48.500171,-122.813973,small_airport,United States of America,美国,US,Decatur,,
SXK,Mathilda Batlayeri Airport,-7.848354,131.337068,small_airport,Indonesia,印度尼西亚,ID,Saumlaki-Yamdena Island,,
UAI,"Commander in Chief of FALINTIL, Kay Rala Xanana Gusmão, International Airport",-9.301856,125.286302,medium_airport,Timor-Leste,东帝汶,TL,Suai,,"Covalima Airport, Suai Airport, Xanana Gusmao International Airport"
DIL,Presidente Nicolau Lobato International Airport,-8.546562,125.524507,large_airport,Timor-Leste,东帝汶,TL,Dili,,"Komoro, Comoro Airport"
BCH,Baucau Airport,-8.486479,126.399981,medium_airport,Timor-Leste,东帝汶,TL,Baucau,,"English Madeira airport, Cakung Airport"
OEC,Oecusse Route of the Sandalwood International Airport,-9.198419,124.337873,large_airport,Timor-Leste,东帝汶,TL,Oecussi-Ambeno,,"Oe-Kusi Ambenu, Ocussi, Oekussi, Oekusi, Okusi, Oé-Cusse"
LBW,Yuvai Semaring Airport,3.900495,115.690089,small_airport,Indonesia,印度尼西亚,ID,Long Bawan,,"WRLB, Juvai Semaring Airport, Yuvai Semaring, Long Bawang"
BXT,LNG Badak Airport,0.121656,117.476558,small_airport,Indonesia,印度尼西亚,ID,Bontang-Borneo Island,,WRLC
LPU,Long Apung Airport,1.706932,114.969934,small_airport,Indonesia,印度尼西亚,ID,Long Apung-Borneo Island,,
QPG,Paya Lebar Air Base,1.36042,103.910004,medium_airport,Singapore,新加坡,SG,Paya Lebar,,
TGA,Tengah Air Base,1.387561,103.708291,medium_airport,Singapore,新加坡,SG,Western Water Catchment,,RAF Tengah
XSP,Seletar Airport,1.41555,103.86673,medium_airport,Singapore,新加坡,SG,Seletar,,
SIN,Singapore Changi Airport,1.35019,103.994003,large_airport,Singapore,新加坡,SG,Singapore,,RAF Changi
ALH,Albany Airport,-34.943333,117.808889,medium_airport,Australia,澳大利亚,AU,Albany,,"ABA, YPAL, Harry Riggs Albany Regional"
ARY,Ararat Airport,-37.309978,142.988688,medium_airport,Australia,澳大利亚,AU,Ararat,,
ARM,Armidale Airport,-30.528099060099997,151.617004395,medium_airport,Australia,澳大利亚,AU,Armidale,,
AUU,Aurukun Airport,-13.354019,141.720028,small_airport,Australia,澳大利亚,AU,Aurukun,,
AYQ,Ayers Rock Connellan Airport,-25.185913,130.97703,medium_airport,Australia,澳大利亚,AU,Yulara,,"Ayers Rock, Uluru"
BCI,Barcaldine Airport,-23.566268,145.302086,medium_airport,Australia,澳大利亚,AU,Barcaldine,,
ASP,Alice Springs Airport,-23.806588,133.903427,medium_airport,Australia,澳大利亚,AU,Alice Springs,,
BDD,Badu Island Airport,-10.14955,142.173665,small_airport,Australia,澳大利亚,AU,Badu Island,,
BNE,Brisbane International Airport,-27.384199142456055,153.11700439453125,large_airport,Australia,澳大利亚,AU,Brisbane,,
OOL,Gold Coast Airport,-28.165962,153.506641,large_airport,Australia,澳大利亚,AU,Gold Coast,,
BKQ,Blackall Airport,-24.431678,145.429716,medium_airport,Australia,澳大利亚,AU,Blackall,,
CNS,Cairns International Airport,-16.878921,145.74948,large_airport,Australia,澳大利亚,AU,Cairns,,
CTL,Charleville Airport,-26.4132995605,146.261993408,medium_airport,Australia,澳大利亚,AU,Charleville,,
BXG,Bendigo Airport,-36.739399,144.330002,small_airport,Australia,澳大利亚,AU,,,
BVI,Birdsville Airport,-25.897499084472656,139.34800720214844,medium_airport,Australia,澳大利亚,AU,,,
BHQ,Broken Hill Airport,-32.0013999939,141.472000122,medium_airport,Australia,澳大利亚,AU,Broken Hill,,
HTI,Hamilton Island Airport,-20.3581008911,148.95199585,medium_airport,Australia,澳大利亚,AU,Hamilton Island,,
BEU,Bedourie Airport,-24.3461,139.460007,medium_airport,Australia,澳大利亚,AU,Bedourie,,
BRK,Bourke Airport,-30.039199829101562,145.95199584960938,medium_airport,Australia,澳大利亚,AU,,,
BUC,Burketown Airport,-17.748600006103516,139.53399658203125,small_airport,Australia,澳大利亚,AU,,,
BLN,Benalla Airport,-36.551899,146.007004,medium_airport,Australia,澳大利亚,AU,Benalla,,
BQB,Busselton Margaret River Regional Airport,-33.687222,115.400278,small_airport,Australia,澳大利亚,AU,Busselton,,
ISA,Mount Isa Airport,-20.66638,139.488468,medium_airport,Australia,澳大利亚,AU,Mount Isa,,
MKY,Mackay Airport,-21.170816,149.182588,medium_airport,Australia,澳大利亚,AU,Mackay,,
BNK,Ballina Byron Gateway Airport,-28.833236,153.561471,medium_airport,Australia,澳大利亚,AU,Ballina,,
BSJ,Bairnsdale Airport,-37.887539,147.569379,medium_airport,Australia,澳大利亚,AU,Bairnsdale,,
GIC,Boigu Island Airport,-9.23278,142.218002,small_airport,Australia,澳大利亚,AU,Boigu Island,,
OKY,Oakey Army Aviation Centre,-27.409262,151.736727,medium_airport,Australia,澳大利亚,AU,,,Swartz Barracks
BQL,Boulia Airport,-22.913299560546875,139.89999389648438,medium_airport,Australia,澳大利亚,AU,,,
PPP,Proserpine Whitsunday Coast Airport,-20.494416,148.553583,medium_airport,Australia,澳大利亚,AU,Proserpine,,
ROK,Rockhampton Airport,-23.380019,150.475359,medium_airport,Australia,澳大利亚,AU,Rockhampton,,
BME,Broome International Airport,-17.949194,122.2283,large_airport,Australia,澳大利亚,AU,Broome,,
BZD,Balranald Airport,-34.624834,143.577114,medium_airport,Australia,澳大利亚,AU,,,
BWQ,Brewarrina Airport,-29.975792,146.81438,medium_airport,Australia,澳大利亚,AU,,,
MCY,Sunshine Coast Airport,-26.593324,153.08319,large_airport,Australia,澳大利亚,AU,Maroochydore,,YBMC
BHS,Bathurst Airport,-33.406817,149.651161,medium_airport,Australia,澳大利亚,AU,Bathurst,,
BRT,Bathurst Island Airport,-11.764966,130.615774,medium_airport,Australia,澳大利亚,AU,Wurrumiyanga,,
TSV,Townsville Airport / RAAF Base Townsville,-19.252904,146.766512,medium_airport,Australia,澳大利亚,AU,Townsville,,"RAAF Base Garbutt, RAAF Base Townsville"
BLT,Blackwater Airport,-23.6031,148.807007,medium_airport,Australia,澳大利亚,AU,,,
BDB,Bundaberg Airport,-24.905039,152.322612,medium_airport,Australia,澳大利亚,AU,Bundaberg,,
WEI,Weipa Airport,-12.677493,141.922618,medium_airport,Australia,澳大利亚,AU,Weipa,,
WTB,Toowoomba Wellcamp Airport,-27.558332,151.793335,large_airport,Australia,澳大利亚,AU,Toowoomba,,Brisbane West Wellcamp
CVQ,Carnarvon Airport,-24.884337,113.666393,medium_airport,Australia,澳大利亚,AU,Carnarvon,,
CAZ,Cobar Airport,-31.538299560546875,145.79400634765625,medium_airport,Australia,澳大利亚,AU,,,
COJ,Coonabarabran Airport,-31.3325,149.266998,medium_airport,Australia,澳大利亚,AU,,,
CPD,Coober Pedy Airport,-29.038312,134.722166,medium_airport,Australia,澳大利亚,AU,Coober Pedy,,
CCL,Chinchilla Airport,-26.771947,150.617571,medium_airport,Australia,澳大利亚,AU,Chinchilla,,
CNC,Coconut Island Airport,-10.050139,143.070007,small_airport,Australia,澳大利亚,AU,,,
CNJ,Cloncurry Airport,-20.668600082399998,140.503997803,medium_airport,Australia,澳大利亚,AU,Cloncurry,,
CED,Ceduna Airport,-32.13059997558594,133.7100067138672,medium_airport,Australia,澳大利亚,AU,,,
CVC,Cleve Airport,-33.709702,136.505005,medium_airport,Australia,澳大利亚,AU,,,
CFS,Coffs Harbour Airport,-30.320601,153.115997,medium_airport,Australia,澳大利亚,AU,Coffs Harbour,,RAAF Base Coffs Harbour
CKW,Christmas Creek Airport,-22.354302,119.642603,small_airport,Australia,澳大利亚,AU,Christmas Creek Mine,,Graeme Rowley Aerodrome
DCN,RAAF Base Curtin,-17.581389,123.828333,medium_airport,Australia,澳大利亚,AU,Derby,,
CTN,Cooktown Airport,-15.443649,145.183221,medium_airport,Australia,澳大利亚,AU,,,
CMQ,Clermont Airport,-22.7731,147.621002,medium_airport,Australia,澳大利亚,AU,,,
CMA,Cunnamulla Airport,-28.030000686645508,145.6219940185547,medium_airport,Australia,澳大利亚,AU,,,
CNB,Coonamble Airport,-30.980946,148.377833,medium_airport,Australia,澳大利亚,AU,,,
CUQ,Coen Airport,-13.761133,143.113311,medium_airport,Australia,澳大利亚,AU,Coen,,
OOM,Cooma Snowy Mountains Airport,-36.300445,148.972408,medium_airport,Australia,澳大利亚,AU,Cooma,,
CWW,Corowa Airport,-35.994701,146.356995,medium_airport,Australia,澳大利亚,AU,,,
CYG,Corryong Airport,-36.18280029296875,147.88800048828125,medium_airport,Australia,澳大利亚,AU,,,
CMD,Cootamundra Airport,-34.624283,148.036641,medium_airport,Australia,澳大利亚,AU,,,
CWT,Cowra Airport,-33.846894,148.648007,medium_airport,Australia,澳大利亚,AU,,,
DRN,Dirranbandi Airport,-28.587912,148.217161,medium_airport,Australia,澳大利亚,AU,,,
DRB,Derby Airport,-17.37193,123.66221,medium_airport,Australia,澳大利亚,AU,Derby,,
DNQ,Deniliquin Airport,-35.5593986511,144.945999146,medium_airport,Australia,澳大利亚,AU,Deniliquin,,
DMD,Doomadgee Airport,-17.9403,138.822006,small_airport,Australia,澳大利亚,AU,,,
NLF,Darnley Island Airport,-9.579176,143.780276,small_airport,Australia,澳大利亚,AU,Darnley Island,,
DPO,Devonport Airport,-41.1697006226,146.429992676,medium_airport,Australia,澳大利亚,AU,Devonport,,
DYA,Dysart Airport,-22.6222,148.363998,medium_airport,Australia,澳大利亚,AU,,,
ECH,Echuca Airport,-36.15719985961914,144.76199340820312,medium_airport,Australia,澳大利亚,AU,,,
ELC,Elcho Island Airport,-12.019399642899998,135.570999146,medium_airport,Australia,澳大利亚,AU,Elcho Island,,
EMD,Emerald Airport,-23.5674991608,148.179000854,medium_airport,Australia,澳大利亚,AU,Emerald,,
EPR,Esperance Airport,-33.684399,121.822998,medium_airport,Australia,澳大利亚,AU,Esperance,,
WHB,Eliwana,-22.428395,116.887879,medium_airport,Australia,澳大利亚,AU,,,
FRB,Forbes Airport,-33.363602,147.934998,medium_airport,Australia,澳大利亚,AU,Forbes,,
FLS,Flinders Island Airport,-40.091702,147.992996,small_airport,Australia,澳大利亚,AU,Whitemark,,
FOS,Forrest Airport,-30.83662,128.112811,medium_airport,Australia,澳大利亚,AU,,,
FIZ,Fitzroy Crossing Airport,-18.183596,125.559783,medium_airport,Australia,澳大利亚,AU,,,
GUH,Gunnedah Airport,-30.957511,150.248981,medium_airport,Australia,澳大利亚,AU,,,
GET,Geraldton Airport,-28.796101,114.707001,medium_airport,Australia,澳大利亚,AU,Moonyoonooka,,
GFN,Clarence Valley Regional Airport,-29.754795,153.031234,medium_airport,Australia,澳大利亚,AU,Grafton,,
GLT,Gladstone Airport,-23.869763,151.225439,medium_airport,Australia,澳大利亚,AU,Gladstone,,
GUL,Goulburn Airport,-34.810298919677734,149.7259979248047,medium_airport,Australia,澳大利亚,AU,,,
GLI,Glen Innes Airport,-29.676029,151.691156,medium_airport,Australia,澳大利亚,AU,Glen Innes,,
GPN,Garden Point Airport,-11.399686,130.425568,medium_airport,Australia,澳大利亚,AU,Pirlangimpi,,
GTE,Groote Eylandt Airport,-13.972405,136.458553,medium_airport,Australia,澳大利亚,AU,Groote Eylandt,,
GFF,Griffith Airport,-34.2508010864,146.067001343,medium_airport,Australia,澳大利亚,AU,Griffith,,
HXX,Hay Airport,-34.531399,144.830002,medium_airport,Australia,澳大利亚,AU,,,
HVB,Hervey Bay Airport,-25.320127,152.880662,medium_airport,Australia,澳大利亚,AU,Hervey Bay,,
HID,Horn Island Airport,-10.585636,142.29277,medium_airport,Australia,澳大利亚,AU,Horn,,
HCQ,Halls Creek Airport,-18.2339,127.669998,medium_airport,Australia,澳大利亚,AU,,,
HLT,Hamilton Airport,-37.64889907836914,142.06500244140625,medium_airport,Australia,澳大利亚,AU,,,
HOK,Hooker Creek Airport,-18.3367004395,130.638000488,small_airport,Australia,澳大利亚,AU,Lajamanu,,
MHU,Mount Hotham Airport,-37.0475006104,147.333999634,medium_airport,Australia,澳大利亚,AU,Mount Hotham,,
HTU,Hopetoun Airport,-35.715302,142.360001,medium_airport,Australia,澳大利亚,AU,,,
HSM,Horsham Airport,-36.669700622558594,142.17300415039062,medium_airport,Australia,澳大利亚,AU,,,
HGD,Hughenden Airport,-20.815001,144.225006,small_airport,Australia,澳大利亚,AU,Hughenden,,
IVR,Inverell Airport,-29.888299942,151.143997192,medium_airport,Australia,澳大利亚,AU,Inverell,,
JCK,Julia Creek Airport,-20.66830062866211,141.72300720214844,small_airport,Australia,澳大利亚,AU,,,
KQR,Karara Airport,-29.217223,116.687154,small_airport,Australia,澳大利亚,AU,Karara,,
KAX,Kalbarri Airport,-27.692813,114.259169,small_airport,Australia,澳大利亚,AU,Kalbarri,,
KRA,Kerang Airport,-35.751399993896484,143.93899536132812,medium_airport,Australia,澳大利亚,AU,,,
KNS,King Island Airport,-39.877498626708984,143.8780059814453,medium_airport,Australia,澳大利亚,AU,,,
KFG,Kalkgurung Airport,-17.431900024414062,130.80799865722656,small_airport,Australia,澳大利亚,AU,,,
KRB,Karumba Airport,-17.45669937133789,140.8300018310547,small_airport,Australia,澳大利亚,AU,,,
KPS,Kempsey Airport,-31.07232,152.765313,medium_airport,Australia,澳大利亚,AU,,,
KWM,Kowanyama Airport,-15.485369,141.752572,medium_airport,Australia,澳大利亚,AU,Kowanyama,,
KGY,Kingaroy Airport,-26.581077,151.839927,medium_airport,Australia,澳大利亚,AU,,,
KGC,Kingscote Airport,-35.71390151977539,137.52099609375,medium_airport,Australia,澳大利亚,AU,,,
KUG,Kubin Island Airport,-10.22648,142.219619,small_airport,Australia,澳大利亚,AU,Kubin Island,,
LGH,Leigh Creek Airport,-30.598301,138.425995,medium_airport,Australia,澳大利亚,AU,,,
LNO,Leonora Airport,-28.87809944152832,121.31500244140625,medium_airport,Australia,澳大利亚,AU,Leonora,,
LEL,Lake Evella Airport,-12.498900413513184,135.80599975585938,small_airport,Australia,澳大利亚,AU,,,
LDH,Lord Howe Island Airport,-31.538204,159.07546,small_airport,Australia,澳大利亚,AU,Lord Howe Island,,
IRG,Lockhart River Airport,-12.7869,143.304993,medium_airport,Australia,澳大利亚,AU,Lockhart River,,
LSY,Lismore Airport,-28.830689,153.258419,medium_airport,Australia,澳大利亚,AU,Lismore,,
LHG,Lightning Ridge Airport,-29.452857,147.977146,medium_airport,Australia,澳大利亚,AU,,,
LRE,Longreach Airport,-23.43202,144.277492,medium_airport,Australia,澳大利亚,AU,Longreach,,
LER,Leinster Airport,-27.843299865722656,120.7030029296875,medium_airport,Australia,澳大利亚,AU,,,
LVO,Laverton Airport,-28.614267,122.428673,small_airport,Australia,澳大利亚,AU,Laverton,,
TGN,Latrobe Valley Airport,-38.211004,146.470817,medium_airport,Australia,澳大利亚,AU,Morwell,,"Traralgon, Morwell"
UBB,Mabuiag Island Airport,-9.950168,142.19523,small_airport,Australia,澳大利亚,AU,Mabuiag Island,,
MYI,Murray Island Airport,-9.915105,144.054644,small_airport,Australia,澳大利亚,AU,Murray Island,,"Mer Island, Maer Island"
AVV,Melbourne Avalon International Airport,-38.040269,144.467196,large_airport,Australia,澳大利亚,AU,Geelong/Melbourne,,"Lara, Geelong"
ABX,Albury Airport,-36.066758,146.959148,medium_airport,Australia,澳大利亚,AU,East Albury,,
MRG,Mareeba Airport,-17.070277,145.424228,medium_airport,Australia,澳大利亚,AU,Mareeba,,
DGE,Mudgee Airport,-32.564794,149.609452,medium_airport,Australia,澳大利亚,AU,Mudgee,,
MKR,Meekatharra Airport,-26.6117000579834,118.5479965209961,medium_airport,Australia,澳大利亚,AU,,,
MEB,Melbourne Essendon Airport,-37.7281,144.901993,medium_airport,Australia,澳大利亚,AU,Essendon Fields,,
MIM,Merimbula Airport,-36.9085998535,149.901000977,medium_airport,Australia,澳大利亚,AU,Merimbula,,
MGT,Milingimbi Airport,-12.0944004059,134.893997192,small_airport,Australia,澳大利亚,AU,Milingimbi Island,,
MNG,Maningrida Airport,-12.0560998917,134.23399353,medium_airport,Australia,澳大利亚,AU,Maningrida,,
HBA,Hobart International Airport,-42.837032,147.513022,large_airport,Australia,澳大利亚,AU,Hobart,Hobart (Cambridge),
MCV,McArthur River Mine Airport,-16.4424991608,136.083999634,small_airport,Australia,澳大利亚,AU,McArthur River Mine,,
MQL,Mildura Airport,-34.229198455799995,142.085998535,medium_airport,Australia,澳大利亚,AU,Mildura,,
LST,Launceston Airport,-41.544935,147.210785,medium_airport,Australia,澳大利亚,AU,Launceston,Launceston (Western Junction),
MBW,Melbourne Moorabbin Airport,-37.977765,145.099799,medium_airport,Australia,澳大利亚,AU,Melbourne,,Harry Hawker Airport
MEL,Melbourne Airport,-37.670732,144.837898,large_airport,Australia,澳大利亚,AU,Melbourne,,"Melbourne International, Tullamarine"
WME,Mount Keith Airport,-27.28733,120.554937,medium_airport,Australia,澳大利亚,AU,,,
MMG,Mount Magnet Airport,-28.116100311279297,117.84200286865234,medium_airport,Australia,澳大利亚,AU,,,
MRZ,Moree Airport,-29.498899459799997,149.845001221,medium_airport,Australia,澳大利亚,AU,Moree,,
MOV,Moranbah Airport,-22.057800293,148.07699585,medium_airport,Australia,澳大利亚,AU,Moranbah,,
RRE,Marree Airport,-29.6633,138.065002,medium_airport,Australia,澳大利亚,AU,,,
MYA,Moruya Airport,-35.8978004456,150.143997192,medium_airport,Australia,澳大利亚,AU,Moruya,,RAAF Moruya
MGB,Mount Gambier Airport,-37.744382,140.780561,medium_airport,Australia,澳大利亚,AU,Mount Gambier,,
ONG,Mornington Island Airport,-16.662500381469727,139.17799377441406,small_airport,Australia,澳大利亚,AU,,,
NRA,Narrandera Airport,-34.7022018433,146.511993408,medium_airport,Australia,澳大利亚,AU,Narrandera,,
NAA,Narrabri Airport,-30.3192005157,149.82699585,medium_airport,Australia,澳大利亚,AU,Narrabri,,
RPM,Ngukurr Airport,-14.7228,134.746994,medium_airport,Australia,澳大利亚,AU,Roper River,,
ABM,Northern Peninsula Airport,-10.946194,142.455081,small_airport,Australia,澳大利亚,AU,Bamaga,,"YBAM, Bamaga Airport, Bamaga Injinoo Airport, Somerset"
QRM,Narromine Airport,-32.214699,148.225006,medium_airport,Australia,澳大利亚,AU,,,
NTN,Normanton Airport,-17.68409,141.069664,medium_airport,Australia,澳大利亚,AU,Normanton,,
ZNE,Newman Airport,-23.417800903299998,119.803001404,medium_airport,Australia,澳大利亚,AU,Newman,,
OLP,Olympic Dam Airport,-30.483861,136.876699,small_airport,Australia,澳大利亚,AU,Olympic Dam,,
OAG,Orange Airport,-33.382014,149.131262,medium_airport,Australia,澳大利亚,AU,Orange,,
ADL,Adelaide International Airport,-34.947512,138.533393,large_airport,Australia,澳大利亚,AU,Adelaide,,
PUG,Port Augusta Airport,-32.506900787353516,137.7169952392578,medium_airport,Australia,澳大利亚,AU,,,
PMK,Palm Island Airport,-18.755301,146.580994,small_airport,Australia,澳大利亚,AU,,,
PBO,Paraburdoo Airport,-23.1711006165,117.745002747,medium_airport,Australia,澳大利亚,AU,Paraburdoo,,
CCK,Cocos (Keeling) Islands Airport,-12.192218,96.834103,large_airport,Cocos (Keeling) Islands,科科斯群岛,CC,West Island,,
DRW,Darwin International Airport / RAAF Darwin,-12.41497,130.88185,large_airport,Australia,澳大利亚,AU,Darwin,,
GOV,Gove Airport,-12.269399642899998,136.817993164,medium_airport,Australia,澳大利亚,AU,Nhulunbuy,,
PPI,Port Pirie Airport,-33.238899,137.994995,medium_airport,Australia,澳大利亚,AU,,,
JAD,Perth Jandakot Airport,-32.09749984741211,115.88099670410156,medium_airport,Australia,澳大利亚,AU,Perth,,
KTA,Karratha Airport,-20.712200164799995,116.773002625,medium_airport,Australia,澳大利亚,AU,Karratha,,
KGI,Kalgoorlie Boulder Airport,-30.791543,121.464586,medium_airport,Australia,澳大利亚,AU,Broadwood,,
PKE,Parkes Airport,-33.131401062,148.238998413,medium_airport,Australia,澳大利亚,AU,Parkes,,
PKT,Port Keats Airport,-14.249701,129.529538,medium_airport,Australia,澳大利亚,AU,Wadeye,,
KNX,East Kimberley Regional (Kununurra) Airport,-15.7781,128.707993,medium_airport,Australia,澳大利亚,AU,Kununurra,,
PLO,Port Lincoln Airport,-34.6053009033,135.880004883,medium_airport,Australia,澳大利亚,AU,Port Lincoln,,
LEA,Learmonth Airport,-22.235201,114.090024,medium_airport,Australia,澳大利亚,AU,Exmouth,,RAAF Learmonth
PXH,Prominent Hill Airport,-29.716,135.5244,small_airport,Australia,澳大利亚,AU,Mount Eba,,
EDR,Pormpuraaw Airport,-14.896451,141.60908,small_airport,Australia,澳大利亚,AU,Pormpuraaw,,Edward River Airport
PQQ,Port Macquarie Airport,-31.4358005524,152.863006592,medium_airport,Australia,澳大利亚,AU,Port Macquarie,,
PTJ,Portland Airport,-38.31809997558594,141.4709930419922,medium_airport,Australia,澳大利亚,AU,,,
PHE,Port Hedland International Airport,-20.382787,118.629789,large_airport,Australia,澳大利亚,AU,Port Hedland,,
PER,Perth International Airport,-31.94029998779297,115.96700286865234,large_airport,Australia,澳大利亚,AU,Perth,,
KTR,Tindal Airport,-14.521100044250488,132.3780059814453,medium_airport,Australia,澳大利亚,AU,,,RAAF Base Tindal
XCH,Christmas Island International Airport,-10.450387,105.6911,medium_airport,Christmas Island,圣诞岛,CX,Flying Fish Cove,,
ULP,Quilpie Airport,-26.609176,144.253746,medium_airport,Australia,澳大利亚,AU,,,
RMK,Renmark Airport,-34.1964,140.673996,medium_airport,Australia,澳大利亚,AU,,,
RCM,Richmond Airport,-20.701900482177734,143.11500549316406,small_airport,Australia,澳大利亚,AU,,,RAAF Base Richmond
RAM,Ramingining Airport,-12.356399536132812,134.8979949951172,small_airport,Australia,澳大利亚,AU,,,
RMA,Roma Airport,-26.545000076300003,148.774993896,medium_airport,Australia,澳大利亚,AU,Roma,,
BWU,Sydney Bankstown Airport,-33.923618,150.990792,medium_airport,Australia,澳大利亚,AU,Sydney,,
CBR,Canberra Airport,-35.3069,149.195007,medium_airport,Australia,澳大利亚,AU,Canberra,,RAAF Base Fairbairn
CDU,Camden Airport,-34.038338,150.686406,medium_airport,Australia,澳大利亚,AU,Cobbitty,,
DBO,Dubbo City Regional Airport,-32.2167015076,148.574996948,medium_airport,Australia,澳大利亚,AU,Dubbo,,
SGO,St George Airport,-28.049699783325195,148.59500122070312,small_airport,Australia,澳大利亚,AU,,,
MJK,Shark Bay Airport,-25.897294,113.575802,medium_airport,Australia,澳大利亚,AU,Denham,,Monkey Mia Airport
WOL,Shellharbour Airport,-34.5611,150.789001,medium_airport,Australia,澳大利亚,AU,Albion Park Rail,,"YWOL, RAAF Albion Park, Illawarra Regional Airport, Albion Park Aerodrome, Wollongong Airport"
SHT,Shepparton Airport,-36.428341,145.391473,medium_airport,Australia,澳大利亚,AU,,,
SBR,Saibai Island Airport,-9.37833,142.625,small_airport,Australia,澳大利亚,AU,Saibai Island,,
SIO,Smithton Airport,-40.834999084472656,145.08399963378906,medium_airport,Australia,澳大利亚,AU,,,
SNB,Snake Bay Airport,-11.417674,130.648481,medium_airport,Australia,澳大利亚,AU,Milikapiti,,"YSNB, Austin Strip, RAAF Melville Island"
NLK,Norfolk Island International Airport,-29.041759,167.939474,medium_airport,Norfolk Island,诺福克岛,NF,Burnt Pine,,
NOA,Naval Air Station Nowra - HMAS Albatross,-34.9466,150.542451,medium_airport,Australia,澳大利亚,AU,Nowra Hill,,
XRH,RAAF Base Richmond,-33.604652,150.783051,medium_airport,Australia,澳大利亚,AU,Richmond,,military
SYD,Sydney Kingsford Smith International Airport,-33.946098,151.177002,large_airport,Australia,澳大利亚,AU,Sydney,Sydney (Mascot),"Kingsford Smith, Mascot, RAAF Station Mascot"
TMW,Tamworth Airport,-31.077898,150.845484,medium_airport,Australia,澳大利亚,AU,Tamworth,,
WGA,Wagga Wagga Airport,-35.163484,147.46832,medium_airport,Australia,澳大利亚,AU,Forest Hill,,RAAF Base Wagga
SWH,Swan Hill Airport,-35.37580108642578,143.5330047607422,medium_airport,Australia,澳大利亚,AU,,,
SWC,Stawell Airport,-37.07170104980469,142.74099731445312,medium_airport,Australia,澳大利亚,AU,,,
TEF,Telfer Airport,-21.715,122.228996,medium_airport,Australia,澳大利亚,AU,,,
TEM,Temora Airport,-34.421398,147.511993,medium_airport,Australia,澳大利亚,AU,Temora,,
XTG,Thargomindah Airport,-27.986368,143.812065,medium_airport,Australia,澳大利亚,AU,Thargomindah,,
TYB,Tibooburra Airport,-29.451099,142.057999,medium_airport,Australia,澳大利亚,AU,,,
TUM,Tumut Aerodrome,-35.26832,148.240526,medium_airport,Australia,澳大利亚,AU,Tumut,,Bombowlee
THG,Thangool Airport,-24.494863,150.577967,medium_airport,Australia,澳大利亚,AU,Biloela,,
TCA,Tennant Creek Airport,-19.6343994140625,134.18299865722656,medium_airport,Australia,澳大利亚,AU,Tennant Creek,,
TRO,Taree Airport,-31.888599,152.514008,medium_airport,Australia,澳大利亚,AU,Taree,,
SYU,Warraber Island Airport,-10.20829963684082,142.8249969482422,small_airport,Australia,澳大利亚,AU,Sue Islet,,
WNR,Windorah Airport,-25.410641,142.668428,medium_airport,Australia,澳大利亚,AU,Windorah,,
WGT,Wangaratta Airport,-36.417914,146.306896,medium_airport,Australia,澳大利亚,AU,Laceby,,
WYA,Whyalla Airport,-33.05889892578125,137.51400756835938,medium_airport,Australia,澳大利亚,AU,Whyalla,,
WKB,Warracknabeal Airport,-36.32109832763672,142.41900634765625,medium_airport,Australia,澳大利亚,AU,,,
WGE,Walgett Airport,-30.032801,148.126007,medium_airport,Australia,澳大利亚,AU,,,
NTL,Newcastle Airport,-32.796114,151.835025,large_airport,Australia,澳大利亚,AU,Williamtown,,"RAAF Base Williamtown, Williamtown Airport"
WUN,Wiluna Airport,-26.632691,120.221906,medium_airport,Australia,澳大利亚,AU,,,
SXE,West Sale Airport,-38.090827,146.965335,medium_airport,Australia,澳大利亚,AU,Sale,,
WIN,Winton Airport,-22.36359977722168,143.08599853515625,medium_airport,Australia,澳大利亚,AU,,,
WWY,West Wyalong Airport,-33.9371986389,147.190994263,medium_airport,Australia,澳大利亚,AU,West Wyalong,,
BWT,Wynyard Airport,-40.997039,145.726,medium_airport,Australia,澳大利亚,AU,Burnie,,
OKR,Yorke Island Airport,-9.752801,143.405673,small_airport,Australia,澳大利亚,AU,Yorke Island,,Masig Island
XMY,Yam Island Airport,-9.899187,142.774265,small_airport,Australia,澳大利亚,AU,Yam Island,,
NGA,Young Airport,-34.255576,148.247118,medium_airport,Australia,澳大利亚,AU,,,
KKI,Akiachak Airport,60.913809,-161.493329,small_airport,United States of America,美国,US,Akiachak,,
KBC,Birch Creek Airport,66.2740020752,-145.824005127,small_airport,United States of America,美国,US,Birch Creek,,
PEK,Beijing Capital International Airport,40.077349,116.596702,large_airport,China,中华人民共和国,CN,Beijing,,"BJS, Beijing, Peking, 北京, 北京首都国际机场, 北京首都机场, 北京机场"
PKX,Beijing Daxing International Airport,39.501289,116.413967,large_airport,China,中华人民共和国,CN,Beijing,,
CDE,Chengde Puning Airport,41.1225,118.073889,medium_airport,China,中华人民共和国,CN,Chengde,,
CIF,Chifeng Yulong Airport,42.159723,118.840971,medium_airport,China,中华人民共和国,CN,Chifeng,,
CIH,Changzhi Wangcun Airport,36.247501,113.125999,small_airport,China,中华人民共和国,CN,Changzhi,,
BPE,Qinhuangdao Beidaihe Airport,39.666384,119.061384,medium_airport,China,中华人民共和国,CN,Qinhuangdao,Qinhuangdao (Changli),
DSN,Ordos Ejin Horo International Airport,39.493514,109.8599,large_airport,China,中华人民共和国,CN,Ordos,,"Dongsheng, 鄂尔多斯"
DAT,Datong Yungang International Airport,40.06139,113.480509,large_airport,China,中华人民共和国,CN,Datong,,
ERL,Erenhot Saiwusu International Airport,43.424079,112.091081,medium_airport,China,中华人民共和国,CN,Erenhot,,Saiwusu Airport
YIE,Arxan Yi'ershi Airport,47.3106,119.9117,medium_airport,China,中华人民共和国,CN,Arxan,,
HDG,Handan Airport,36.524824,114.424126,medium_airport,China,中华人民共和国,CN,Handan,,Handan Matou Airport
HET,Hohhot Baita International Airport,40.849658,111.824598,large_airport,China,中华人民共和国,CN,Hohhot,,
HUO,Holingol Huolinhe Airport,45.487222,119.407222,medium_airport,China,中华人民共和国,CN,Holingol,,
HLD,Hulunbuir Hailar Airport,49.208616,119.822301,large_airport,China,中华人民共和国,CN,Hailar,,Hailar Dongshan
LFQ,Linfen Yaodu Airport,36.132629,111.641236,medium_airport,China,中华人民共和国,CN,Linfen,Linfen (Yaodu),Qiaoli
LLV,Lüliang Dawu Airport,37.683333,111.142778,medium_airport,China,中华人民共和国,CN,Lüliang,,
NZH,Manzhouli Xijiao Airport,49.566667,117.33,medium_airport,China,中华人民共和国,CN,Manzhouli,,
BAV,Baotou Donghe International Airport,40.560001,109.997002,large_airport,China,中华人民共和国,CN,Baotou,,"Erliban, 包头东河"
SZH,Shuozhou Zirun Airport,39.273241,112.691552,medium_airport,China,中华人民共和国,CN,Shuozhou,,朔州滋润机场
SJW,Shijiazhuang Zhengding International Airport,38.280701,114.696999,large_airport,China,中华人民共和国,CN,Shijiazhuang,,Daguocun
TVS,Tangshan Sannühe Airport,39.7178,118.002625,small_airport,China,中华人民共和国,CN,Tangshan,Tangshan (Fengrun),"Tangshan Air Base, 唐山三女河机场"
TSN,Tianjin Binhai International Airport,39.124401092499994,117.346000671,large_airport,China,中华人民共和国,CN,Tianjin,,
TGO,Tongliao Airport,43.556702,122.199997,medium_airport,China,中华人民共和国,CN,Tongliao,,
UCB,Ulanqab Jining Airport,41.130266,113.107274,medium_airport,China,中华人民共和国,CN,Ulanqab,,
WUA,Wuhai Airport,39.7934,106.7993,medium_airport,China,中华人民共和国,CN,Wuhai,,乌海机场
HLH,Ulanhot Yilelite Airport,46.195333,122.008333,small_airport,China,中华人民共和国,CN,Ulanhot,,
XIL,Xilinhot Airport,43.91559982299805,115.96399688720703,medium_airport,China,中华人民共和国,CN,Xilinhot,,
WUT,Xinzhou Wutaishan Airport,38.597456,112.969173,small_airport,China,中华人民共和国,CN,Xinzhou,,
YCU,Yuncheng Yanhu International Airport,35.117823,111.034023,large_airport,China,中华人民共和国,CN,Yuncheng,Yuncheng (Yanhu),Yuncheng Guangong Airport
TYN,Taiyuan Wusu International Airport,37.746899,112.627998,large_airport,China,中华人民共和国,CN,Taiyuan,,
RLK,Bayannur Tianjitai Airport,40.926358,107.74093,medium_airport,China,中华人民共和国,CN,Bayannur,,
ZQZ,Zhangjiakou Ningyuan Airport,40.738664,114.933395,medium_airport,China,中华人民共和国,CN,Zhangjiakou,,"Zhangjiakou Air Base, 张家口宁远机场, ZZHA, 张家口"
NZL,Zhalantun Genghis Khan Airport,47.865942,122.768662,medium_airport,China,中华人民共和国,CN,Zhalantun,,Chengjisihan
BHY,Beihai Fucheng Airport,21.538659,109.293683,medium_airport,China,中华人民共和国,CN,Beihai,,北海，北海福成机场
AEB,Baise (Bose) Bama Airport,23.7206,106.959999,medium_airport,China,中华人民共和国,CN,Baise,Baise (Tianyang),"Tian Yang Air Base, Bose airport, 百色右江机场"
CGD,Changde Taohuayuan Airport,28.9189,111.639999,medium_airport,China,中华人民共和国,CN,Changde,Changde (Dingcheng),
HJJ,Huaihua Zhijiang Airport,27.443087,109.704666,medium_airport,China,中华人民共和国,CN,Huaihua,,Chihkiang Airfield
HCZ,Chenzhou Beihu Airport,25.753419,112.845404,medium_airport,China,中华人民共和国,CN,Chenzhou,,
DYG,Zhangjiajie Hehua International Airport,29.104749,110.442786,large_airport,China,中华人民共和国,CN,Zhangjiajie,Zhangjiajie (Yongding),"Dayong Airport, 张家界, 张家界荷花国际机场，荷花"
FUO,Foshan Shadi Airport,23.0825,113.070833,medium_airport,China,中华人民共和国,CN,Foshan,Foshan (Nanhai),Guangzhou Shadi Air Base
CAN,Guangzhou Baiyun International Airport,23.392401,113.299004,large_airport,China,中华人民共和国,CN,Guangzhou,Guangzhou (Huadu),
CSX,Changsha Huanghua International Airport,28.189199,113.220001,large_airport,China,中华人民共和国,CN,Changsha,Changsha (Changsha),长沙黄花国际机场
HCJ,Hechi Jinchengjiang Airport,24.804344,107.710819,medium_airport,China,中华人民共和国,CN,Hechi,Hechi (Jinchengjiang),
HNY,Hengyang Nanyue Airport,26.72208,112.617958,small_airport,China,中华人民共和国,CN,Hengyang,,
HUZ,Huizhou Pingtan Airport,23.049999,114.599998,medium_airport,China,中华人民共和国,CN,Huizhou,Huizhou (Pingtan),"Huiyang Air Base, Pingtan Airport"
KWL,Guilin Liangjiang International Airport,25.219828,110.039553,large_airport,China,中华人民共和国,CN,Guilin,Guilin (Lingui),
LLF,Yongzhou Lingling Airport,26.338661,111.610043,medium_airport,China,中华人民共和国,CN,Yongzhou,,
MXZ,Meizhou Meixian Changgangji International Airport,24.263425,116.097857,small_airport,China,中华人民共和国,CN,Meizhou,Meizhou (Meixian),
NNG,Nanning Wuxu International Airport,22.598071,108.181922,large_airport,China,中华人民共和国,CN,Nanning,Nanning (Jiangnan),"南宁吴圩机场, Nanning Wuxu Air Base"
SWA,Jieyang Chaoshan International Airport,23.552,116.5033,large_airport,China,中华人民共和国,CN,Jieyang,Jieyang (Rongcheng),
ZUH,Zhuhai Jinwan Airport,22.006399,113.375999,large_airport,China,中华人民共和国,CN,Zhuhai,Zhuhai (Jinwan),"珠海, 珠海金湾机场, 珠海三灶机场, Sanzao Airport"
WGN,Shaoyang Wugang Airport,26.806123,110.641042,medium_airport,China,中华人民共和国,CN,Shaoyang,Shaoyang (Wugang),
SZX,Shenzhen Bao'an International Airport,22.639474,113.803262,large_airport,China,中华人民共和国,CN,Shenzhen,,"Baoan, Huangtian Airport, 深圳, 深圳宝安国际机场"
WUZ,Wuzhou Xijiang Airport,23.40316,111.09331,medium_airport,China,中华人民共和国,CN,Tangbu,,
DXJ,Xiangxi Biancheng Airport,28.4972,109.5218,small_airport,China,中华人民共和国,CN,Xiangxi,,
YLX,Yulin Fumian Airport,22.433042,110.119996,medium_airport,China,中华人民共和国,CN,Yulin,,
YYA,Yueyang Sanhe Airport,29.311699,113.281574,medium_airport,China,中华人民共和国,CN,Yueyang,Yueyang (Yueyanglou),
LZH,Liuzhou Bailian Airport / Bailian Air Base,24.2075,109.390999,medium_airport,China,中华人民共和国,CN,Liuzhou,Liuzhou (Liujiang),Liujiang-Liuzhou Air Base
ZHA,Zhanjiang Wuchuan International Airport,21.481667,110.590278,large_airport,China,中华人民共和国,CN,Zhanjiang,,
CGO,Zhengzhou Xinzheng International Airport,34.526497,113.849165,large_airport,China,中华人民共和国,CN,Zhengzhou,,Xinzheng Airport
EHU,Ezhou Huahu International Airport,30.341178,115.03926,large_airport,China,中华人民共和国,CN,Ezhou,,"EHU, ZHEC"
ENH,Enshi Xujiaping Airport,30.320299,109.485001,medium_airport,China,中华人民共和国,CN,Enshi,Enshi (Enshi),
LHK,Guangzhou MR Air Base / Guanghua Airport,32.38866,111.69425,medium_airport,China,中华人民共和国,CN,Xiangyang,Xiangyang (Laohekou),Guangzhou MR Air Base
WUH,Wuhan Tianhe International Airport,30.774798,114.213723,large_airport,China,中华人民共和国,CN,Wuhan,Wuhan (Huangpi),
SHS,Jingzhou Shashi Airport,30.29281,112.44854,medium_airport,China,中华人民共和国,CN,Jingzhou,Jingzhou (Shashi),
LYA,Luoyang Beijiao Airport,34.7411,112.388,large_airport,China,中华人民共和国,CN,Luoyang,Luoyang (Laocheng),
NNY,Nanyang Jiangying Airport,32.982696,112.617467,small_airport,China,中华人民共和国,CN,Nanyang,Nanyang (Wancheng),
HQQ,Anyang Hongqiqu Airport,35.870833,114.461944,small_airport,China,中华人民共和国,CN,Anyang,,
HPG,Shennongjia Hongping Airport,31.626,110.34,medium_airport,China,中华人民共和国,CN,Shennongjia,Shennongjia (Hongping),
WDS,Shiyan Wudangshan Airport,32.592889,110.906296,medium_airport,China,中华人民共和国,CN,Shiyan,Shiyan (Maojian),
XFN,Xiangyang Liuji Airport,32.152222,112.291666,medium_airport,China,中华人民共和国,CN,Xiangyang,Xiangyang (Xiangzhou),"Xiangyang,Xiangfan"
XAI,Xinyang Minggang Airport,32.540819,114.079141,medium_airport,China,中华人民共和国,CN,Xinyang,,"Queshan Air Base, 信阳明港机场"
YIH,Yichang Sanxia Airport,30.554132,111.482563,medium_airport,China,中华人民共和国,CN,Yichang,Yichang (Xiaoting),
HAK,Haikou Meilan International Airport,19.9349,110.459,large_airport,China,中华人民共和国,CN,Haikou,Haikou (Meilan),ZGHK
BAR,Qionghai Bo'ao Airport,19.140951,110.452766,medium_airport,China,中华人民共和国,CN,Qionghai,Qionghai (Basuo),
SYX,Sanya Phoenix International Airport,18.3029,109.412003,large_airport,China,中华人民共和国,CN,Sanya,Sanya (Tianya),
RGO,Orang (Chongjin) Airport,41.428538,129.647555,medium_airport,North Korea,朝鲜民主主义人民共和国,KP,Hoemun-ri,,"K-33, Hoemun Airfield"
FNJ,Pyongyang Sunan International Airport,39.224098,125.669998,large_airport,North Korea,朝鲜民主主义人民共和国,KP,Pyongyang,,"North Korea, no commercial flights."
DSO,Sondok Airport,39.745201,127.473999,medium_airport,North Korea,朝鲜民主主义人民共和国,KP,Sŏndŏng-ni,,
WOS,Wonsan Kalma Airport,39.165219,127.487931,medium_airport,North Korea,朝鲜民主主义人民共和国,KP,Wonsan,,
AKA,Ankang Fuqiang Airport,32.75696,108.87338,small_airport,China,中华人民共和国,CN,Ankang,Ankang (Hanbin),
DNH,Dunhuang Mogao International Airport,40.161953,94.812827,large_airport,China,中华人民共和国,CN,Dunhuang,,
HXD,Haixi Delingha Airport,37.125286,97.268658,medium_airport,China,中华人民共和国,CN,Delingha,,
GMQ,Golog Maqên Airport,34.418066,100.301144,medium_airport,China,中华人民共和国,CN,Golog,Golog (Maqên),"Guoluo Maqin, Maqên, Maqin"
GOQ,Golmud Airport,36.4006,94.786102,medium_airport,China,中华人民共和国,CN,Golmud,,
GYU,Guyuan Liupanshan Airport,36.078889,106.216944,medium_airport,China,中华人民共和国,CN,Guyuan,Guyuan (Yuanzhou),
HBQ,Haibei Qilian Airport,38.008068,100.645065,small_airport,China,中华人民共和国,CN,Haibei,Haibei (Qilian),
HTT,Huatugou Airport,38.201645,90.837843,medium_airport,China,中华人民共和国,CN,Mengnai,,
HZG,Hanzhong Chenggu Airport,33.133527,107.203817,medium_airport,China,中华人民共和国,CN,Hanzhong,Hanzhong (Chenggu),
INC,Yinchuan Hedong International Airport,38.322758,106.393214,large_airport,China,中华人民共和国,CN,Yinchuan,,"银川, 银川河东国际机场，宁夏"
JIC,Jinchang Jinchuan Airport,38.542222,102.348333,medium_airport,China,中华人民共和国,CN,Jinchang,,
JGN,Jiayuguan International Airport,39.859052,98.339344,large_airport,China,中华人民共和国,CN,Jiayuguan,,
LHW,Lanzhou Zhongchuan International Airport,36.515202,103.620003,large_airport,China,中华人民共和国,CN,Lanzhou,Lanzhou (Yongdeng),"ZGC, Datong Air Base, 兰州中川国际机场"
LNL,Longnan Chengzhou Airport,33.789918,105.790014,medium_airport,China,中华人民共和国,CN,Longnan,Longnan (Cheng),
IQN,Qingyang Xifeng Airport,35.802638,107.598896,medium_airport,China,中华人民共和国,CN,Qingyang,Qingyang (Xifeng),Dingxi Air Base
SIA,Xi'an Xiguan Airport,34.376701,109.120003,medium_airport,China,中华人民共和国,CN,Xi'an,Xi'an (Baqiao),Lintong Air Base
THQ,Tianshui Maijishan Airport,34.5601,105.860343,medium_airport,China,中华人民共和国,CN,Tianshui,Tianshui (Maiji),"Tianshui Air Base, 天水麦积山机场, ZBEE"
GXH,Gannan Xiahe Airport,34.819014,102.622261,medium_airport,China,中华人民共和国,CN,Gannan,Gannan (Xiahe),Hezuo
XNN,Xining Caojiabao International Airport,36.52775,102.040215,large_airport,China,中华人民共和国,CN,Haidong,Haidong (Huzhu Tu Autonomous County),"Caojiabu, Caojiapu"
XIY,Xi'an Xianyang International Airport,34.442207,108.762385,large_airport,China,中华人民共和国,CN,Xi'an,,"西安咸阳国际机场, Xian, Xianyang, Xi'an"
ENY,Yan'an Nanniwan Airport,36.479413,109.464083,medium_airport,China,中华人民共和国,CN,Yan'an,Yan'an (Baota),
UYN,Yulin Yuyang Airport,38.35971,109.590927,medium_airport,China,中华人民共和国,CN,Yulin,,
YUS,Yushu Batang Airport,32.836389,97.036389,medium_airport,China,中华人民共和国,CN,Yushu,Yushu (Batang),
ZHY,Zhongwei Shapotou Airport,37.573125,105.154454,medium_airport,China,中华人民共和国,CN,Zhongwei,Zhongwei (Shapotou),
YZY,Zhangye Ganzhou Airport,38.801899,100.675003,medium_airport,China,中华人民共和国,CN,Zhangye,Zhangye (Ganzhou),"Zhangye Southeast Air Base, 张掖甘州机场"
UMB,Kalumbila Airport,-12.25358,25.44432,medium_airport,Zambia,赞比亚,ZM,Kalumbila,,
AVK,Arvaikheer Airport,46.250301361083984,102.802001953125,medium_airport,Mongolia,蒙古国,MN,Arvaikheer,,
LTI,Altai Airport,46.376399993896484,96.22109985351562,medium_airport,Mongolia,蒙古国,MN,Altai,,
BYN,Bayankhongor Airport,46.1633,100.704002,medium_airport,Mongolia,蒙古国,MN,Bayankhongor,,
UGA,Bulgan Airport,48.85499954223633,103.47599792480469,medium_airport,Mongolia,蒙古国,MN,Bulgan,,
UUN,Baruun Urt Airport,46.660301208496094,113.28500366210938,medium_airport,Mongolia,蒙古国,MN,,,
COQ,Choibalsan Airport,48.135381,114.647231,medium_airport,Mongolia,蒙古国,MN,,,
UBN,Ulaanbaatar Chinggis Khaan International Airport,47.646916,106.819833,large_airport,Mongolia,蒙古国,MN,Ulaanbaatar,Ulaanbaatar (Sergelen),Khöshig Valley
ULZ,Donoi Airport,47.7093,96.5258,small_airport,Mongolia,蒙古国,MN,Uliastai,,New Uliastai Airport
DLZ,Dalanzadgad Airport,43.608628,104.367734,medium_airport,Mongolia,蒙古国,MN,Dalanzadgad,,
HVD,Khovd Airport,47.954102,91.628197,medium_airport,Mongolia,蒙古国,MN,Khovd,,"Hovd, Kobdo"
MXW,Mandalgobi Airport,45.7380981445,106.268997192,small_airport,Mongolia,蒙古国,MN,Mandalgobi,,
MXV,Mörön Airport,49.663677,100.100028,medium_airport,Mongolia,蒙古国,MN,Mörön,,"Muren, Murun"
ULN,Buyant-Ukhaa International Airport,47.843102,106.766998,large_airport,Mongolia,蒙古国,MN,Ulaanbaatar,,Chinggis Khaan International
ULO,Ulaangom Airport,50.066588,91.938273,medium_airport,Mongolia,蒙古国,MN,Ulaangom,,
ULG,Ölgii Mongolei International Airport,48.993301,89.922501,medium_airport,Mongolia,蒙古国,MN,Ölgii,,Ulgii Mongolei
BSD,Baoshan Yunrui Airport,25.053301,99.168297,medium_airport,China,中华人民共和国,CN,Baoshan,Baoshan (Longyang),Baoshan Yunduan Airport
CWJ,Cangyuan Washan Airport,23.276331,99.373169,medium_airport,China,中华人民共和国,CN,Lincang,Lincang (Cangyuan),
DLU,Dali Fengyi Airport,25.649401,100.319,medium_airport,China,中华人民共和国,CN,Dali,Dali (Xiaguan),Dali Air Base
DIG,Diqing Shangri-La Airport,27.7936,99.6772,medium_airport,China,中华人民共和国,CN,Diqing,Diqing (Shangri-La),
JHG,Xishuangbanna Gasa International Airport,21.974648,100.762224,large_airport,China,中华人民共和国,CN,Jinghong,Jinghong (Gasa),Sipsong Panna
JMJ,Lancang Jingmai Airport,22.417733,99.784012,medium_airport,China,中华人民共和国,CN,Pu'er,Pu'er (Lancang),
LNJ,Lincang Boshang Airport,23.7381,100.025002,medium_airport,China,中华人民共和国,CN,Lincang,,Lintsang Airfield
LJG,Lijiang Sanyi International Airport,26.677483,100.244944,large_airport,China,中华人民共和国,CN,Lijiang,,"Yunlong Air Base, 丽江三义机场"
LUM,Dehong Mangshi International Airport,24.4011,98.5317,medium_airport,China,中华人民共和国,CN,Dehong,Dehong (Mangshi),
KMG,Kunming Changshui International Airport,25.110313,102.936743,large_airport,China,中华人民共和国,CN,Kunming,,
SYM,Pu'er Simao Airport,22.793301,100.959,small_airport,China,中华人民共和国,CN,Pu'er,,
WNH,Wenshan Puzhehei Airport,23.5583,104.3255,small_airport,China,中华人民共和国,CN,Wenshan,,
YUA,Yuanmou Air Base,25.737499,101.882004,medium_airport,China,中华人民共和国,CN,Chuxiong,Chuxiong (Yuanmou),
XMN,Xiamen Gaoqi International Airport,24.543889,118.127454,large_airport,China,中华人民共和国,CN,Xiamen,,厦门高崎国际机场
AQG,Anqing Tianzhushan Airport / Anqing North Air Base,30.582199,117.050003,medium_airport,China,中华人民共和国,CN,Anqing,,
BFU,Bengbu Renheji Airport,32.847733,117.320244,medium_airport,China,中华人民共和国,CN,Bengbu,,
CZX,Changzhou Benniu International Airport,31.920485,119.77546,medium_airport,China,中华人民共和国,CN,Changzhou,,
KHN,Nanchang Changbei International Airport,28.864815,115.90271,large_airport,China,中华人民共和国,CN,Nanchang,,
DOY,Dongying Shengli Airport,37.50137,118.789863,medium_airport,China,中华人民共和国,CN,Dongying,Dongying (Kenli),"Dongying Air Base, Dongying Yong'an Airport"
FUG,Fuyang Xiguan Airport,32.882157,115.734364,medium_airport,China,中华人民共和国,CN,"Yingzhou, Fuyang",,
FOC,Fuzhou Changle International Airport,25.929254,119.672524,large_airport,China,中华人民共和国,CN,Fuzhou,Fuzhou (Changle),
KOW,Ganzhou Huangjin Airport,25.853333,114.778889,small_airport,China,中华人民共和国,CN,Ganzhou,,
HGH,Hangzhou Xiaoshan International Airport,30.23609,120.428865,large_airport,China,中华人民共和国,CN,Hangzhou,,"Hang Zhou, 杭州萧山国际机场"
HZA,Heze Mudan Airport,35.212972,115.736748,medium_airport,China,中华人民共和国,CN,Heze,Heze (Dingtao),
JDZ,Jingdezhen Luojia Airport,29.3386,117.176003,medium_airport,China,中华人民共和国,CN,Jingdezhen,,Fouliang Air Base
JNG,Jining Da'an Airport,35.647358,116.743269,medium_airport,China,中华人民共和国,CN,Jining,,济宁大安机场，济宁
JIU,Jiujiang Lushan Airport,29.476944,115.801111,small_airport,China,中华人民共和国,CN,Jiujiang,,Mahuiling Air Base
TNA,Jinan Yaoqiang International Airport,36.857201,117.216003,large_airport,China,中华人民共和国,CN,Jinan,Jinan (Licheng),
JUZ,Quzhou Airport,28.96613,118.898793,medium_airport,China,中华人民共和国,CN,Quzhou,Quzhou (Kezheng),
LYG,Lianyungang Huaguoshan International Airport,34.41406,119.17899,large_airport,China,中华人民共和国,CN,Lianyungang,,
LCX,Liancheng Guanzhishan Airport,25.67592,116.745907,medium_airport,China,中华人民共和国,CN,Longyan,Longyan (Liancheng),"ZBSZ, Liancheng Air Base"
HYN,Taizhou Luqiao Airport,28.562201,121.429001,medium_airport,China,中华人民共和国,CN,Taizhou,Taizhou (Luqiao),
LYI,Linyi Qiyang Airport,35.052918,118.411828,medium_airport,China,中华人民共和国,CN,Linyi,Linyi (Hedong),
NGB,Ningbo Lishe International Airport,29.82670021057129,121.46199798583984,large_airport,China,中华人民共和国,CN,Ningbo,,
NKG,Nanjing Lukou International Airport,31.735032,118.865949,large_airport,China,中华人民共和国,CN,Nanjing,,
NTG,Nantong Xingdong International Airport,32.073566,120.980076,medium_airport,China,中华人民共和国,CN,Nantong,Nantong (Tongzhou),
HFE,Hefei Xinqiao International Airport,31.98779,116.9769,large_airport,China,中华人民共和国,CN,Hefei,,合肥，合肥新桥机场
PVG,Shanghai Pudong International Airport,31.1434,121.805,large_airport,China,中华人民共和国,CN,Shanghai,Shanghai (Pudong),"上海, 上海浦东国际机场, 浦东"
TAO,Qingdao Jiaodong International Airport,36.361953,120.088171,large_airport,China,中华人民共和国,CN,Qingdao,Qingdao (Jiaozhou),
JJN,Quanzhou Jinjiang International Airport,24.795855,118.588599,large_airport,China,中华人民共和国,CN,Quanzhou,,"Jinjiang Air Base, Chin Chiang, Qingyang"
RUG,Rugao Air Base,32.258341,120.501131,medium_airport,China,中华人民共和国,CN,Rugao,Rugao (Nantong),
RIZ,Rizhao Shanzihe Airport,35.405033,119.324403,medium_airport,China,中华人民共和国,CN,Rizhao,Rizhao (Donggang),
HIA,Huai'an Lianshui Airport,33.792712,119.126657,large_airport,China,中华人民共和国,CN,Huai'an,,"Huaian, 淮安, 淮安涟水机场"
SQJ,Sanming Shaxian Airport,26.4263,117.8336,medium_airport,China,中华人民共和国,CN,Sanming,Sanming (Sha),
SQD,Shangrao Sanqingshan Airport,28.3797,117.9643,medium_airport,China,中华人民共和国,CN,Shangrao,Shangrao (Hengfeng),
SHA,Shanghai Hongqiao International Airport,31.198104,121.33426,large_airport,China,中华人民共和国,CN,Shanghai,Shanghai (Minhang),"上海, 上海虹桥, 上海虹桥国际机场"
SZV,Suzhou Guangfu Airport,31.2631,120.401001,medium_airport,China,中华人民共和国,CN,Suzhou,,
TXN,Huangshan Tunxi International Airport,29.733299,118.255997,large_airport,China,中华人民共和国,CN,Huangshan,,
WHA,Wuhu Xuanzhou Airport,31.1045,118.66687,medium_airport,China,中华人民共和国,CN,Wuhu,,
WEF,Weifang Nanyuan Airport,36.646702,119.119003,medium_airport,China,中华人民共和国,CN,Weifang,Weifang (Kuiwen),
WEH,Weihai Dashuibo Airport,37.187099,122.228996,medium_airport,China,中华人民共和国,CN,Weihai,,"Dashuipo, Yancheng Air Base"
WUX,Sunan Shuofang International Airport,31.496952,120.43038,large_airport,China,中华人民共和国,CN,Wuxi,,Wuxi Airport
WUS,Nanping Wuyishan Airport,27.7019,118.000999,medium_airport,China,中华人民共和国,CN,Wuyishan,,
WNZ,Wenzhou Longwan International Airport,27.910572,120.853465,large_airport,China,中华人民共和国,CN,Wenzhou,Wenzhou (Longwan),"温州永强机场, Wenzhou Yongqiang Airport"
XUZ,Xuzhou Guanyin International Airport,34.059056,117.555278,medium_airport,China,中华人民共和国,CN,Xuzhou,,
YTY,Yangzhou Taizhou Airport,32.5634,119.7198,medium_airport,China,中华人民共和国,CN,Yangzhou,,Yangtai Airport
YIC,Yichun Mingyueshan Airport,27.8025,114.3062,medium_airport,China,中华人民共和国,CN,Yichun,,
YNZ,Yancheng Nanyang International Airport,33.428317,120.20545,large_airport,China,中华人民共和国,CN,Yancheng,Yancheng (Tinghu),
YNT,Yantai Penglai International Airport,37.659724,120.978124,large_airport,China,中华人民共和国,CN,Yantai,,
YIW,Yiwu Airport,29.342095,120.03116,large_airport,China,中华人民共和国,CN,Yiwu/Jinhua,,Jinhua
HSN,Zhoushan Putuoshan International Airport,29.933874,122.362307,large_airport,China,中华人民共和国,CN,Zhoushan,,
NGQ,Ngari Gunsa Airport,32.09794,80.053971,medium_airport,China,中华人民共和国,CN,Shiquanhe,,Ali Airport
AVA,Anshun Huangguoshu Airport,26.260556,105.873333,medium_airport,China,中华人民共和国,CN,Anshun,Anshun (Xixiu),
BPX,Qamdo Bangda Airport,30.553600311279297,97.1082992553711,medium_airport,China,中华人民共和国,CN,Bangda,,
BFJ,Bijie Feixiong Airport,27.267066,105.472097,medium_airport,China,中华人民共和国,CN,Bijie,,
CKG,Chongqing Jiangbei International Airport,29.712254,106.651895,large_airport,China,中华人民共和国,CN,Chongqing,,
DZH,Dazhou Jinya Airport,31.048815,107.435646,medium_airport,China,中华人民共和国,CN,Dazhou,Dazhou (Dachuan),
DCY,Daocheng Yading Airport,29.31632,100.060317,medium_airport,China,中华人民共和国,CN,Garzê,Garzê (Daocheng),
DEJ,Tongren Dejiang Airport (Under Construction),28.121,108.1631,medium_airport,China,中华人民共和国,CN,Tongren,,
DAX,Dachuan Airport,31.1302,107.4295,small_airport,China,中华人民共和国,CN,Dazhou,Dazhou (Daxian),Daxian
GHN,Guanghan Airport,30.9485,104.3296,medium_airport,China,中华人民共和国,CN,Deyang,Deyang (Guanghan),Civil Aviation Flight University of China
GYS,Guangyuan Panlong Airport,32.390254,105.694571,medium_airport,China,中华人民共和国,CN,Guangyuan,Guangyuan (Lizhou),
KWE,Guiyang Longdongbao International Airport,26.541805,106.80402,large_airport,China,中华人民共和国,CN,Guiyang,Guiyang (Nanming),"Kaiyang Guiyang Air Base, Guiyang Air Base"
GZG,Garze Gesar Airport,31.7575,99.554167,small_airport,China,中华人民共和国,CN,Garzê,Garzê (Garzê),"Ganzi, Garzê"
AHJ,Hongyuan Airport,32.53154,102.35224,medium_airport,China,中华人民共和国,CN,Ngawa,Ngawa (Hongyuan),Aba
JZH,Jiuzhai Huanglong Airport,32.853333,103.682222,medium_airport,China,中华人民共和国,CN,Ngawa,Ngawa (Songpan),Aba
KGT,Kangding Airport,30.142464,101.73872,medium_airport,China,中华人民共和国,CN,Garzê,Garzê (Kangding),
KJH,Kaili Huangping Airport,26.972,107.988,medium_airport,China,中华人民共和国,CN,Kaili,Kaili  (Huangping),
LLB,Libo Airport,25.4525,107.961667,small_airport,China,中华人民共和国,CN,Qiannan,Qiannan (Libo),
LXA,Lhasa Gonggar International Airport,29.298001,90.911951,large_airport,China,中华人民共和国,CN,Shannan,Shannan (Gonggar),
LZO,Luzhou Yunlong Airport,29.030357,105.468407,medium_airport,China,中华人民共和国,CN,Luzhou,Luzhou (Yunlong),
WMT,Zunyi Maotai Airport,27.961837,106.435416,medium_airport,China,中华人民共和国,CN,Zunyi,,
MIG,Mianyang Nanjiao Airport,31.428101,104.740997,medium_airport,China,中华人民共和国,CN,Mianyang,Mianyang (Fucheng),
NAO,Nanchong Gaoping Airport,30.798104,106.16415,small_airport,China,中华人民共和国,CN,Nanchong,Nanchong (Gaoping),
HZH,Liping Airport,26.32217,109.1499,medium_airport,China,中华人民共和国,CN,Liping,,
LZY,Nyingchi Mainling Airport,29.303301,94.335297,medium_airport,China,中华人民共和国,CN,Nyingchi,Nyingchi (Mainling),"Linzhi, Kang Ko"
LPF,Liupanshui Yuezhao Airport,26.609417,104.979,medium_airport,China,中华人民共和国,CN,Liupanshui,Liupanshui (Zhongshan),
JIQ,Qianjiang Wulingshan Airport,29.5133333333,108.831111111,medium_airport,China,中华人民共和国,CN,Qianjiang,,Zhoubai
RKZ,Xigaze Peace Airport / Shigatse Air Base,29.350876,89.299157,large_airport,China,中华人民共和国,CN,Xigazê,Xigazê (Samzhubzê),
LGZ,Shannan Longzi Airport,28.422422,92.348082,small_airport,China,中华人民共和国,CN,Shannan,,
TCZ,Tengchong Tuofeng Airport,24.938056,98.485833,medium_airport,China,中华人民共和国,CN,Baoshan,Baoshan (Tengchong),
TFU,Chengdu Tianfu International Airport,30.31252,104.441284,large_airport,China,中华人民共和国,CN,Chengdu,Chengdu (Jianyang),
TEN,Tongren Fenghuang Airport,27.883333,109.308889,medium_airport,China,中华人民共和国,CN,Tongren,Tongren (Daxing),
CTU,Chengdu Shuangliu International Airport,30.558257,103.945966,large_airport,China,中华人民共和国,CN,Chengdu,Chengdu (Shuangliu),成都双流国际机场
CQW,Chongqing Xiannüshan Airport,29.465658,107.693664,medium_airport,China,中华人民共和国,CN,Wulong,,
WSK,Chongqing Wushan Airport,31.06896,109.708958,small_airport,China,中华人民共和国,CN,Wushan,,
WXN,Wanzhou Wuqiao Airport,30.8017,108.433,small_airport,China,中华人民共和国,CN,Wanzhou,,
XIC,Xichang Qingshan Airport,27.9891,102.183998,medium_airport,China,中华人民共和国,CN,Liangshan,Liangshan (Xichang),
YBP,Yibin Wuliangye Airport,28.858431,104.526157,medium_airport,China,中华人民共和国,CN,Yibin,Yibin (Cuiping),
ACX,Xingyi Wanfenglin Airport,25.083423,104.960804,medium_airport,China,中华人民共和国,CN,Xingyi,,
PZI,Panzhihua Bao'anying Airport,26.54,101.79852,medium_airport,China,中华人民共和国,CN,Panzhihua,Panzhihua (Renhe),"Xining Air Base, 攀枝花保安营机场"
ZYI,Zunyi Xinzhou Airport,27.810723,107.247189,medium_airport,China,中华人民共和国,CN,Zunyi,,
AKU,Aksu Hongqipo Airport,41.262501,80.291702,medium_airport,China,中华人民共和国,CN,Aksu,Aksu (Onsu),"Ak-su, Akshu, Aqsu, Bharuka, Po-lu-chia, Aksu Wensu Air Base, Onsu"
ACF,Aral Tarim Airport,40.434748,81.26206,small_airport,China,中华人民共和国,CN,Aral,,
AAT,Altay Xuedu Airport,47.749886,88.085808,medium_airport,China,中华人民共和国,CN,Altay,,Altay Air Base
BPL,Bole Alashankou Airport,44.895461,82.30007,medium_airport,China,中华人民共和国,CN,Bole,,
IQM,Qiemo Yudu Airport,38.234516,85.465462,medium_airport,China,中华人民共和国,CN,Qiemo,,"Cherchen, Qarqan"
FYN,Fuyun Koktokay Airport,46.804169,89.512006,medium_airport,China,中华人民共和国,CN,Fuyun,,
HMI,Hami Airport,42.8414,93.669197,medium_airport,China,中华人民共和国,CN,Hami,,"Kumul, Qumul"
SHF,Shihezi Huayuan Airport,44.2421,85.8905,small_airport,China,中华人民共和国,CN,Shihezi,,
KCA,Kuqa Qiuci Airport,41.677856,82.872917,small_airport,China,中华人民共和国,CN,Kuqa,,Kucha
KRL,Korla Licheng Airport,41.614979,86.140817,medium_airport,China,中华人民共和国,CN,Korla,,
KRY,Karamay Airport,45.46655,84.9527,small_airport,China,中华人民共和国,CN,Karamay,,
KJI,Burqin Kanas Airport,48.2223,86.9959,medium_airport,China,中华人民共和国,CN,Burqin,,
DHH,Barkol Dahe Airport,43.756544,93.137164,medium_airport,China,中华人民共和国,CN,Barkol,,"巴里坤大河机场, Balikun"
NLT,Xinyuan Nalati Airport,43.4318,83.3786,medium_airport,China,中华人民共和国,CN,Xinyuan,,
RQA,Ruoqiang Loulan Airport,38.974722,88.008333,medium_airport,China,中华人民共和国,CN,Ruoqiang Town,,
QSZ,Shache Airport,38.24542,77.056149,medium_airport,China,中华人民共和国,CN,Shache,,"Yarkant, Yeerqiang"
KHG,Kashgar Laining International Airport,39.542273,76.02023,large_airport,China,中华人民共和国,CN,Kashgar,,"Kashi Airport, 	喀什徕宁国际机场, 喀什机场"
SXJ,Shanshan Airport,42.911701,90.247498,medium_airport,China,中华人民共和国,CN,Shanshan,,
TCG,Tacheng Qianquan Airport,46.672501,83.340797,small_airport,China,中华人民共和国,CN,Tacheng,,
TLQ,Turpan Jiaohe Airport,43.0308,89.0987,medium_airport,China,中华人民共和国,CN,Turpan,,
HTN,Hotan Airport,37.03850173950195,79.86489868164062,medium_airport,China,中华人民共和国,CN,Hotan,,"Khotan, Heitan Air Base"
URC,Ürümqi Tianshan International Airport,43.913584,87.479372,large_airport,China,中华人民共和国,CN,Ürümqi,,"Urumqi Diwopu Airport, Diwopu, 乌鲁木齐天山国际机场, 乌鲁木齐, 乌鲁木齐地窝堡机场"
YIN,Ili Yining International Airport,43.955799,81.330299,medium_airport,China,中华人民共和国,CN,Ili,Ili (Yining / Ghulja),"Ghulja, Ili"
YTW,Yutian Wanfang Airport,36.8085,81.7827,small_airport,China,中华人民共和国,CN,Hotan,Hotan (Yutian),
AOG,Anshan Teng'ao Airport / Anshan Air Base,41.105301,122.853996,medium_airport,China,中华人民共和国,CN,Anshan,,
DBC,Baicheng Chang'an Airport,45.505278,123.019722,medium_airport,China,中华人民共和国,CN,Baicheng,,
NBS,Changbaishan Airport,42.066944,127.602222,medium_airport,China,中华人民共和国,CN,Baishan,,
CGQ,Changchun Longjia International Airport,43.996201,125.684998,large_airport,China,中华人民共和国,CN,Changchun,,
CNI,Changhai Dachangshandao Airport,39.266441,122.66696,small_airport,China,中华人民共和国,CN,Dalian,Dalian (Changhai),
CHG,Chaoyang Airport,41.538101,120.434998,medium_airport,China,中华人民共和国,CN,"Shuangta, Chaoyang",,
DDG,Dandong Langtou International Airport,40.025453,124.28669,medium_airport,China,中华人民共和国,CN,Dandong,Dandong (Zhenxing),
DQA,Daqing Sartu Airport,46.750883,125.138642,small_airport,China,中华人民共和国,CN,Daqing,,
DTU,Wudalianchi Dedu Airport,48.441037,126.128374,medium_airport,China,中华人民共和国,CN,Heihe,,
FYJ,Fuyuan Dongji Airport,48.197219,134.36298,medium_airport,China,中华人民共和国,CN,Fuyuan,,
HRB,Harbin Taiping International Airport,45.623402,126.25,large_airport,China,中华人民共和国,CN,Harbin,,
HEK,Heihe Aihui Airport,50.171621,127.308884,medium_airport,China,中华人民共和国,CN,Heihe,,
JGD,Daxing'anling Elunchun Airport,50.371389,124.1175,medium_airport,China,中华人民共和国,CN,Jiagedaqi,,"Jagdaqi, Jiagedaqi"
JMU,Jiamusi Songjiang International Airport,46.842793,130.46426,medium_airport,China,中华人民共和国,CN,Jiamusi,,"Jiamusi Dongjiao Airport, 佳木斯, 佳木斯东郊机场, 佳木斯松江机场"
JSJ,Jiansanjiang Shidi Airport,47.108248,132.65792,medium_airport,China,中华人民共和国,CN,Jiansanjiang,,
JXA,Jixi Xingkaihu Airport,45.293,131.193,medium_airport,China,中华人民共和国,CN,Jixi,,
JNZ,Jinzhou Bay Airport,40.936032,121.277114,medium_airport,China,中华人民共和国,CN,Jinzhou,Jinzhou (Linghai),
LDS,Yichun Lindu Airport,47.752056,129.019125,medium_airport,China,中华人民共和国,CN,Yichun,,Yichun Shi Airport
MDG,Mudanjiang Hailang International Airport,44.525172,129.568634,medium_airport,China,中华人民共和国,CN,Mudanjiang,,Mudanjiang
OHE,Mohe Gulian Airport,52.916871,122.422759,medium_airport,China,中华人民共和国,CN,Mohe,,
NDG,Qiqihar Sanjiazi Airport,47.229969,123.914179,large_airport,China,中华人民共和国,CN,Qiqihar,,"齐齐哈尔, 齐齐哈尔三家子机场"
YSQ,Songyuan Chaganhu Airport,44.931143,124.552121,medium_airport,China,中华人民共和国,CN,Qian Gorlos Mongol Autonomous County,,
DLC,Dalian Zhoushuizi International Airport,38.965719,121.538477,large_airport,China,中华人民共和国,CN,Dalian,Dalian (Ganjingzi),Dalian Air Base
TNH,Tonghua Sanyuanpu Airport,42.048435,125.733963,medium_airport,China,中华人民共和国,CN,Tonghua,,Tonghua Liuhe Airport
SHE,Shenyang Taoxian International Airport,41.6398,123.483668,large_airport,China,中华人民共和国,CN,Shenyang,,"沈阳, 沈阳桃仙国际机场"
XEN,Xingcheng Air Base,40.580328,120.700374,medium_airport,China,中华人民共和国,CN,Huludao,Huludao (Xingcheng),
YNJ,Yanji Chaoyangchuan Airport,42.8828010559,129.451004028,medium_airport,China,中华人民共和国,CN,Yanji,,
YKH,Yingkou Lanqi Airport,40.542524,122.3586,medium_airport,China,中华人民共和国,CN,Yingkou,Yingkou (Laobian),
